roster_rank,program_id,cell_identity_sha256,task_identity_sha256,task_id,seed,generation_id,condition,required_entry_point,evaluation_source_sha256,original_diagnostic_phase,original_diagnostic_exception_class,original_termination,original_outcome_validity,machine_census_roster_rank,inclusion_reason
1,00227845900dfa7dd96b61bef5d30b83f583ff6576a9846c8b20c41fbbf5ffc0,a06cd58d37e009237510cc4b272e02c8b5178e129f053d58be743d5f9d8ecd2a,377fc2cd6fc6ce9172ff7701092debaba8d3f38940a7ea729f63bd438c1478f4,Mbpp/576,55,ba4a69f08e7e28b30fc37e1fca918b47d3ca6e70f2cb42ea2a157dea5f12b7f3,Candidate_B/H0,is_Sub_Array,bde4ba2e207bf521bcdc12231fabb9fdddbf28da3ed14bc182bb9cbafe04bef7,completed,,returned,PENDING_REVIEW,1,remaining171_minus_module_exception37_minus_multiple_signal13
2,0289530320e18702b3707c97e303a554dad0bdbb69b4aa25e0a3382ec2da0e89,83a36af48b8a08051d0b7c7255762e8b93d5b74f74e214ad78ea0874d59e051d,867ea504cd6b1711dbc45d13aa19f78263b0e9274a7b43dc85cff3caf77b31a5,Mbpp/279,44,4663522009749453da36edf9064513896dd1f646b2b53a9aa032d69769ac5ac6,Candidate_B/H0,is_num_decagonal,7f234af80d27dcd88170f9361953d4bcee45c38a131a0d2b18b4a91d3b481955,completed,,returned,PENDING_REVIEW,2,remaining171_minus_module_exception37_minus_multiple_signal13
3,0490b9359595e547cd1f19b993b279e4771e6b010b486895ef005aa327ec6ba5,c5d9b3b1aa42f7f63ffb83f41f290af87c771abb0b6eb6dd11aeabf88fbd5c86,1dd9b489197fb8dc6dad6a62c34d3715eb86133468091fd186a5e8192abb54ba,Mbpp/440,33,01a7ae841114b20607a641c85d6b7879f91e52e074819a5dd1aa93caae42da99,Candidate_B/H0,find_adverb_position,7b858336dd34fc3f518696fbb9ebda4548ae1080a0a66589c0b3ee5edbe57c30,completed,,returned,PENDING_REVIEW,4,remaining171_minus_module_exception37_minus_multiple_signal13
4,0c4c8a0096c96cacc5adea93589cc74bc53fcb5d9dad02c7a7e9a9c51d830483,fca03d4620eeac2dec66c0b3e719da2bd9c5b8e61987fa827987be7ae3bdb8a7,c90f4209d4899c50d57432bc86676eb740a9746aca6d4cea7be02269ab5ab6f0,Mbpp/735,33,c4a3b915b5203c3aab367173257b78eed0cc2f5afe46160c8316573628b73daf,Candidate_B/H0,toggle_middle_bits,c835b4729ae864ade8bf2b2271b5675e1e1ddf8bff639d4c5a6816aefa56f460,completed,,returned,PENDING_REVIEW,6,remaining171_minus_module_exception37_minus_multiple_signal13
5,0c9f29239bdf609a6306524184cfbb830eeb41becd9d31709931fb300234c7a3,31b792cedea418c685922e45dd67a843bf2ee51d06ab109510bc469dbd5f47eb,4350e2e93381b2af82ef1928288b20148c92ea23bfa83a14939df05cc5d3ef04,Mbpp/769,55,8652f233807ed0a7e5fd6fdfe0f7304794b23de15e6241c53271b60062f1e905,Candidate_B/H0,Diff,9c73960f4d24aa953a7530bc6e3411f71d38f0ce414fc1fb21b268e1d23edd5a,completed,,returned,PENDING_REVIEW,7,remaining171_minus_module_exception37_minus_multiple_signal13
6,0ccf0f940c52dbf90d4e25aa554e4a6cf41703658cc8dc88f380d32d585b7d45,c80fee2aec54305a6a1b0aa894d37662571ae757d40d92590bf6c21c68444104,867ea504cd6b1711dbc45d13aa19f78263b0e9274a7b43dc85cff3caf77b31a5,Mbpp/279,22,42c3b73409888f22a4941f12d5528c1fd343c2f14c56b9e1211f2f4a34a56e27,Candidate_B/H0,is_num_decagonal,3fb5142fe7892eb080a2af51a0235c875d9c2575d142822e680b79f0a31cf2bd,completed,,returned,PENDING_REVIEW,8,remaining171_minus_module_exception37_minus_multiple_signal13
7,0d1b40c698eb61156fcd8273761fdde26c3a55ea65bd7874bf4c5dfa7bb15b57,81f83873ec0fb5a7103afd503dc25cca61aefc6326593d9933a0164e4d1d79c8,55848b4bf9efb65240be334730d17c1b44c4c4497f73bc3c091764df8df9f471,Mbpp/771,11,9cfdee17e89d3038760f68c4e1561de5fc2c4d9fcd7145afee73a5494c3672c5,Candidate_B/H0,check_expression,37940ebd2d5fa967f199890cbfd470ea482e27a0bbd8ec818d6fe6a10d072dff,completed,,returned,PENDING_REVIEW,9,remaining171_minus_module_exception37_minus_multiple_signal13
8,0f51d44f44faf38d9fbe794eb4c86a316809d300c9a5e206289d459bb71cabbf,aa300eeb056475fd4aaf76bb1d25719d7469c63cfa8e22ecc569a3d274c205d5,5565bf7df6dce4c0b3f1ebc1d91f3a64326a4292315a5d006c22bd6b99ca7e76,Mbpp/748,55,b569e0183454533c932e9598e668d1be68ab97a426d5823cec143ad7a4bcab0f,Candidate_B/H0,capital_words_spaces,66ccd8ac06dbe7c67b87a3527df4b78ac9f4ad798adc70efbe5634596f2d4f89,completed,,returned,PENDING_REVIEW,10,remaining171_minus_module_exception37_minus_multiple_signal13
9,12179f714d4beea5b64235cf46138bb8095c7170101cacbc268dbb8e53ed2f1d,7954722ad72657bceb71c62d2da95f427d04d6805cae1a8e2f51f080a33484bc,2ac22efb777935c19415042e4e71bf70f27801c483086fe3f503dd78fed51ef6,Mbpp/435,22,701662c0f8c681bb2c30b625302cddb104a9a45b90b3a4f473023f6b85d568eb,Candidate_B/H0,last_Digit,3041fbe17ee9320a111716daf315be599d97e58241592434cc0b6c4c196cc84e,completed,,returned,PENDING_REVIEW,11,remaining171_minus_module_exception37_minus_multiple_signal13
10,151a1b3981da65abb7a94e2b2acac6491de4d6ad470da3c006f94b9a85273346,2ccb79dac76058aec69641c1829ce8f85e05dde153869cbe71776510180bc683,7220d4b08e4e3b264e23e870bab5ad2bb564856e885a99c589fa1f6b8cc757c2,Mbpp/125,11,2e9038b7a721c7138c3b5fa0df58be913a9ce2a59b61d65a2e6a7951153f4bc5,Candidate_B/H0,find_length,1251372680e466490ba6c5c2f79d4313981ebe25e5709af7583b2c7ad0a1fcf5,completed,,returned,PENDING_REVIEW,13,remaining171_minus_module_exception37_minus_multiple_signal13
11,1538fce8f0da403922caeaebb8afd96d129f6faf80378266f3b689bcdfd7231c,aa9f8483a1a5b674a7aa3302668b6084c9bac53a6aa95b977baf94acdaecdbfc,55848b4bf9efb65240be334730d17c1b44c4c4497f73bc3c091764df8df9f471,Mbpp/771,44,90f8a157b7a7e828fc8974a62850133b4783aa868793dc5afc793a5f54fe703c,Candidate_B/H0,check_expression,c2e0f9035e3c95667299ee69a78ea21f52b32cfc77fa1c870f729e4257524dca,completed,,returned,PENDING_REVIEW,14,remaining171_minus_module_exception37_minus_multiple_signal13
12,15e92b97d59405977ea60125b6561bc1d30dd262ffe10eef4db8220e844f0345,9842778110ccdb37cb4e8dbf81ed2f0f53e26e00e0719190f07a4e77f6f60551,66c65c1ab4c7d18af51e33ad9e82728fed2a2059f1285e803290eee623a18fee,Mbpp/786,22,bf9129de9270a9fabe4ddb7907da9ba4088f68d10b3699b79c99b19197051a6f,Candidate_B/H0,right_insertion,c56bec069269094d467466bfb56701887b576de490367dddb8baaa35815182d9,completed,,returned,PENDING_REVIEW,15,remaining171_minus_module_exception37_minus_multiple_signal13
13,165c873221f996a992adfe426b96e62865dddc2407ce93ba89df3ea882dfac54,c4bcbb8729f6f74581ec1e93757246cebabd8f8f89135fc1cf08330419d322ed,d205dee40d6dcc401e0d5ea0101580268e94626a441d6a7816a4dc1dfa7c1a11,Mbpp/742,44,832eda7093a9ae46c37b98e3b19fa2c495eef40cfc3a39ae6ffea4e66dda00fc,Candidate_B/H0,area_tetrahedron,f4490808899e16947fcb70c38e43256419b4ea33bf5b57630cce463b73f54ea9,completed,,returned,PENDING_REVIEW,16,remaining171_minus_module_exception37_minus_multiple_signal13
14,190a6f4d6f37fc027ca4c750047f26410391c75504d986687ffa4e4fdf237f7e,2bfee051144ead6e726cd8214c5b661cf5bf3b2bb86698fc4f77925bf103b331,83b96fea082e3d2d03cf2781d6fab732576ab3827318986eafa4e2404dc1d167,Mbpp/67,55,2590acff6a6a429bc277a0a82a7870eb1c7c04ba83df33ad4a394c29c815d274,Candidate_B/H0,bell_number,9946b578d60a114788e8ac175df109e7d629a951635ce75d76080141ee58bfc0,completed,,returned,PENDING_REVIEW,18,remaining171_minus_module_exception37_minus_multiple_signal13
15,1ad9aa1f3690e77628cb0d4db2bb1e46e3dd763ff73a464291e3f095b9f6a3cf,c22299cf0adcde1707569d3e388d01dcc783a0aa96c72e274688ca692c73ebae,4350e2e93381b2af82ef1928288b20148c92ea23bfa83a14939df05cc5d3ef04,Mbpp/769,44,3d5099bd1ba1eed7faf60e1733348705400eaab7e9d844f71a9dcf3f1f4111df,Candidate_B/H0,Diff,7e067b71e0cd260f7c2ba23fd3b8f280dd5b511a20ff2f6fed78cd3454727986,completed,,returned,PENDING_REVIEW,19,remaining171_minus_module_exception37_minus_multiple_signal13
16,1c39a49b4005394ebfe1338e37cfef9e9db2b71dbd3a6114c1b0fda88ef8f4c8,d78c0e4fde7bf7e9341dddecd2df36323d61f4bb392f450b2a477423f4ee74f2,fb2969d5954cdb453ae065e45985e8a821ba6c2aa6958f9d3dcfbd02ffbde94d,Mbpp/626,22,9ddff89673b02d42ddb40bb9145ff5a46e365a77305d5b2d1fa8f39798c13be1,Candidate_B/H0,triangle_area,a7db692b8a457772cd5de5bdba244629d0a83fef5d604188d679a961feb2533a,completed,,returned,PENDING_REVIEW,21,remaining171_minus_module_exception37_minus_multiple_signal13
17,1e808b1c61f92345c10814778fbcbd28d5a2234c3503895c07c7e7fd52af0818,b28ccf984167c24533abe94c4a3a01019c1b94038c47d28c61157d610a5c015f,aff7897b4057e987932cc8baa5bc0cb44288f0d9ed782184ffabd99c1380dd91,Mbpp/581,33,bcb00b1533352afdea05cfc018c08e5d5400e07ef21948aab9b465a86f63b558,Candidate_B/H0,surface_Area,4502e67982160d2ed533538a8753ab3de0e8057eea4e4e0961287e41c4e80a40,completed,,returned,PENDING_REVIEW,22,remaining171_minus_module_exception37_minus_multiple_signal13
18,2007ec98d098057747bdf3975c81264c967ff76547d3bac23e622cdfe8571bf6,6f8cc229ef77387402488ef7ed8f0e55c2221b15eb8f46ff8e31f26087cba48e,c90f4209d4899c50d57432bc86676eb740a9746aca6d4cea7be02269ab5ab6f0,Mbpp/735,11,3850701e656456e3833dbf6114998aae97e0ca62fb4e97a5219e00ea3f767d9a,Candidate_B/H0,toggle_middle_bits,ff7f31185ad75fda32cfcb8f8e4e2320c6bc74a05433c278f0c62f6d4fc4223c,completed,,returned,PENDING_REVIEW,23,remaining171_minus_module_exception37_minus_multiple_signal13
19,252857c7146e4e03a3ab17d02333bc99e89b8b38f5ed12e1c1a6f8ad88707eae,ab8ceeacb0ab3ce436de9d4cc117da459309012ef883baad17b00b1db340103c,5d17bcb1c7697ef8f8f6bd6bbb1173195495679fe5b0ef80a5fc08452c6f8093,Mbpp/759,22,70aa024e702b9e45ef0944e334101f443051c091ab6e677c7df8fb3898a358c4,Candidate_B/H0,is_decimal,bc431a9c0613f35a19b17d6c28a54bedf0fd0a2fd4cccf5ec55dc93a54e2ca23,completed,,returned,PENDING_REVIEW,26,remaining171_minus_module_exception37_minus_multiple_signal13
20,26a25fbe4008e736db5684337d5d6b744a199a2cc7319535c3ea4dd83c546065,39ab5300ffbcc5c1c6d2e7f4abb743b39b41e45cad7dbb4824543a5ad513eadf,4b1c33ab408416636a15967c25fbc262ca7acc648521e8a73e9993030faa9806,Mbpp/99,33,e154774d3d417c6c1a6a2c831385440d90fc81fdbf3e47a7fdda74c4f1faf24b,Candidate_B/H0,decimal_to_binary,5d42e07b73cd94f1566f80d4c314ba907073729b2db4e850e167eb184853b68d,completed,,returned,PENDING_REVIEW,27,remaining171_minus_module_exception37_minus_multiple_signal13
21,284533f93cc2a9c9012d005c206eb17d6cc6285ea8b17d997e50cb62fcabeafd,d23f22801c6c954208827d6267a5473f4bd802f5f9f9442a8a57d97c012b61cc,ad4ebc1c78cdf7331cb6493a96ea7c686586239927440759db33797cf355959a,Mbpp/410,22,b2cf1e48fd89a1facfc02e2de10792c05b0b29799466d2c182f2907804f624ed,Candidate_B/H0,min_val,06df4b9422e3c6309caa0eeaa120af4869860cc231f29d3fca4b13e79e9ac41c,completed,,returned,PENDING_REVIEW,28,remaining171_minus_module_exception37_minus_multiple_signal13
22,29badcaa34166c620978b4f621aa3856859d296e210f7c7a38561b39849fe9cc,73c16e29a765e4b6b576f22b6a7ee3d1fc274624ffb34553bd484d0ca4448556,1495ddc19f7f64ea1f2c5055841e407e1f18a929887031df690dadfdc7b6fb70,Mbpp/103,33,14880a94158f0fb436233e3c395d97ad37c100950b96217d3eb83651e9075928,Candidate_B/H0,eulerian_num,952c2d6db457afab04cb8fb4ccfe3652b4a72bf4dd0704748de34b5ac37c3107,completed,,returned,PENDING_REVIEW,30,remaining171_minus_module_exception37_minus_multiple_signal13
23,2a852f2b4fbd540de726aa6c79682744adf89211081a0bad86db8be05dca8d08,87b1ee6b938659da1a2bd2510913a8bbb2cb9fec90e693beb87918dcf9c982e5,706ef381051aefe33da34b9c9cf0c52805db8178333f688986eb32786c0674c6,Mbpp/432,33,ed54132922113af65845225acb2ffcc50e20557ef400dab3ba695c03185a649e,Candidate_B/H0,median_trapezium,d2bdc94f74255c96b50c08306634afa7f96b3000f92e22d39da28aedc1ab3fbf,completed,,returned,PENDING_REVIEW,31,remaining171_minus_module_exception37_minus_multiple_signal13
24,2c3e0315fdaee4106bde69e7cbb8fdf7a0827cfabb24165dcf6197428338d83b,6044a7692b620f4f50bdeb7d648ddcf718f3d4910ff2f1f31441bdc53da19d6b,4b1c33ab408416636a15967c25fbc262ca7acc648521e8a73e9993030faa9806,Mbpp/99,55,6b113f45d83cddf0e6f913ebbd9575fd41805fe2fbaf0e4024a834ebe99fa66e,Candidate_B/H0,decimal_to_binary,35021f5709c533772fcf66ec1ac1fab8aacaf67229b36f9264c91e9dfb85041d,completed,,returned,PENDING_REVIEW,32,remaining171_minus_module_exception37_minus_multiple_signal13
25,2c7db8ef79f3fb6f4877e45429a281e98b645f377f94b6d7912fb3d66f5847df,d8704af3cc16d7497ad40bd5936c3e767a5643a3b20d973dc7bd6144afdcd375,ef9bb68a021c16f1fe432bfd728da94269e8161db9b469e9c66fafa78b475860,Mbpp/287,55,519c706e787f21929efb217a26f372fffa36538449936e19046262cfe5c82320,Candidate_B/H0,square_Sum,ae6c09a25f6362175124006d4d507dc906c10e2c73d4e38ef11e338b56ead6e8,completed,,returned,PENDING_REVIEW,33,remaining171_minus_module_exception37_minus_multiple_signal13
26,2ce918fcbdb6d00efd2ed40243b601a3efbc5a849c1391961daf9b03717c7fba,de691dfc06c58a4a843b5fd3afef7754df3a33aeb4efe4727cd8e0b858f6d50e,ef9bb68a021c16f1fe432bfd728da94269e8161db9b469e9c66fafa78b475860,Mbpp/287,33,0c8a7f00e9bb1d3633be637d866913fc06cc271936e7e4853d32d1f7e891d486,Candidate_B/H0,square_Sum,ae6c09a25f6362175124006d4d507dc906c10e2c73d4e38ef11e338b56ead6e8,completed,,returned,PENDING_REVIEW,34,remaining171_minus_module_exception37_minus_multiple_signal13
27,30f2df90febe8769b5db029b8b00959550855960e64ef7a41e570149744cad4a,8782b317de0c3d31bea12f17f40ba97ff7908ef0b47f3e00374ae4cc704a13a7,2ac22efb777935c19415042e4e71bf70f27801c483086fe3f503dd78fed51ef6,Mbpp/435,11,92127a0b20936e9cbf112c617149a9571c0a84849f9a540860d7de6e04386df6,Candidate_B/H0,last_Digit,3041fbe17ee9320a111716daf315be599d97e58241592434cc0b6c4c196cc84e,completed,,returned,PENDING_REVIEW,35,remaining171_minus_module_exception37_minus_multiple_signal13
28,31213b4e7d52c7e2991c5a31ed8d7d24e07a16b756a5bb326348e488aba8d5e9,c11c71121411f9a9741a4c6c88215b59a291f899c1561b16c8779bc5e2822622,554d20d61ea148a15fd42e3dbfc44239258388245423c47fd76d652230ff84b4,Mbpp/633,55,e6b6a243f428008d9f87975f1f55c9e771234238a21e94598e8642aa9793400d,Candidate_B/H0,pair_xor_Sum,a44009c42fdf1f88c8b513d7800404da7a39cad6efc450987d557e23c7ead85c,completed,,returned,PENDING_REVIEW,36,remaining171_minus_module_exception37_minus_multiple_signal13
29,3162f7ce0a2214cadadba6f4903b5961215cda0f2d6eb3ea126a92f69e605640,e07a4e042fb409c3e65445e02695ce9590567d1256c1ad546705ccc577d2cc9d,867ea504cd6b1711dbc45d13aa19f78263b0e9274a7b43dc85cff3caf77b31a5,Mbpp/279,11,ff5a0ac0864e00ff37dfc45263eafe7b56cdc4ed72d43c85027f26ee1e8b0e07,Candidate_B/H0,is_num_decagonal,1e09c6044f8e42f61f223b89540df7830694bc5ad4fe32a8c131945c012a5971,completed,,returned,PENDING_REVIEW,37,remaining171_minus_module_exception37_minus_multiple_signal13
30,32d57f4a3d936a6e9c655af0f10d9b2a06578a1adedc54df98892a4d6b795bd3,e3fd6a7e24e377af99eba52bf6b30b9fecbf6c6d37a9760f9414f36266d667dc,ef9bb68a021c16f1fe432bfd728da94269e8161db9b469e9c66fafa78b475860,Mbpp/287,22,41149ffa52d6cda83eb16cf0cc11fdcf624ec2cd0978543f7e9a68cc7e25174b,Candidate_B/H0,square_Sum,30ae6b411b35d14943e1c54f2237883ff7cbb0ddaf655800fa9500ea0168ef9e,completed,,returned,PENDING_REVIEW,39,remaining171_minus_module_exception37_minus_multiple_signal13
31,32edbe1532826de4a3416eb06e43c97bc8b4687cce8161729414d2811d583c85,5ea82285e792b34508b9a86f6c413242b5b627d093d86221c7d1a5f7dc7da4e8,4350e2e93381b2af82ef1928288b20148c92ea23bfa83a14939df05cc5d3ef04,Mbpp/769,22,0d2d6a24942fea0b3a04b21d32ab90df6681d6467a6e2ad0092b2feb5558564b,Candidate_B/H0,Diff,9c73960f4d24aa953a7530bc6e3411f71d38f0ce414fc1fb21b268e1d23edd5a,completed,,returned,PENDING_REVIEW,40,remaining171_minus_module_exception37_minus_multiple_signal13
32,392899632bcf304144c5f48b7ac2120b6a200c6ce845b067a875cb427149c55a,b71af8cf5dd0a8271fa0527faa458e8ba8a3cef7b1e8de0f86bb2ce80492c227,5d17bcb1c7697ef8f8f6bd6bbb1173195495679fe5b0ef80a5fc08452c6f8093,Mbpp/759,55,916393fab66fc76e2cad50ed8f2be1938ea077c81c11c8297332f214f249779d,Candidate_B/H0,is_decimal,4635f02319c650377095cde796688cc7c3a61a08407884bccae596b4455710ab,completed,,returned,PENDING_REVIEW,41,remaining171_minus_module_exception37_minus_multiple_signal13
33,3a45ffef6c26dddc43c38babe1756cb674e65b3b7768249922aeea330cee1070,e54211cd37ade36a4c2a6d2bb5ed6c2ec2e2756e6785f618a36743842541f14b,0608a46d511a752be8354e4e887d98d4d07c5ce47ccda62a9570f536871ba23e,Mbpp/572,33,9cb4229b092ead7e55c3203375effac0b57a7d387f142a74136bae89b29fcaec,Candidate_B/H0,two_unique_nums,5e4f3547d664de916546e430068ff97295cdfb83fa156ec81f847f5bbe18a76a,completed,,returned,PENDING_REVIEW,43,remaining171_minus_module_exception37_minus_multiple_signal13
34,3b027c95ed6970ead1bf34a58e5e5968a842375728129f12e3233a5ef00aed89,8498f8272ddda6ed8b127472e6ecad575e0a0e7650d86c653cb1483c06034cf9,ad4ebc1c78cdf7331cb6493a96ea7c686586239927440759db33797cf355959a,Mbpp/410,55,99572cebe4817bebb0f69aa42504e0ee2d89a65b67c2175f1715050ba6da0a7b,Candidate_B/H0,min_val,7f61b30cfdadcfc365c6cf6daaa79170942e69f2f3c1dabf2d87ae549cdedefe,completed,,returned,PENDING_REVIEW,44,remaining171_minus_module_exception37_minus_multiple_signal13
35,3b802dcce09d236485df19d1c985675e091e74cbb5fcbf6e73f753d873f62e88,d6336d216b72d481778b0987bad329f58373eacbe048877b8b7f1f867a6f6108,c25d1fe3b2e4f6d9c3505001aad034ed972eda83d2307f5df5f3302beb594319,Mbpp/777,11,e66a188ef068563913683ec14e0670c4fb8d5df4fb40dc00644109901020aff9,Candidate_B/H0,find_sum,cb1af19e1fa01ea4684aabac3b4308abf204e5baaffe3a2b92e515ef1a02326b,completed,,returned,PENDING_REVIEW,45,remaining171_minus_module_exception37_minus_multiple_signal13
36,40c33be662bdff3a810ff1d30fdbb10b665c7d1d00a58e010245fba1f4ae091d,76fb21435bba2287224d4791aeae520e01cc8705477f1c329d67b777228b3ac3,ffcb60f9253d34d5ea7ad53b1f6d2f0e49ee79e843f459c93126e69052c5804b,Mbpp/138,11,c3e05c99bf6ac767ec69624f3fedccb1dcada4227a163f9d2249022f5da38209,Candidate_B/H0,is_Sum_Of_Powers_Of_Two,1760b0cadc1336c029f33f425db18b4c761af9da06067dc0113e7b6b20b50b59,completed,,returned,PENDING_REVIEW,46,remaining171_minus_module_exception37_minus_multiple_signal13
37,4378e8d490f8f3ec4fca63d29b42264fbfb25d6f05a847acf0868d3b54f7c1a9,7eb778e4adb4e778993a86edba725ed62e81ab0119b5aeeac9363fadfee818fe,5d17bcb1c7697ef8f8f6bd6bbb1173195495679fe5b0ef80a5fc08452c6f8093,Mbpp/759,33,57da36304b1d07eb02838d69b9f7dda72145379537c0234c6986a0d5e76b7efe,Candidate_B/H0,is_decimal,7f227ca941b3751dc9cf1c0801569df1a85f8515d23dc74b32c42dc038125e34,completed,,returned,PENDING_REVIEW,47,remaining171_minus_module_exception37_minus_multiple_signal13
38,4646a249b7fe3dcaeb8cbcfc0ce9f76bcbcdda03f74c6dd983397d8a5f0f3ec7,ef69d3d9fd2c9e47e2ad59d0a003bc25d503ad911fc6929c1c675d536818a8e5,1011b838f68a5f949295e1b53d5d87faf434b5c07de16684f4bbcf9d4f98173f,Mbpp/11,33,0ce7314e9581696fd528007606969e4d784804ee5bb0c79d5ebbea969250924e,Candidate_B/H0,remove_Occ,234c6174b14a5dc44c7c344d8777a7b74c92929f478ca764fadbac7011e0a75e,completed,,returned,PENDING_REVIEW,48,remaining171_minus_module_exception37_minus_multiple_signal13
39,4e8e311abbfa06697db20b02b810ed3b5556d46c5c19274bd64ba2b9a2766f73,b72998535337cafa6f0788b5972f0121ecb87ba8c24b6cde61909bf017341fe5,bbb0802da84d1ae60c7956ee4c7097a38f5d5320378f2f6c5e0c28c73e09db04,Mbpp/16,55,33ab984692b5b181a95850f7fd387abf093a2edd89afa67486240136f7b5e84f,Candidate_B/H0,text_lowercase_underscore,716f60b65445f9d7c81fe2ce79f2b25037c78000af9f95ca7160718f0e6dc89d,completed,,returned,PENDING_REVIEW,50,remaining171_minus_module_exception37_minus_multiple_signal13
40,53e1494c968d9de1060a6f2704a8ca57d68b803f0afb1ab122539dfdb36dd039,473356d2bad7ac968c51216ff8f6ca983befafd59e45fbbd6a418f6d6ea6ebf7,66c65c1ab4c7d18af51e33ad9e82728fed2a2059f1285e803290eee623a18fee,Mbpp/786,33,63ff9982ea56cc775354ac0a3bcf418d879387b9cfe0c45bb1dae72b0bfee3d7,Candidate_B/H0,right_insertion,f05986f0c81f3760c08b797b209b852d23dfa5ed46513e9659009857313f509d,completed,,returned,PENDING_REVIEW,52,remaining171_minus_module_exception37_minus_multiple_signal13
41,578c5bf9895c10e09e10e0c1194a2ddf6b87d783e19582571098150b36269dea,21c08b508eee0864b8e73e614838e190cbdf094e7565b4fea5f75598096b1974,4350e2e93381b2af82ef1928288b20148c92ea23bfa83a14939df05cc5d3ef04,Mbpp/769,11,3a633232a760ef424985b1f6ad16cbb3a8a75962a6e57f7bdf28c14cf2adcc3f,Candidate_B/H0,Diff,fc786c85d2c43c870eeda640acb50dc586ec39c880d8e71deda68818d8dcb2b1,completed,,returned,PENDING_REVIEW,53,remaining171_minus_module_exception37_minus_multiple_signal13
42,5b58236a8dd74781896f67d4a87859b04f6c7abba8fda28db27f116dbd4ccf8e,9dabd1f10c526ddbf3b4134596de2cede31c8bf9aef2ef7b16e6f310ffc966f7,8f76874dcbdaec3f549bcf6bc2de2a29ae5dd7de9da5da3e47061c8e5e1780d8,Mbpp/72,22,a4cf6b2de4588594aae13377739c46fce8e9f322ddb438088226be77f89ab2cf,Candidate_B/H0,dif_Square,c4bc8fad8ece36374bb4be065a76a8f423219633182f6d0a7fd3a8bd28855366,completed,,returned,PENDING_REVIEW,54,remaining171_minus_module_exception37_minus_multiple_signal13
43,5bf8a1f3934680a03fdc52a96fcca133f19f3a6885bcc6c4f81bd72ef2bdc6b4,6a474fda8107c02d822df23cbf5e06d344860896bab62d8b0886b7799787e6e9,53306d3862cde482a73943f7923a03dc960d47e2c9e1dc7df426dce2627dca6c,Mbpp/427,22,506187502c2c81165e76219b422c785f19faddea400f0039220822a63f1f1f70,Candidate_B/H0,change_date_format,5dae3e96e27121f0eac4379e191a8197de69deac81b535c454ac1bf53a444d06,completed,,returned,PENDING_REVIEW,55,remaining171_minus_module_exception37_minus_multiple_signal13
44,5c195ebd425a3dd8b06b2403e00a815ad2538d6c9f54119448a585dac8c88715,2c9eccfdac6cf4ba905f338571a5d7dc34e7931a40515062510d6c83b86e3a97,1495ddc19f7f64ea1f2c5055841e407e1f18a929887031df690dadfdc7b6fb70,Mbpp/103,22,73b9fbfbba3a0ddfc9d576b9e990af0fbb2c6415fba91883f4b3ff6f4f3c19ce,Candidate_B/H0,eulerian_num,e7f2fff34db2ef051be347d85f4d9ce6aa9491094cdace8bf2dbdccbe205adc8,completed,,returned,PENDING_REVIEW,56,remaining171_minus_module_exception37_minus_multiple_signal13
45,5e7b11eaaa932e83d0b496103cbe88e706d6b4edcbf5190b1395b7cdb7bc26a9,dcdeca11a45627cefc08c10e95293f82a9e54760056dbc3585d8ebd54fe5e34d,1b7e438753b98e24bd3e14c618137e20bdd36eed952c94d11530ff5a2cff2313,Mbpp/603,22,013c5b55ce7fb8d0a8ee482f92af705bec5babe90b372604f60e267958d32225,Candidate_B/H0,get_ludic,b5bf4678b01b579cbad8711d141e00fc34fa781b4ebd17a9df34dce599114e7d,completed,,returned,PENDING_REVIEW,58,remaining171_minus_module_exception37_minus_multiple_signal13
46,5ed7bb37b7f3170d75713428f8354054a4844c9100019b561eb00fc00144aba2,af7f8852d5a16d95d9b2753983734806437fc97e46db04a4e5208c2e57588f4c,ef9bb68a021c16f1fe432bfd728da94269e8161db9b469e9c66fafa78b475860,Mbpp/287,44,74fd8a545081c2f93c4e03ffa1727cb726d4dc430b474c9ef8552de019c08b02,Candidate_B/H0,square_Sum,ae6c09a25f6362175124006d4d507dc906c10e2c73d4e38ef11e338b56ead6e8,completed,,returned,PENDING_REVIEW,59,remaining171_minus_module_exception37_minus_multiple_signal13
47,6107650d8a56ae0107d45b67e7571175e6698d84bc9f0ede8dff58f8f4929424,36b7833a573db99ab26d948857d02631b5f5a3fe974e83f1c283c9b7722dadc7,55848b4bf9efb65240be334730d17c1b44c4c4497f73bc3c091764df8df9f471,Mbpp/771,55,7cae6d2a8f18161c1990df102258f05b7419622a7455db47b043ecb2720b479c,Candidate_B/H0,check_expression,5af1260a6ecd5d94add9345805c9ef88fdec3c3c72bf4d09fe95eb196a4262ab,completed,,returned,PENDING_REVIEW,61,remaining171_minus_module_exception37_minus_multiple_signal13
48,643332a7c66f839f75e24546129bca2d4aacf4cdbd005fce6765c2e811855238,3ae8c9fea0e8c5289b47ee54c40382831ba0219197b3d8bfe141f91a2e7ae1c3,0608a46d511a752be8354e4e887d98d4d07c5ce47ccda62a9570f536871ba23e,Mbpp/572,44,6b35dab01c93347b6b2539d9e19ff41b5c57e075c4cd0d87ab66a9f0523799b3,Candidate_B/H0,two_unique_nums,5e4f3547d664de916546e430068ff97295cdfb83fa156ec81f847f5bbe18a76a,completed,,returned,PENDING_REVIEW,62,remaining171_minus_module_exception37_minus_multiple_signal13
49,65b945dcb63cfad531df7d56b1817fde397b27f6dff98c6581a337b4c41d31c3,40a428e02157a74dbd74f918efd21d186e074260932f2c6d1a4f2ea32a5b2c3c,5565bf7df6dce4c0b3f1ebc1d91f3a64326a4292315a5d006c22bd6b99ca7e76,Mbpp/748,33,4df5cb45a4862587ac042abd2caa5ac816b4a8ae15b8bea88b526619d9fe99c5,Candidate_B/H0,capital_words_spaces,a39da894f1d65920c59b150b57dac729576980fada5a7b464dda90f96e6209a6,completed,,returned,PENDING_REVIEW,63,remaining171_minus_module_exception37_minus_multiple_signal13
50,6d29dd4ee79a526d569748360106a53eb4e80487bd7e69eefe2cb8e0e714aed7,1340d914d65a1a62db31b75d5d99d8ecbe1380a45d4ce6ee66ff082fbcdf7ea9,66c65c1ab4c7d18af51e33ad9e82728fed2a2059f1285e803290eee623a18fee,Mbpp/786,44,3c2c189694117bfc5ce037f63ea357edbfd493efafd8294641e984baecf5eb6b,Candidate_B/H0,right_insertion,56944df173dec29fc7dd4a7db739aad9aa2db83cf0a6c4e405e26c40777b1624,completed,,returned,PENDING_REVIEW,68,remaining171_minus_module_exception37_minus_multiple_signal13
51,6d322d7901db24de0d45c8ba71525e66d011932474ab8aeae274058d5f8def35,32cf69c16869bbcf5491dbef1f7f183b82d83e418d3a11dd3485e98bf8c2af55,377fc2cd6fc6ce9172ff7701092debaba8d3f38940a7ea729f63bd438c1478f4,Mbpp/576,44,3ab0dd3aa062e9eaf34b86fb0d29351d605b0eaad0cc182c6a82b73f06f8a05b,Candidate_B/H0,is_Sub_Array,33d72f31564d3871f89a913a9c97c8b1c6a859511ba048de77018a77b86ce99b,completed,,returned,PENDING_REVIEW,69,remaining171_minus_module_exception37_minus_multiple_signal13
52,6f38684ffaadcde4e2165ae9043a98afe30f777b49c3752269cec0e18417fdff,b4422da08924793610bd570d63bdb8be976bb962c48e539bb529f2c0aae94b90,df37fa63e6dfe2f11a303bdf76b3cf80bb982066d92bfa497c754e452f6c54c9,Mbpp/119,33,8c78803a2384eede330a983086652e33dc2b18a55fe31c26e5759ebfcccd521a,Candidate_B/H0,search,60870ee332e2674fc416867fbd981763c188953312014fec5a7bf842592101a7,completed,,returned,PENDING_REVIEW,70,remaining171_minus_module_exception37_minus_multiple_signal13
53,70f586aba6f3965fb1463303753ecf4040872364230be73de4b4e51b340b8fb9,2fca3bfc2a254ef65ba2134bb526eb3ea7d72cb64a01fb2ab29299a18dfe8a1a,c272e9932ce1dc358a2533892588782901a1e1b0dabac38ce47ea5c64b3f871b,Mbpp/237,44,812b0f842c6c5e4883c5bd7338a77713b94247aaa5fc9989ecccd45ecc4b5cc5,Candidate_B/H0,check_occurences,4232a0988257265f142d08fb6513e8204bbcc3ad620c2ada06b255b92b695d62,completed,,returned,PENDING_REVIEW,71,remaining171_minus_module_exception37_minus_multiple_signal13
54,71012956073b53a6d9d9341681ec221238d2d1fe8cdd2dfc5a82291b2fb7d44f,d8532d3ff609df3444cc1928efba0cf5364de6ece138aaa7da3fa9c6bc825749,c25d1fe3b2e4f6d9c3505001aad034ed972eda83d2307f5df5f3302beb594319,Mbpp/777,33,817d2fd9146a91697e0671ee5bede5b6404924bf0d901623d74fd228585ddaa8,Candidate_B/H0,find_sum,cb1af19e1fa01ea4684aabac3b4308abf204e5baaffe3a2b92e515ef1a02326b,completed,,returned,PENDING_REVIEW,72,remaining171_minus_module_exception37_minus_multiple_signal13
55,77223f4bbae7279a826f083779d37952881c8d4d61f1bb229600fefffcf4c5fd,53f1deec039eebf07aba03602a598777c7eeedc5f5928be387d2c129165e6845,706ef381051aefe33da34b9c9cf0c52805db8178333f688986eb32786c0674c6,Mbpp/432,44,887869b51163aa22c22dfc2a481ec6260e9c3eda465850d22ded4344220c8eb9,Candidate_B/H0,median_trapezium,5316b08654622c2a2c5697de4983747a25336f5ed6ffb4782a014e7b32685f0b,completed,,returned,PENDING_REVIEW,74,remaining171_minus_module_exception37_minus_multiple_signal13
56,794b418dfbb6d97af9e2062fff770e1a4c2f85140a9b42ec6cc6b6fa589eb937,e39800df80f61e9035a6501942670ace15d88c1a7d10f066367d8673b78b39ca,d24ca0269057b51456471370ec1523be0a3ab80072a4e1b081631550e2c46bd3,Mbpp/118,33,455efd9f6d12eb5a93d0f4f6a0bc30df9b82b328bb2af2ecd28c0edc9ea50944,Candidate_B/H0,string_to_list,79ddde1f1c4fb93383183e049d1e502948d9f354d7c75226d644a9d40472e542,completed,,returned,PENDING_REVIEW,76,remaining171_minus_module_exception37_minus_multiple_signal13
57,7a42d5510092e63637c51173576a5bbdd091d9fb18fbc36627f0cd73a6dc86a9,b18179a4c3b98f4d92a01fd6a535f6e8ef3f2056fc637972a463038733e8ecb0,66c65c1ab4c7d18af51e33ad9e82728fed2a2059f1285e803290eee623a18fee,Mbpp/786,11,c986ce69ac1807aa308aa433d5aafb6d89b6d500faa4b083da1cdf6fc9d628ce,Candidate_B/H0,right_insertion,c56bec069269094d467466bfb56701887b576de490367dddb8baaa35815182d9,completed,,returned,PENDING_REVIEW,77,remaining171_minus_module_exception37_minus_multiple_signal13
58,7c7bf358de0139c9688826eac3ca6414efd233291d4226cc2f656c58f9c3a8a3,a8d980815d4a52059b9178cb9cd61da6c61d25981538fcd8821cdbd59e44edef,c90f4209d4899c50d57432bc86676eb740a9746aca6d4cea7be02269ab5ab6f0,Mbpp/735,22,dd51f0374eaefc906c1c78bcd7e500804baced03c8b4eb9513d2d0cfdf6548e2,Candidate_B/H0,toggle_middle_bits,d10258400b3be7a57e1714c5ca377a05a255988df140ddf83ffcc6ba6f3bf468,completed,,returned,PENDING_REVIEW,78,remaining171_minus_module_exception37_minus_multiple_signal13
59,7e865e15f3bf0cfe4619ac724f009fa7a0d5134e1660e32f1a74469073da8824,fd2d48443692e1d2372ffafe345d4c1e508b2ca07af009d626009837fa7287a2,383f7e0dc8fec2534e96c291ed66943eb4e8d398d4863daf99b3bbd09a36bf8c,Mbpp/765,55,4cd9739ee80474d843b8914397082c97fac70338b4d2a2948e5fee3232335401,Candidate_B/H0,is_polite,8a231d3dc4d836642549037d8740873758afcdadcecb8f7d777df5f71dda724e,completed,,returned,PENDING_REVIEW,82,remaining171_minus_module_exception37_minus_multiple_signal13
60,80e9e1cc3a249dd8da36d260f934304728b7eb6a6438bdb0f851e45f47ab74bb,9b281fb9b3926030e8cbaf7c0ebb30a2726bed42fc9b96a10e985c9fcebcda2d,554d20d61ea148a15fd42e3dbfc44239258388245423c47fd76d652230ff84b4,Mbpp/633,22,30ea39bf6fcf347e245935183f657c9077daa52f75d3fc07a6301c664d42a033,Candidate_B/H0,pair_xor_Sum,8091229a4f06f27a90ff4f19e74c15f59bf1d810415db39b240f3a8a76135947,completed,,returned,PENDING_REVIEW,83,remaining171_minus_module_exception37_minus_multiple_signal13
61,81cd6f1d055d47e781e3d08c914571b1959ebc39655a00f7ecfd110508503b4e,22b562e628fd6ed91292ecef0fff928e454fb74ffcfa98e999b7a23bf8537313,53306d3862cde482a73943f7923a03dc960d47e2c9e1dc7df426dce2627dca6c,Mbpp/427,11,117a0045fa61455a4bdcecf7b429713313b0b40f31a62e79afe337d9011411ee,Candidate_B/H0,change_date_format,e620cba770bcd2fb047bc27efae8eed206cb95f8f0a5e89631dd65d5fbda3d34,completed,,returned,PENDING_REVIEW,84,remaining171_minus_module_exception37_minus_multiple_signal13
62,83b0f95093eb347659aaf335ea129890f0d3be93e35b8a532e0d7968f916e795,83dfc0876a63e906de8bb54e034906dcb42539594f4e6b1281f1c014aef344c5,377fc2cd6fc6ce9172ff7701092debaba8d3f38940a7ea729f63bd438c1478f4,Mbpp/576,11,928f469acbfc5ae6284e30d11c9cb6079d3da9de62f5bcfa89f342e2c5bb9714,Candidate_B/H0,is_Sub_Array,8d185875060d8ecc20021eea582a378ccd00e2a5901105f471ee9928748a11d5,completed,,returned,PENDING_REVIEW,85,remaining171_minus_module_exception37_minus_multiple_signal13
63,8406e78362de082453800aa627d56e53b5170bf464a7358ed301f3612aeb1ff3,24867a12c4037245abad07430c183303744cdad3fc1bcd2dbd1448b830e78dcb,d205dee40d6dcc401e0d5ea0101580268e94626a441d6a7816a4dc1dfa7c1a11,Mbpp/742,55,1ab0af16d424491f126c04369a356f39b681ccfd427ad1534f6dd9f2a9d57c0a,Candidate_B/H0,area_tetrahedron,3e66023365706e3411fd45ed91862f4388607bdf2ad1e7e75415681f9db16b81,completed,,returned,PENDING_REVIEW,86,remaining171_minus_module_exception37_minus_multiple_signal13
64,866739b5b8f57631f1a69318ccccf5b802b31f0fc38b57e6a75e358d9ef9a9c2,c16ed9ba4e15b82b9fe7dcd774a24bdf5f16a90755f12fbcfb25ce45cd8283dd,5565bf7df6dce4c0b3f1ebc1d91f3a64326a4292315a5d006c22bd6b99ca7e76,Mbpp/748,11,e5eb872b024620dcc3ae3e93a142be097d60df7fd510b00d1eb9535af3e55ab4,Candidate_B/H0,capital_words_spaces,e90098ad2d9146729054842c76873d3e89b0d2b8f064d2079219cd621cd3e126,completed,,returned,PENDING_REVIEW,87,remaining171_minus_module_exception37_minus_multiple_signal13
65,8be467a87d48ada42b452f75670c330df1e5f4a334816d133ece971a93245e51,9a5f7a940a8945d8179614fd858fb8f30d496f59b46463f11d61931bc4672ae3,c90f4209d4899c50d57432bc86676eb740a9746aca6d4cea7be02269ab5ab6f0,Mbpp/735,44,b88abc10bc005cfb412e90108d2217d8db084dd72b157ecad0659b1653bc05fa,Candidate_B/H0,toggle_middle_bits,2d509aaab032a6457998d5aa050fbc40dd8e9fc848828590618d52dda1177c11,completed,,returned,PENDING_REVIEW,89,remaining171_minus_module_exception37_minus_multiple_signal13
66,8c4a86b4c5c2dc7f2ec53338538b0859c10c4920752c5d3fe775a0332148cd44,84260197534c1cb9b3823ddc721720f63d94d04c34154f9b50b2b77e70364872,d205dee40d6dcc401e0d5ea0101580268e94626a441d6a7816a4dc1dfa7c1a11,Mbpp/742,11,5297b3cef90d468db31234a15094238e0e2cf4df7d5cc1623dddd6e7b15ef97d,Candidate_B/H0,area_tetrahedron,f4490808899e16947fcb70c38e43256419b4ea33bf5b57630cce463b73f54ea9,completed,,returned,PENDING_REVIEW,90,remaining171_minus_module_exception37_minus_multiple_signal13
67,8ef0641f265717551638f61f1daf725c93f863842cab36e6f422970e23d7f298,6bb9614447a5671030c03b27a40d4b90179658ec1d3885de21cce4f200ee996e,377fc2cd6fc6ce9172ff7701092debaba8d3f38940a7ea729f63bd438c1478f4,Mbpp/576,22,74b2eaefe9caf613226afef1c2d191f2ab834a3439dde5452ae8b3b7c437963c,Candidate_B/H0,is_Sub_Array,33d72f31564d3871f89a913a9c97c8b1c6a859511ba048de77018a77b86ce99b,completed,,returned,PENDING_REVIEW,92,remaining171_minus_module_exception37_minus_multiple_signal13
68,8f2e043d3ef8a94ec9db97c703ff778ec9a46582d481a979e5cf806434f470fc,ab3b1362ab61c4d85830ef0b6f01d188598ea0266bfff4af42e9033ec03baaef,2686444ebbd00870783bbcf6346b657fdfe6a2dc1764f566d6748b651e7b9975,Mbpp/622,22,ae43da2242c16938a41d5c0f5b141bc22c02f0dcf9f515938def40d818a7c95e,Candidate_B/H0,get_median,2cabf126d33108173ed3369c6a89006e41d9773560104bdc2d6c52f98e3581e1,completed,,returned,PENDING_REVIEW,94,remaining171_minus_module_exception37_minus_multiple_signal13
69,94ad97956f46bf1c8310acc9ba772d28e446fd47a066ac3a10c19733cdb80eb5,6d448f6ee482f0b06f544eae6aee82486a45720beb1b365a3ccf12ac4a961529,c272e9932ce1dc358a2533892588782901a1e1b0dabac38ce47ea5c64b3f871b,Mbpp/237,11,b4d3a4a3f59d9be60cdb8561b71799b9d81e24b537d4c103146d362e920cdba4,Candidate_B/H0,check_occurences,4232a0988257265f142d08fb6513e8204bbcc3ad620c2ada06b255b92b695d62,completed,,returned,PENDING_REVIEW,96,remaining171_minus_module_exception37_minus_multiple_signal13
70,988e14a3191e7bc858a23195cd2356a37acd3408f288a68fe062cc838aa4d738,35b12710bfad9bfa5a5ea8abdb9c91e900953b4200d7a37d1b8671062725406d,53306d3862cde482a73943f7923a03dc960d47e2c9e1dc7df426dce2627dca6c,Mbpp/427,44,980f91ef443ecc090871f4ca238f1987b1e71219d9b687ad55e57e3d902007b3,Candidate_B/H0,change_date_format,e620cba770bcd2fb047bc27efae8eed206cb95f8f0a5e89631dd65d5fbda3d34,completed,,returned,PENDING_REVIEW,98,remaining171_minus_module_exception37_minus_multiple_signal13
71,9ad0aec70e9293ceb0bd48dd62d61cd09be24b487b3158726bf9b037a4c72d20,9f19842ed34c05829437885dfb23561a4fda71695b5f5c8c1534ccc1928ee182,554d20d61ea148a15fd42e3dbfc44239258388245423c47fd76d652230ff84b4,Mbpp/633,44,11f8cd859618dd283e5e5021045c23ddbad887b18ea0e62aa21a2309b0d8e9aa,Candidate_B/H0,pair_xor_Sum,0bf3841b521e73bf38c8d932108b3f2bbd2598b9a557d4c021ccc680fa781fea,completed,,returned,PENDING_REVIEW,99,remaining171_minus_module_exception37_minus_multiple_signal13
72,9cecbec0d7bbabf0c9111cd5a25e8a8bf100bd34a82e191b68129e9bbef557a3,843c0bc687467ac48c49abce0adca2ceafd1d7794bc16ff79052f1c9d3fc515b,43e172f8899e9bc893b8bfd521ea0c36e81b03dba3b999a0a838dbaccd854411,Mbpp/620,44,272e426eafdbe3dbeaa178806cbad144e6f23d5a8ec4d8d3495b89f6b6d32e8a,Candidate_B/H0,largest_subset,836fcfdf6d445da2563a21a147687e11df7eac6ae4f9fffd26710f42d632f976,completed,,returned,PENDING_REVIEW,100,remaining171_minus_module_exception37_minus_multiple_signal13
73,9dbe9166f6ac22cedfafb269276c88ee25a37cf84044e736f7be00d8089464ba,f990caa97fc4b1447cfa35646de2dcce481e8f847e51c9507abd8c0b9adf4cf5,c25d1fe3b2e4f6d9c3505001aad034ed972eda83d2307f5df5f3302beb594319,Mbpp/777,22,2bd3c65cc097133d799a95e6270abe507512c4da91c3781ae9a7b4a4e28db0d5,Candidate_B/H0,find_sum,cb1af19e1fa01ea4684aabac3b4308abf204e5baaffe3a2b92e515ef1a02326b,completed,,returned,PENDING_REVIEW,101,remaining171_minus_module_exception37_minus_multiple_signal13
74,a2dc45257f6a71f7d31a1b9dd5c14e57129eefbe2d06e48dfa1ebb6199e88be3,7a995724835a6cdd9ab35c5a9a5b13f6709ba65736191b99be0d4f62176a412d,aff7897b4057e987932cc8baa5bc0cb44288f0d9ed782184ffabd99c1380dd91,Mbpp/581,11,59b8362e6f76f74610fbe2fb4d8f0d08cf73a549e8c66ed64f45d82c5aa7f2d4,Candidate_B/H0,surface_Area,1e100872ddffd60da980697ea0907ac77572d7c8d6446138ba0abfd3b3afb444,completed,,returned,PENDING_REVIEW,105,remaining171_minus_module_exception37_minus_multiple_signal13
75,a4fb31fb0a9e1c4080e4c75cc53a842c29cfd030ea1cd5ba7d6f29a34bd605ee,6895eb6c891d360a719f45a565c59db90cc2a4abcb23c31e2d5b294299603f68,ffcb60f9253d34d5ea7ad53b1f6d2f0e49ee79e843f459c93126e69052c5804b,Mbpp/138,55,17eb07505372f3dbc6e8c5fccaee184705dded1b89453ef2a5208d6598b59ce5,Candidate_B/H0,is_Sum_Of_Powers_Of_Two,c372761f36477131b571012670731979310bc92b70e635ae5d23d829efa0cd72,completed,,returned,PENDING_REVIEW,106,remaining171_minus_module_exception37_minus_multiple_signal13
76,a63f9d97cba10e46cb00cd363e9f3de9cec93661af43258ddfd7f9deda1dae91,1df0c8bb6adddd65adb92e94fd9d23b782f6cb26d5bffb6a4df978c96084a9d9,ef9bb68a021c16f1fe432bfd728da94269e8161db9b469e9c66fafa78b475860,Mbpp/287,11,5652babbb5e65456dab681f6c0c704a0481e1b1b55a6b7e6ca9b13b2ca5112b2,Candidate_B/H0,square_Sum,ae6c09a25f6362175124006d4d507dc906c10e2c73d4e38ef11e338b56ead6e8,completed,,returned,PENDING_REVIEW,107,remaining171_minus_module_exception37_minus_multiple_signal13
77,a6a4398773853bd405ef18d191a8182c599b3467aabc2b417f070a11fc93044b,63b84dfb1236589e70f8844624f69f6a0f0e9ae50419969ae400cd9ef8f14b21,377fc2cd6fc6ce9172ff7701092debaba8d3f38940a7ea729f63bd438c1478f4,Mbpp/576,33,35520ce62a6f6847970c2150fae11f3d3571f3a52eec488bd2715b005e508803,Candidate_B/H0,is_Sub_Array,33d72f31564d3871f89a913a9c97c8b1c6a859511ba048de77018a77b86ce99b,completed,,returned,PENDING_REVIEW,108,remaining171_minus_module_exception37_minus_multiple_signal13
78,a6b26635210ce9147ed93f1b67d5770d814ac10f06a4819332de022287d457a8,0a0200ca0a5c129ac66741f4d1539a09c128327f1db6d24926fc7cee43d0fb24,66c65c1ab4c7d18af51e33ad9e82728fed2a2059f1285e803290eee623a18fee,Mbpp/786,55,5ddb7edb35e1e6af988f69728e2f0af79f65266dbc4dca9d21a216d78762f88c,Candidate_B/H0,right_insertion,4c96bec37a7b887ab6b25f6083598a27fc0ab5b2b6a8a04b794ace9247bc93f5,completed,,returned,PENDING_REVIEW,109,remaining171_minus_module_exception37_minus_multiple_signal13
79,a6f3b32f10e03fb5ebe7025f863b1bff932bf5459b3d9aae070a3497d37ed62a,cc5968165ae1f3b1203b4b1e26a86e9747e1c27f1520d4dbc521458644ab2560,df37fa63e6dfe2f11a303bdf76b3cf80bb982066d92bfa497c754e452f6c54c9,Mbpp/119,22,3084416fa6c5f8ac9e8cf51d2d4805db9b4da2df88d5efb979855d277af09119,Candidate_B/H0,search,375577b78614df12d4d2d234df1242cdd765157a3899a860380824d84bfb7e45,infrastructure,WorkerProcessExit,not_run,INVALID_INFRASTRUCTURE,110,remaining171_minus_module_exception37_minus_multiple_signal13
80,ad4c43603b9f8b7f5b6a3a777940c6c799881fc2fb043e193e3237bcaf3af7f9,e14323a5124c81f25e7463c24a0fc1d351bfdf8533849b97af702d996908e5c1,1495ddc19f7f64ea1f2c5055841e407e1f18a929887031df690dadfdc7b6fb70,Mbpp/103,55,80a8b95218d634c5f9cb57c3dcdb759c95a43340126fe2214cd30b242b4bd1ef,Candidate_B/H0,eulerian_num,c528903756f472e1fe7154bdef2d19b3f23b851ca42f5a0d0ff04856cc685faa,completed,,returned,PENDING_REVIEW,113,remaining171_minus_module_exception37_minus_multiple_signal13
81,ae0ea3edc7597b91f18d21dae1503c2333353a0b9686af9742afd8e1f056e10a,e6a43d41f541ecd6759cfff0ba9f05c9c9c92fb816db866b9372a33a26f231fb,ad4ebc1c78cdf7331cb6493a96ea7c686586239927440759db33797cf355959a,Mbpp/410,44,975a10b5af9d84128c3e28316b6d4a8b89038f6fc69cced613813a75a73cac39,Candidate_B/H0,min_val,6598d591b790f2b6274311114905405631f407a001853c917da18151f6211810,completed,,returned,PENDING_REVIEW,114,remaining171_minus_module_exception37_minus_multiple_signal13
82,af469fe5ae58e9b111c2a5b1d78741fe0dfb9ed0d54b43f939e23ae28c87bcea,eccbcae14c5f0f675a8ac39bf59c6ae697ade7053870dc772ba46d61821207e3,c272e9932ce1dc358a2533892588782901a1e1b0dabac38ce47ea5c64b3f871b,Mbpp/237,22,7a4390fefd00f5f48d45afa450de0974767546e29d477a6f74b81003b173590e,Candidate_B/H0,check_occurences,c133f830767237f66da751a597b7ec3b19c7039eb88edb13dc9611bd5b9dca0b,completed,,returned,PENDING_REVIEW,115,remaining171_minus_module_exception37_minus_multiple_signal13
83,b63e3c913c74a74a79cca769520da9b92a2d6bcb640882d2df8a189812e67ef6,39b7ff9ca018f42ade578c6f5da42b4320ed73a0588ccd00c37407313cacd616,ad4ebc1c78cdf7331cb6493a96ea7c686586239927440759db33797cf355959a,Mbpp/410,11,e03f2c7f48666b3f14c1d527cbae2b3ac85a19471d2fe167d6c916017ef2344d,Candidate_B/H0,min_val,7f61b30cfdadcfc365c6cf6daaa79170942e69f2f3c1dabf2d87ae549cdedefe,completed,,returned,PENDING_REVIEW,117,remaining171_minus_module_exception37_minus_multiple_signal13
84,b677e7ee4faca0108c29317a74d6acd3c5f699de647fe062c61ad5efc6dbb2e5,aa7fe1e9d2b221dbfdd356772ce9c454cb22c0d44d9881029fc4d1587f28a1de,5565bf7df6dce4c0b3f1ebc1d91f3a64326a4292315a5d006c22bd6b99ca7e76,Mbpp/748,22,4d10568b777bd459ba84b93d0968e12257622ddfc57fbefb89565dfd56bcd4d7,Candidate_B/H0,capital_words_spaces,3be5279fad8d88ccd74c20a43ade6ea38016287d64772325a78e524f4ae9e798,completed,,returned,PENDING_REVIEW,118,remaining171_minus_module_exception37_minus_multiple_signal13
85,b977ada54f0a13704e4e0f3507761d860242d6b745c9d9f44e0750c972d28e2c,6ab47cd5276f3de2583496c8dcb360bc024c116fee3c51084e12955f82978e4e,4b1c33ab408416636a15967c25fbc262ca7acc648521e8a73e9993030faa9806,Mbpp/99,44,17cea48e18c5bbe4fa439c7b4872815515f35f9f8467186d7e1757cba8a4f97f,Candidate_B/H0,decimal_to_binary,5d42e07b73cd94f1566f80d4c314ba907073729b2db4e850e167eb184853b68d,completed,,returned,PENDING_REVIEW,121,remaining171_minus_module_exception37_minus_multiple_signal13
86,ba78506a3e44c95de2ee2e90bcfbebfc58b91703227e9ec65aaf922d046c31cd,6dbfd61b687633646a0df075291426241b9c44f46153d0770573ae1d9708974e,c272e9932ce1dc358a2533892588782901a1e1b0dabac38ce47ea5c64b3f871b,Mbpp/237,33,b7b3a388e3f23341206d183eda4ac82f10bd2c31f547c98ab80c421cdcb6112b,Candidate_B/H0,check_occurences,4232a0988257265f142d08fb6513e8204bbcc3ad620c2ada06b255b92b695d62,completed,,returned,PENDING_REVIEW,122,remaining171_minus_module_exception37_minus_multiple_signal13
87,bbcfbf7cb6786406b7dde275f718e2fcc2b980043166bfc200703d5cbef2b8dc,ebcb92e0b808fd8b1d94f96b4d6d038da28bab2f431f191bb1e6ac586d224796,bbb0802da84d1ae60c7956ee4c7097a38f5d5320378f2f6c5e0c28c73e09db04,Mbpp/16,44,2e3dcb1fb00ddfcb1f777ba801a15c69f1caa2723f33ea9c949d911db3369843,Candidate_B/H0,text_lowercase_underscore,d15d4edc70c54f81e92cb072b1661a325d33768fe011b3348b1df66ae0a3107a,completed,,returned,PENDING_REVIEW,123,remaining171_minus_module_exception37_minus_multiple_signal13
88,bce7d06fe15d627115b96c241688d603b61450245867becd7f426917dfcfa2a9,360a2c67148106e27b0843679632450b896475ac92f1ffd64379bbb3db883d0c,ffcb60f9253d34d5ea7ad53b1f6d2f0e49ee79e843f459c93126e69052c5804b,Mbpp/138,44,6b1780ad7f13b00a3fd21a899fe76a9e56682776b50c523b8dbde67d2dfbe9e7,Candidate_B/H0,is_Sum_Of_Powers_Of_Two,c372761f36477131b571012670731979310bc92b70e635ae5d23d829efa0cd72,completed,,returned,PENDING_REVIEW,124,remaining171_minus_module_exception37_minus_multiple_signal13
89,be02f058d52c050cf5574665a7ed4d56e20d6afde2ef686be3c6c59cc8878352,1f4e9f5e17acec093ee41fc4fe86b3ae27b521a5859f2085523cfead8a2ebd25,8f76874dcbdaec3f549bcf6bc2de2a29ae5dd7de9da5da3e47061c8e5e1780d8,Mbpp/72,11,27b277660192f42dbcc576e8d792e86670b5ca1c6d2d46d94fc8d9882956e611,Candidate_B/H0,dif_Square,05355fdab3c38a38d24107c09555a4612c688211b4b41c683d4cabb3a5e218ed,completed,,returned,PENDING_REVIEW,126,remaining171_minus_module_exception37_minus_multiple_signal13
90,bf89a824ca07792fc9d14d89cd30b82b2d94122c012226a5b6d6519f19d60cfe,c3ae1f243b6163aea793b5487d48a94d8aaad6356c30b6641c8bb406f4091d01,4b1c33ab408416636a15967c25fbc262ca7acc648521e8a73e9993030faa9806,Mbpp/99,22,4d94d7b98233ccc9c1d3b7b62e4ca84e7ef8f9925b4b7d995f46dc73e500338d,Candidate_B/H0,decimal_to_binary,dcbff47648a49899f678bdd5dc8b310ab600a5f4b0eefda8103982d28506dda0,completed,,returned,PENDING_REVIEW,127,remaining171_minus_module_exception37_minus_multiple_signal13
91,bfa80269cd8ac74c1987bbbac1e79a24054e0e85f65cf1a4afe972f89b56e57b,0b022ac7499d438587247188eb4d83ed24b12b30b34aa9ca0a4bbdf643cb4e85,1495ddc19f7f64ea1f2c5055841e407e1f18a929887031df690dadfdc7b6fb70,Mbpp/103,44,2f8d29f4c3ca7e3ef8af0358f31ffce11b38290a57a85c4d351c29c4cf2a857b,Candidate_B/H0,eulerian_num,ee91cbd1e4e843a20ad5e517135995220881374956c3be0191c2a442ddafbd77,completed,,returned,PENDING_REVIEW,128,remaining171_minus_module_exception37_minus_multiple_signal13
92,c1a7d197c7708b5d9494be779a7ed9b43d38dd7e02feba17c9ca255fa9a9b9df,1807b80850bd5e68dd5e691a35970cbc8a713d678d186a05ed17b666da2faeed,4b1c33ab408416636a15967c25fbc262ca7acc648521e8a73e9993030faa9806,Mbpp/99,11,63eaaf545845bc24c3b6e80422ff8bf13fe83d7c5926e7e54532c904641b56dd,Candidate_B/H0,decimal_to_binary,5d42e07b73cd94f1566f80d4c314ba907073729b2db4e850e167eb184853b68d,completed,,returned,PENDING_REVIEW,131,remaining171_minus_module_exception37_minus_multiple_signal13
93,c4f9f49c8d060762aa98890c7ea383334cc4f4a5aed06d1f105f579dd9a9097b,e45f863ee86fd661a608ab496bcd1095e0372e264aa30f85de3285b1f9558528,5fe47e51f6115c6639be31174d77d1dc5e772d5a65373f8e4a30e3dc50b8a367,Mbpp/792,22,88248421a563904a8e0936d26749fc5c2e2d47741d0e308e6a6801850adef108,Candidate_B/H0,count_list,9205d79d1366bd90e2bd487d3a9672929424d9d3f14d5e5eebf59dd117bce979,completed,,returned,PENDING_REVIEW,134,remaining171_minus_module_exception37_minus_multiple_signal13
94,cd5cfd344314f6730c9a7f680d7dd55ffb98b7b3562126fbe7929ed3b8ca636d,67d27f7d5487a3330f660c5e805260f58bc969b1e4f4b11b7458164fa9627209,5d17bcb1c7697ef8f8f6bd6bbb1173195495679fe5b0ef80a5fc08452c6f8093,Mbpp/759,11,c42cf1fb81fcc418c9d089ba2b0f3b5c3fc632377755cbf4757881e1bf0929d9,Candidate_B/H0,is_decimal,8b7af8104501d5bc47dccdb750b4e89120dd129943825a9f042e126f41461a2d,completed,,returned,PENDING_REVIEW,136,remaining171_minus_module_exception37_minus_multiple_signal13
95,cefff3d8a490047c757f7779c27204cf684a5b89df2223e5b7b447475b3f30af,7f4bce3588e433594bd3ce0e9d2789dcfe27d272d53bd461bc5327ba8ccbaec1,bbb0802da84d1ae60c7956ee4c7097a38f5d5320378f2f6c5e0c28c73e09db04,Mbpp/16,33,dc6a03edc62dd1e34c04ca192cf81ee3b0b1c51b83b570c6ab3261e5423e0f7d,Candidate_B/H0,text_lowercase_underscore,0c9c6d018c5f879ed65f6d09d29f100d7f5e8a7f6af06aade78a0db7203aba1a,completed,,returned,PENDING_REVIEW,137,remaining171_minus_module_exception37_minus_multiple_signal13
96,d0e24140080d838b0fa411a6c6fbf72fd3607bd41044aa70a54a3dc5a2652917,f4bd543ec38cc80a1c41f729031320d6cf3d3504a27a78d66ea893256171b1eb,43e172f8899e9bc893b8bfd521ea0c36e81b03dba3b999a0a838dbaccd854411,Mbpp/620,55,b91900d186966011841f004a74c103278866a78615b7f4fb42f9c1e0644c7a8f,Candidate_B/H0,largest_subset,31bc00bc41dcd58298694791e3316d4bc07d45ff1fe767ac8dd03f0e24c2a7c3,completed,,returned,PENDING_REVIEW,138,remaining171_minus_module_exception37_minus_multiple_signal13
97,d10c4c3a33cf290555e5024a1d00fb1c827d72ea862ad8e9e70f618e6665cdc1,bebc9d4517eb814ebda7c97c58437ceeac779e888b03f9cc158b87d2621a5556,53306d3862cde482a73943f7923a03dc960d47e2c9e1dc7df426dce2627dca6c,Mbpp/427,33,a895659a05497a2dafe9c82ff186950aa3a8035f744840c738902301f5787c0c,Candidate_B/H0,change_date_format,e620cba770bcd2fb047bc27efae8eed206cb95f8f0a5e89631dd65d5fbda3d34,completed,,returned,PENDING_REVIEW,139,remaining171_minus_module_exception37_minus_multiple_signal13
98,d6cc3d6bdcc0be8b24448e7ba5b9808a9e505adf3b7dccbde8d30259c2d18cad,b77bdc9f23f0358a534ae4a83548b6715d981aaf6508eee5b7c110626faca8cd,aff7897b4057e987932cc8baa5bc0cb44288f0d9ed782184ffabd99c1380dd91,Mbpp/581,55,6097f7960b2b469fab190a3c5bd476f2bf9d3fc41f8716d74f09b37dc690a602,Candidate_B/H0,surface_Area,effee1ae7fc2e727562ee98af5a2181c3f49940bb611e219dfbd25fa4451abef,completed,,returned,PENDING_REVIEW,141,remaining171_minus_module_exception37_minus_multiple_signal13
99,d6e8952a09372c813254372d7efdba2f1a1f9ad01529ec71bb61af90062df885,c3fca0ce50613b11b594fe830b547bc66579a43a2c158c7b3218e4e8cec5e76b,0608a46d511a752be8354e4e887d98d4d07c5ce47ccda62a9570f536871ba23e,Mbpp/572,22,a259600cf3e1a162fd3c46b18ab3f5abe32c52305b340ae6bf1256137ef29ee9,Candidate_B/H0,two_unique_nums,5e4f3547d664de916546e430068ff97295cdfb83fa156ec81f847f5bbe18a76a,completed,,returned,PENDING_REVIEW,142,remaining171_minus_module_exception37_minus_multiple_signal13
100,da311e11ff87b49bcd2ed4eb7456c07e4b43560eb1890a9a1d1e1bfcc2d8ae54,cffc1b0819f84e4bf908fd407066e1a41553788afdb4698de54a88c730fa5a93,2ac22efb777935c19415042e4e71bf70f27801c483086fe3f503dd78fed51ef6,Mbpp/435,55,1bdc1084314123f398ac45da210aff3ddbf755e38aa73a1db39e2b37eeed7d28,Candidate_B/H0,last_Digit,e37ad719f704312d17bbe9173ff836e4df9e3893248cc0a4f072da1551ab7bf5,completed,,returned,PENDING_REVIEW,145,remaining171_minus_module_exception37_minus_multiple_signal13
101,da3b306e10fbd0e391950f9383ce978a7f07519334207d52f0738fadb1c4b7f6,8fae4685154b12c0ac4c7456c2de80fa40c582f2be261ab918ceb24310411c80,d24ca0269057b51456471370ec1523be0a3ab80072a4e1b081631550e2c46bd3,Mbpp/118,44,340fe0329cf58bc41d4ef9ced9a8c022ae6a652faa67621d3346ffd0b7b90632,Candidate_B/H0,string_to_list,79ddde1f1c4fb93383183e049d1e502948d9f354d7c75226d644a9d40472e542,completed,,returned,PENDING_REVIEW,146,remaining171_minus_module_exception37_minus_multiple_signal13
102,dbea2d3c0b5e91a70f0542ed83acc2c8a81ea79d742dd76b0bf4327fb71dd259,18381c473abe3cc335d0f20ad720e4006d66a43e08531742a8aa0890d413d435,8f76874dcbdaec3f549bcf6bc2de2a29ae5dd7de9da5da3e47061c8e5e1780d8,Mbpp/72,55,5412fb51e0b8434240c678c0f0babbd54f53aaa2329a0b93b4ede883601b0ee6,Candidate_B/H0,dif_Square,a43911ba40ea1eba9aad332511af4f927fad28a662fd6058ceb83bfa31ae814f,completed,,returned,PENDING_REVIEW,147,remaining171_minus_module_exception37_minus_multiple_signal13
103,df59c7d238b574cc10029a2d5c026996fa8af2e08ecc1c9af6c527261d8dc344,b60f34ba8a568a2823ffe7f13f76114d06f40eef55ed197a375a088eedf3f456,d63ce363c778695e10a6621d73453b8a5708be5dc54c811f035b7fc82e2be160,Mbpp/473,11,5ef3e61e538fb75990ba3b59f770f3ebd2c0f81f03899c4dccd5bdbbe5eab388,Candidate_B/H0,tuple_intersection,41a9a8e39e400145b3210f7c1080c64648ffb9eaa96cc38dd69afb9fa850f6bf,completed,,returned,PENDING_REVIEW,148,remaining171_minus_module_exception37_minus_multiple_signal13
104,e035127c59926787770cf7d09e6e5737a0ab5885884d7b5eec7fc0fa8dbe9dd9,32c6810fcd449d9892f7f91436be83a7308e5ae7e4b4f60fe105e0d646f10ea6,5fe47e51f6115c6639be31174d77d1dc5e772d5a65373f8e4a30e3dc50b8a367,Mbpp/792,55,8a9ac7f4fcdeae62e8e69d18aa6b785641735d062aed94a26a5c55db4434543e,Candidate_B/H0,count_list,5765b2e478dedf1d0da415ef47b6efa44f5c90d518383846a02b8fa3f1425346,completed,,returned,PENDING_REVIEW,149,remaining171_minus_module_exception37_minus_multiple_signal13
105,e20c3fb73759ea13d9ef3f60125bb1cbffb65ce442d305984a4026dde7b46e8e,65e8f4ae6ec81981c42b2378df60f74f62e7d5a008273504a14c8eab49847375,c272e9932ce1dc358a2533892588782901a1e1b0dabac38ce47ea5c64b3f871b,Mbpp/237,55,6ca1b81d87c329cb6a72ffc75d2ae22016480195b64245f66f161ba29be103a2,Candidate_B/H0,check_occurences,4232a0988257265f142d08fb6513e8204bbcc3ad620c2ada06b255b92b695d62,completed,,returned,PENDING_REVIEW,151,remaining171_minus_module_exception37_minus_multiple_signal13
106,e34035942f49279e74cc7c14da61099ae2325ec0c816ed64d6e8c2d44e9ad594,b844aa9aaf5a3780e42a405f3cd025a47eec35d811429c5013a8234eabf9fc99,df37fa63e6dfe2f11a303bdf76b3cf80bb982066d92bfa497c754e452f6c54c9,Mbpp/119,55,2a5d751a206bc9b0dc40cb0d7d5bcd23b18e7445254523e6e2bbc6d0f633f96c,Candidate_B/H0,search,a28904e41029dfb063340305696545d26df38a84db1be4c9d30f81baf63d9131,infrastructure,WorkerProcessExit,not_run,INVALID_INFRASTRUCTURE,152,remaining171_minus_module_exception37_minus_multiple_signal13
107,e46a657fce3ecde2ac8078af376204deab08196894a3a0db8c3029e317c0a95c,106ea34c17e55e41e161d66e0ab4e7a85536bd7add63a01b556982ca6409bcc5,d63ce363c778695e10a6621d73453b8a5708be5dc54c811f035b7fc82e2be160,Mbpp/473,33,03080ec73fcc7df96d060dc393d6eb5581b5423503e07a9152f997f73a24b08b,Candidate_B/H0,tuple_intersection,7bd0aa525b04bdf890fb6cc6797deed14b988e7f50e22e6f4dedbeb7272122a5,completed,,returned,PENDING_REVIEW,153,remaining171_minus_module_exception37_minus_multiple_signal13
108,e62f5c9713692a4bae0ae1ba5077e0b37b46e00fcaf9312de4d72a4c05f849ef,530d1ccc4c380c95b8722921ca3bc44bfdb0fee1e94524ce7240234964bff2b5,4350e2e93381b2af82ef1928288b20148c92ea23bfa83a14939df05cc5d3ef04,Mbpp/769,33,11f173ca20655473b9d68114d0c59de90cda56af47d81f66075ac2911d3a02a7,Candidate_B/H0,Diff,3796e8bb741ca0284d2712dc154ccd6107cba83bd2e578dfd544352e45553399,completed,,returned,PENDING_REVIEW,154,remaining171_minus_module_exception37_minus_multiple_signal13
109,e762c7d5362d7c213d760547ce6d9f8bce9b515216b1b80877c78733f20520af,5a0a5a897eec0f270a2c121d6cdf0ca7168318a219de17b58f8d2f054d760f06,b97a66d00f60bb704ccfff1ba3f761bd2d24341d13591da081ae54290e1b7088,Mbpp/14,55,fcb91ca6175e113cf61a0e931641ce7b9d195984894ecd6d5c755f238d5543c1,Candidate_B/H0,find_Volume,2d1ee18fee7763770d6d2df1d6c19ec3f005dbcbf02210b668578b098cf123eb,completed,,returned,PENDING_REVIEW,155,remaining171_minus_module_exception37_minus_multiple_signal13
110,e85ead3e256d45a98dff7ed90ae9a1eb27937f9afe035676cc884f01ae13669a,3cbf2b6965e1664e403696800f79f2c5a05796a2e53e684325e6f1316917610e,bbb0802da84d1ae60c7956ee4c7097a38f5d5320378f2f6c5e0c28c73e09db04,Mbpp/16,22,50c529971cc146a9ff6cb3b38d3ca973d771e91d36401777567915c4cee00132,Candidate_B/H0,text_lowercase_underscore,d15d4edc70c54f81e92cb072b1661a325d33768fe011b3348b1df66ae0a3107a,completed,,returned,PENDING_REVIEW,156,remaining171_minus_module_exception37_minus_multiple_signal13
111,ece76238dc23e4c6ac96b346c685f1846406516726a1310a5427ae189f79cad6,01382bbb873bec949cdfd837b6cdbf14e2cf62c1e746c28feeb28ed93fe7e019,5b2075271bbfcbd91737da360eec3e2b63efacac452ba4b9f5b01395bd46e1c9,Mbpp/721,33,0d76639b8bf9ca6a70c873833790302a0f7131f9117b03734f44ad8626413b0a,Candidate_B/H0,maxAverageOfPath,3e9497cc6f9371b7a37d5067ecae68010cb0ad382b6e67532809dbbb499aa69b,completed,,returned,PENDING_REVIEW,158,remaining171_minus_module_exception37_minus_multiple_signal13
112,f14d52366f2dcbb7a33abeeac05c19a43cb0fccd515244e688d7a3ee885a8b34,6cc8fd79ca46379af9f10cea6ded62fac391fd08e2fe2845067189a1d0f9047a,1011b838f68a5f949295e1b53d5d87faf434b5c07de16684f4bbcf9d4f98173f,Mbpp/11,44,208dbbb00836479985b8392a83ec644a0425b4022707c0cbd9641d6e367264fa,Candidate_B/H0,remove_Occ,52d37110cda92a2667326def7b07d34530825b365f4c1babd4f0e5cb9de45714,completed,,returned,PENDING_REVIEW,159,remaining171_minus_module_exception37_minus_multiple_signal13
113,f3b152a48d3151267f448c854339f602b1fd0606d6e2fe4e20a774f029079bbb,b6b40f87a0fca96c133abf996c156d05fa45f85dd74b17a8de976afc1156b72b,55848b4bf9efb65240be334730d17c1b44c4c4497f73bc3c091764df8df9f471,Mbpp/771,33,76bd0636b14aab95f0db11b19217ca304f6fa11eb51be69d9d8ef97fa5280b4d,Candidate_B/H0,check_expression,37940ebd2d5fa967f199890cbfd470ea482e27a0bbd8ec818d6fe6a10d072dff,completed,,returned,PENDING_REVIEW,160,remaining171_minus_module_exception37_minus_multiple_signal13
114,f577c29f018779bba4ba02e683fcf7b285700559c10036f5f262d3580b694455,c07fe7f853408eaa06180ce0f35a30d663848fb8f48bab8738b5f469c5005848,55848b4bf9efb65240be334730d17c1b44c4c4497f73bc3c091764df8df9f471,Mbpp/771,22,543e6cd263c2b9ac7c7123b134517fa4c19c7048222467d8af9ddb6f54f6c06e,Candidate_B/H0,check_expression,c2e0f9035e3c95667299ee69a78ea21f52b32cfc77fa1c870f729e4257524dca,completed,,returned,PENDING_REVIEW,162,remaining171_minus_module_exception37_minus_multiple_signal13
115,f5a3924eae1972d3f71b287a379e069295aa377283d8429a352416ccd3ed6243,fd222255aa7bb1ea12cc1ff2803e97dfbea14dd5e0b66c1f0fc6d47525cbf496,383f7e0dc8fec2534e96c291ed66943eb4e8d398d4863daf99b3bbd09a36bf8c,Mbpp/765,22,edf957ae56d3bb4abc4765a78a3bbeb1d695a2696a0f04c555e5fdde2cf0a5b3,Candidate_B/H0,is_polite,466d15c7a356968c016465534334d69332c6957d0124ada0c759cab2cc2de7dc,completed,,returned,PENDING_REVIEW,163,remaining171_minus_module_exception37_minus_multiple_signal13
116,fa5a49bae5aacc269bbba5a927d4839d1c04e0afa4d2d508cfc95d34df05c877,79f2f92bf28f4b2a000e2c6208c349e3b70a07edc232a72287fcd3f4554f928f,1dd9b489197fb8dc6dad6a62c34d3715eb86133468091fd186a5e8192abb54ba,Mbpp/440,55,857fbfe047e97bf6f23b3c4128ee06a0e0f79b0d666347533da267e51f6e90fb,Candidate_B/H0,find_adverb_position,bb30959fb0a47aa934bafbeec2462fb951ca6e43cfd2c451757797fff62d60ad,completed,,returned,PENDING_REVIEW,165,remaining171_minus_module_exception37_minus_multiple_signal13
117,faa92ffdc441f230379bf7175f22c7be6f3c25340f9473e28d57a579698c3b6d,9d8163821b833c86eba9f076a8f5960898a0e211ee784ce38ffc8ee69d444ea5,43e172f8899e9bc893b8bfd521ea0c36e81b03dba3b999a0a838dbaccd854411,Mbpp/620,11,51f9d94ef0fd302a2acd0eb7b0457e8bd7a1cb288fea63165503dc3dc55ea81f,Candidate_B/H0,largest_subset,e242d575d211c60ca6582fd48ef5a1942d6e9654dad49fd698d9413a0c13236b,completed,,returned,PENDING_REVIEW,166,remaining171_minus_module_exception37_minus_multiple_signal13
118,fab2363176ff08eb4050cfd8bed0ddd21793185ed25dbec2e8f54dde571ae77a,e913f388d031f822e2242f3a6bd58ad889319788f48a88ef57511e02ae942f5e,5d17bcb1c7697ef8f8f6bd6bbb1173195495679fe5b0ef80a5fc08452c6f8093,Mbpp/759,44,ec8ddd954bed94eddefec024661cad32ab2c0155f2a25e52748410441a3d753a,Candidate_B/H0,is_decimal,062f2601db8d83b1d5f235aa87d363a9a4a8f4bc8a8d8ad563d8a7a8f90f2af0,completed,,returned,PENDING_REVIEW,167,remaining171_minus_module_exception37_minus_multiple_signal13
119,fb762e37725ef76332c7c76243702f91d0378326ba55e4bba0db5890ecbc0cc1,c14c961c0f588ed2afde67691878d0c69dc285fabb7cf9946306f9f99156b37a,bbb0802da84d1ae60c7956ee4c7097a38f5d5320378f2f6c5e0c28c73e09db04,Mbpp/16,11,72afbc6e91a411c0673b5ec5c5e1e8c898d2c1e7d21bd68432db3ab56b4ebc5e,Candidate_B/H0,text_lowercase_underscore,c4fef65f6be0aae7561e73b6d870b8cf4135b337f64021c18d0e75095acf4719,completed,,returned,PENDING_REVIEW,168,remaining171_minus_module_exception37_minus_multiple_signal13
120,fc6fa5bd9f3b1dd6835220a2af4c7324cdff749be841c8753292bd778a3c657f,f988417709fb8231162928b761900a611f5c2fcddd376f43abe6404e592be69b,554d20d61ea148a15fd42e3dbfc44239258388245423c47fd76d652230ff84b4,Mbpp/633,11,89d1210296f90df7a2c719a90c2326d383bdb6dd798aa65afac744e72ed894bd,Candidate_B/H0,pair_xor_Sum,b589f2330fe4a86bb0f1490783914a33a61a906c7b17818328586380b5932807,completed,,returned,PENDING_REVIEW,169,remaining171_minus_module_exception37_minus_multiple_signal13
121,fecb44add792a30c7498be505f3bddc0c50ecf8b0f769420488d6743ed2158c8,9949052811c7aa1cc2afe6f8b3b792027930d4e100965db568d88ff52fbb3db5,53306d3862cde482a73943f7923a03dc960d47e2c9e1dc7df426dce2627dca6c,Mbpp/427,55,5ad988e97f7f09d957513cfe24153634c1ce514356e71b663b4ce68ddb4fe211,Candidate_B/H0,change_date_format,e620cba770bcd2fb047bc27efae8eed206cb95f8f0a5e89631dd65d5fbda3d34,completed,,returned,PENDING_REVIEW,171,remaining171_minus_module_exception37_minus_multiple_signal13
