freeze_order,cell_identity_sha256,program_id,source_sha256,task_id,membership
1,0092d498eb446aed1baf94d861943fb58fe60c10a3ea160605ba7ae32076b294,7545d939bbed34004192b1b463e1d5afa7a76b846269f93dd9d178209f9ae1c0,79ddca420c1ed1438840da51085338251321a06a95e45f2f8f443c24d6efb1b9,Mbpp/473,previously_frozen
2,01382bbb873bec949cdfd837b6cdbf14e2cf62c1e746c28feeb28ed93fe7e019,ece76238dc23e4c6ac96b346c685f1846406516726a1310a5427ae189f79cad6,3e9497cc6f9371b7a37d5067ecae68010cb0ad382b6e67532809dbbb499aa69b,Mbpp/721,previously_frozen
3,039cb0be94945980ffb1a0fa552bf08b728787bed5178c3a31f20c0155e40e02,fe973455ae8aa6d18d84cc677a9789d83520d0257a3d01fa61fa796a4371ac12,c0d3c3231ddafb575c0f7832334d0ee9fbeb493e6639f4a545d4ee26b913ef7d,Mbpp/722,previously_frozen
4,0418307de212019d39c5fa5d1513a7d6bb5f93e36160483b3e39ad114dcb8f8b,c0c3cb24fc5d28ad23b148ccbebed6139d95e7086ae028e689fc30b7c0413d4a,d5683b06081a57c01f79777b7c835e3d72e63f69d1a4e71da1cac6464c482817,Mbpp/633,previously_frozen
5,077f1bf7c9d65bc6221f849123c643fc21faae3c9178720e322d923c3397a603,f85bb6c1efa65465700b139dec03e685dcf850a8f10c477b5c882562b3a06bae,225f3ba9809a01c9befe83140a77c4b6193e128604aa99a47b2a06a7f3bfc5f8,Mbpp/125,previously_frozen
6,08b8b9d40d6490a428d6618da09386342bd1f3118f1179d818dc285388c4a40e,b7f7b3ad0cd0e64a4a89bfab78560985393b23746de0bfb589d3e5539e1041f2,c72fd96a7c231c1c50016cb898cadb41e08d679ce2032e3bcb92b92a508e7463,Mbpp/244,previously_frozen
7,09cb8a0154f95b6424a2830dd4fa80e87a35319059aea8576b7bf7a32ef22ea9,0575f9422adac73031c6aa632aa3843f8adf64069665039333e799ae196a2906,ca412e8dce1022bee8cf8262556c7529fffb87d158ac85ffae23af3695d911d1,Mbpp/615,previously_frozen
8,0a0200ca0a5c129ac66741f4d1539a09c128327f1db6d24926fc7cee43d0fb24,a6b26635210ce9147ed93f1b67d5770d814ac10f06a4819332de022287d457a8,4c96bec37a7b887ab6b25f6083598a27fc0ab5b2b6a8a04b794ace9247bc93f5,Mbpp/786,batch04_newly_frozen
9,0b022ac7499d438587247188eb4d83ed24b12b30b34aa9ca0a4bbdf643cb4e85,bfa80269cd8ac74c1987bbbac1e79a24054e0e85f65cf1a4afe972f89b56e57b,ee91cbd1e4e843a20ad5e517135995220881374956c3be0191c2a442ddafbd77,Mbpp/103,previously_frozen
10,0c36c12be17f93c6fd50807729c6aeaa07fdfb485c5d4f5ac877dd09680fcedd,67bb0a715bef627d5cfee1ef1d264236b521326aae40796ed497b905e52a2938,ca412e8dce1022bee8cf8262556c7529fffb87d158ac85ffae23af3695d911d1,Mbpp/615,previously_frozen
11,106ea34c17e55e41e161d66e0ab4e7a85536bd7add63a01b556982ca6409bcc5,e46a657fce3ecde2ac8078af376204deab08196894a3a0db8c3029e317c0a95c,7bd0aa525b04bdf890fb6cc6797deed14b988e7f50e22e6f4dedbeb7272122a5,Mbpp/473,previously_frozen
12,1340d914d65a1a62db31b75d5d99d8ecbe1380a45d4ce6ee66ff082fbcdf7ea9,6d29dd4ee79a526d569748360106a53eb4e80487bd7e69eefe2cb8e0e714aed7,56944df173dec29fc7dd4a7db739aad9aa2db83cf0a6c4e405e26c40777b1624,Mbpp/786,previously_frozen
13,162317db3d25164ef5bc4bda72ebfa440b267105e57e357ee61bf5af4fce7af9,ccbf8fba0e7b409c9570fc1574519a6d4f122847a490ecf0fc62396fcd4e3a22,814af8907e78fcbac22751b6e88edbe576d2c6f189fa71103c6abaebcdf92aab,Mbpp/597,previously_frozen
14,164e4d0b000ecd095f5ef3bfcf49984ab69dc951caabe5be7b141ce585100586,84f71b53c98028b255fd361fab6deec391cb7e68bf49bd27e8a27950260897d1,4dcb25dc6c726e6a13792e642e64741a55cb55c2db073fc1833e20ad2d2729f2,Mbpp/279,previously_frozen
15,16b483131142684b4885a2983b02cd01679d56ba4c0859c6e33f9fab8cf32682,bdaf6b291abc934fa2ad02af1beddbeba53acd1b5911b00024085d7072919efa,fe3b3c8c5938a81091f5b5e370ec5a7331b764eebf92181ead4d7a495e3ddc1f,Mbpp/255,previously_frozen
16,16ed10d25162c8f084fb61dc32523141377e480a601e1b7395c576a10479d54b,b53eb5394646562e9018fd62140757c361be7e8f56c700b0a93d00b9368a19f9,3237450387be2b62c8c402e9c2923846805d70e575e4f168fadb87ea972f6eae,Mbpp/622,previously_frozen
17,1df0c8bb6adddd65adb92e94fd9d23b782f6cb26d5bffb6a4df978c96084a9d9,a63f9d97cba10e46cb00cd363e9f3de9cec93661af43258ddfd7f9deda1dae91,ae6c09a25f6362175124006d4d507dc906c10e2c73d4e38ef11e338b56ead6e8,Mbpp/287,batch04_newly_frozen
18,1f4e9f5e17acec093ee41fc4fe86b3ae27b521a5859f2085523cfead8a2ebd25,be02f058d52c050cf5574665a7ed4d56e20d6afde2ef686be3c6c59cc8878352,05355fdab3c38a38d24107c09555a4612c688211b4b41c683d4cabb3a5e218ed,Mbpp/72,batch04_newly_frozen
19,1fcb507151c33a26ccb4e07dfe52b9c7f797829df51e94d4cd4b00730edaf496,b6e2db7b77ea67e9897812741b8ed2e18bd37201bdcee87bfa2eb6548dabaaa2,ea972e176c40625d3417bb06905982b0ed587a88db4de93f9231301d153ead61,Mbpp/607,previously_frozen
20,21c08b508eee0864b8e73e614838e190cbdf094e7565b4fea5f75598096b1974,578c5bf9895c10e09e10e0c1194a2ddf6b87d783e19582571098150b36269dea,fc786c85d2c43c870eeda640acb50dc586ec39c880d8e71deda68818d8dcb2b1,Mbpp/769,previously_frozen
21,22b562e628fd6ed91292ecef0fff928e454fb74ffcfa98e999b7a23bf8537313,81cd6f1d055d47e781e3d08c914571b1959ebc39655a00f7ecfd110508503b4e,e620cba770bcd2fb047bc27efae8eed206cb95f8f0a5e89631dd65d5fbda3d34,Mbpp/427,previously_frozen
22,23165993fa308839e3195fdbe5b901e9ab91d2ff4c8255b09ba340048c55879c,7d222fbf55bad2d3b5d9c780f0fab275d7a48eddfe0646b7aec968b0fb898d28,223aa16a21c9230b04fa1455c135aa2e1efa23c9c08dca50c9038cc99b935af7,Mbpp/125,previously_frozen
23,24867a12c4037245abad07430c183303744cdad3fc1bcd2dbd1448b830e78dcb,8406e78362de082453800aa627d56e53b5170bf464a7358ed301f3612aeb1ff3,3e66023365706e3411fd45ed91862f4388607bdf2ad1e7e75415681f9db16b81,Mbpp/742,batch04_newly_frozen
24,27db6ce43b7b468c4a4cc5c34b2386007cf54430f457ac5cbbf18c2331b4c114,7738db7659ec9333e7d321294197cb3c3fef5d5fc72f77a196e819256f5ed8b9,3ac5dea5d962739b77659788cf92f5740fe893ccded276aa2fa4d5194faa6028,Mbpp/739,previously_frozen
25,291e1df791e7d75a35f7b6232af3516fd74ea360fcd7609f1dd38f4b05a859b9,1ed09edb92c4da77d9ccb4eac0e420c2cbd4319a9d8a55e3340ea9f1a20544d8,93e763a6916038e0e019b7d602e32aa1daccaa75365b3a053b1dc89ad7425b1b,Mbpp/787,previously_frozen
26,2bfee051144ead6e726cd8214c5b661cf5bf3b2bb86698fc4f77925bf103b331,190a6f4d6f37fc027ca4c750047f26410391c75504d986687ffa4e4fdf237f7e,9946b578d60a114788e8ac175df109e7d629a951635ce75d76080141ee58bfc0,Mbpp/67,previously_frozen
27,2c8a29019eddb8bc7e24251236af213d7f100c8bcb4513e7f17aa8c9b6fa5c84,225def7e7fc2e4f0bdbede03a1813db354a4eff641e2de7b042c07a5608f106e,aacf55bd121e7e6d9321ce41bb5b121081f4f331367f6b0082d5e0b29252a468,Mbpp/581,previously_frozen
28,2c9eccfdac6cf4ba905f338571a5d7dc34e7931a40515062510d6c83b86e3a97,5c195ebd425a3dd8b06b2403e00a815ad2538d6c9f54119448a585dac8c88715,e7f2fff34db2ef051be347d85f4d9ce6aa9491094cdace8bf2dbdccbe205adc8,Mbpp/103,previously_frozen
29,2ccb79dac76058aec69641c1829ce8f85e05dde153869cbe71776510180bc683,151a1b3981da65abb7a94e2b2acac6491de4d6ad470da3c006f94b9a85273346,1251372680e466490ba6c5c2f79d4313981ebe25e5709af7583b2c7ad0a1fcf5,Mbpp/125,previously_frozen
30,2e5a247ec2d18722e45b386bc657ccf5fe0e38f2d3acc8861945f152c09b8eac,4f6a1f242e4b63146785d435f3e0bcf3a50933bc9aec8a6045795b5d4e998a4b,63ecf3cd1dd3e4fcf5b2bb3492dfe18ebcbb1e8998dc9f4125e25b812a783cae,Mbpp/279,previously_frozen
31,2eb6ecf61e5ca5d4b075519d27307b0b939afaefe5939cd35fb7cc8ceb140a4b,111a968cb6674525f58b26a0484603b9765056f5566cec9589d61af3733bc4c1,dc943ef95d04a59e3682e93a8c2ede79a765139112fbf9357e0c9a35291578da,Mbpp/440,previously_frozen
32,2fba94e3d08df126f05c83cc548aef5172524202f05b06a701982c69c43d186a,7e48bbab46a558a65bfcda696b6fdd192dd25600c5134c0ea8ae7040ae931298,20b3412c7fe2f6f1496a3bbd43c533dffacbf91d6cfebc3a30f869f71bdaba08,Mbpp/430,previously_frozen
33,2fca3bfc2a254ef65ba2134bb526eb3ea7d72cb64a01fb2ab29299a18dfe8a1a,70f586aba6f3965fb1463303753ecf4040872364230be73de4b4e51b340b8fb9,4232a0988257265f142d08fb6513e8204bbcc3ad620c2ada06b255b92b695d62,Mbpp/237,previously_frozen
34,31b792cedea418c685922e45dd67a843bf2ee51d06ab109510bc469dbd5f47eb,0c9f29239bdf609a6306524184cfbb830eeb41becd9d31709931fb300234c7a3,9c73960f4d24aa953a7530bc6e3411f71d38f0ce414fc1fb21b268e1d23edd5a,Mbpp/769,previously_frozen
35,32cf69c16869bbcf5491dbef1f7f183b82d83e418d3a11dd3485e98bf8c2af55,6d322d7901db24de0d45c8ba71525e66d011932474ab8aeae274058d5f8def35,33d72f31564d3871f89a913a9c97c8b1c6a859511ba048de77018a77b86ce99b,Mbpp/576,previously_frozen
36,35b12710bfad9bfa5a5ea8abdb9c91e900953b4200d7a37d1b8671062725406d,988e14a3191e7bc858a23195cd2356a37acd3408f288a68fe062cc838aa4d738,e620cba770bcd2fb047bc27efae8eed206cb95f8f0a5e89631dd65d5fbda3d34,Mbpp/427,batch04_newly_frozen
37,360a2c67148106e27b0843679632450b896475ac92f1ffd64379bbb3db883d0c,bce7d06fe15d627115b96c241688d603b61450245867becd7f426917dfcfa2a9,c372761f36477131b571012670731979310bc92b70e635ae5d23d829efa0cd72,Mbpp/138,previously_frozen
38,36b7833a573db99ab26d948857d02631b5f5a3fe974e83f1c283c9b7722dadc7,6107650d8a56ae0107d45b67e7571175e6698d84bc9f0ede8dff58f8f4929424,5af1260a6ecd5d94add9345805c9ef88fdec3c3c72bf4d09fe95eb196a4262ab,Mbpp/771,previously_frozen
39,37c96fcf4dff81d30e88b15c50d3c05aabb3a98c13caefc114e14671b73670b9,730042eea50b8ad4aae34728ece3f1ab16b2bb97771f5b3ddd5e5745c7e71585,a74667cdd2f07abca9082b38b05f98b15d1e027c18b8cf500eea1b24aa8b295f,Mbpp/742,previously_frozen
40,39ab5300ffbcc5c1c6d2e7f4abb743b39b41e45cad7dbb4824543a5ad513eadf,26a25fbe4008e736db5684337d5d6b744a199a2cc7319535c3ea4dd83c546065,5d42e07b73cd94f1566f80d4c314ba907073729b2db4e850e167eb184853b68d,Mbpp/99,previously_frozen
41,39b7ff9ca018f42ade578c6f5da42b4320ed73a0588ccd00c37407313cacd616,b63e3c913c74a74a79cca769520da9b92a2d6bcb640882d2df8a189812e67ef6,7f61b30cfdadcfc365c6cf6daaa79170942e69f2f3c1dabf2d87ae549cdedefe,Mbpp/410,batch04_newly_frozen
42,3ae8c9fea0e8c5289b47ee54c40382831ba0219197b3d8bfe141f91a2e7ae1c3,643332a7c66f839f75e24546129bca2d4aacf4cdbd005fce6765c2e811855238,5e4f3547d664de916546e430068ff97295cdfb83fa156ec81f847f5bbe18a76a,Mbpp/572,previously_frozen
43,3fb987e3c9354203a25442b186d4f5d9ac4e819f59eaf1427c7150c5a8a69840,667258041def23e75eba7f3d6081918553cec7b9115360a33a4b1f2a3245ef2b,34aa6138ea20aa60d8f7451ac4a7f81733354b3ce927cc86fe34a97591afbc98,Mbpp/11,previously_frozen
44,40a428e02157a74dbd74f918efd21d186e074260932f2c6d1a4f2ea32a5b2c3c,65b945dcb63cfad531df7d56b1817fde397b27f6dff98c6581a337b4c41d31c3,a39da894f1d65920c59b150b57dac729576980fada5a7b464dda90f96e6209a6,Mbpp/748,previously_frozen
45,473356d2bad7ac968c51216ff8f6ca983befafd59e45fbbd6a418f6d6ea6ebf7,53e1494c968d9de1060a6f2704a8ca57d68b803f0afb1ab122539dfdb36dd039,f05986f0c81f3760c08b797b209b852d23dfa5ed46513e9659009857313f509d,Mbpp/786,previously_frozen
46,4845f4759fad83d64a22714332f75ef86d49635bce20da601db5d30a617befbc,8699ddc85623d70a3dbe7a1089a83253609f045283508b07921ba71c727553f2,4e36de517f125bd4b02bdff2ffe026e1df9b99276dfefeac5931d319f1be410f,Mbpp/603,previously_frozen
47,4902d77743e0dfc43df811a1cbde25cfbbec88adb1a5a2ac9dcba79e5de682c6,5c2515e4827b878e031b8a5708c4d7559c29cceb035050637e32423b757c46cc,9b56e46c4de759dcbc5e2d6c998aac5fd8476fb5efa0bbfa4808fc61e5c24f05,Mbpp/124,previously_frozen
48,49fbbe8f8a8ca4e49bd79707da38c3cf1246450da8809ec8d4f7ce38f3977253,01b6bac38cef8f198113a5cd475e8be41beccd60d7c559172443b76df714e34c,5ac277bdc6b75e21aa18043943c5f72d3c2ebdb67c21a4b75b6f5a1d405433fc,Mbpp/138,previously_frozen
49,4aeefd4c8d0dd04bf99b77cacba54999f01b80870a920ed6f3997c932ab6960d,c9972dbd1c76e4805401c1f08a4e25bf32b46c73b3be0befe79c623426dce6b2,0447ed48f2b46b5de9dbf8e57d636bb82248bb88e9c5428ccf2897c059ad09be,Mbpp/735,previously_frozen
50,4b657347adedbfd66f25a071bcdf2879ccad6f55aba4919267ab6333073e4862,f75a5f9e85fedf004490ef33fc901124086d40f1abc734a904f25afb49a03992,6b5c0a7f4a3641629f4ec46f6c1dc06edb5b1981b7802976e82655511f1c8cbe,Mbpp/72,previously_frozen
51,53f1deec039eebf07aba03602a598777c7eeedc5f5928be387d2c129165e6845,77223f4bbae7279a826f083779d37952881c8d4d61f1bb229600fefffcf4c5fd,5316b08654622c2a2c5697de4983747a25336f5ed6ffb4782a014e7b32685f0b,Mbpp/432,previously_frozen
52,59753dba56f0d2a7ed39dd194d1a282d744e93ecbb4293cc49622ad6a0e08894,d79469f17725693a3dbdb8ab981bddf8ed4375e802134524cfa94961d2f17f0f,c032baab0a3ee598e8a84a19fb7a702b2dad828b6b209d2eb49bcc5f8ec066e6,Mbpp/11,previously_frozen
53,5a0a5a897eec0f270a2c121d6cdf0ca7168318a219de17b58f8d2f054d760f06,e762c7d5362d7c213d760547ce6d9f8bce9b515216b1b80877c78733f20520af,2d1ee18fee7763770d6d2df1d6c19ec3f005dbcbf02210b668578b098cf123eb,Mbpp/14,previously_frozen
54,5ea82285e792b34508b9a86f6c413242b5b627d093d86221c7d1a5f7dc7da4e8,32edbe1532826de4a3416eb06e43c97bc8b4687cce8161729414d2811d583c85,9c73960f4d24aa953a7530bc6e3411f71d38f0ce414fc1fb21b268e1d23edd5a,Mbpp/769,previously_frozen
55,6044a7692b620f4f50bdeb7d648ddcf718f3d4910ff2f1f31441bdc53da19d6b,2c3e0315fdaee4106bde69e7cbb8fdf7a0827cfabb24165dcf6197428338d83b,35021f5709c533772fcf66ec1ac1fab8aacaf67229b36f9264c91e9dfb85041d,Mbpp/99,previously_frozen
56,61105f4af52e1da6742854c5ea3c22bfde3086d41028fc98a7d2bac0db86e64e,c2d651467e7abc045cfc9a4c523081d3f7dd86ed356ac965a3793a3b2998e2ed,93931ac9f66482dbf7b5ac3bd838750763130d54f15fa6e00075b6b127451052,Mbpp/11,previously_frozen
57,63b84dfb1236589e70f8844624f69f6a0f0e9ae50419969ae400cd9ef8f14b21,a6a4398773853bd405ef18d191a8182c599b3467aabc2b417f070a11fc93044b,33d72f31564d3871f89a913a9c97c8b1c6a859511ba048de77018a77b86ce99b,Mbpp/576,batch04_newly_frozen
58,640c7544c87c0f5b40cf6113d1342ee47207bff3568a4fff235e49d7f5a518b6,000357b8ea9e8c7519556e3a8c85625c29516c022be9ed61c9a8fdd3d229c169,4fede0a287e44bb06a7a3ff79c9ac643959414e3c14a812a5cf23b8ab72152fc,Mbpp/742,previously_frozen
59,64187ed15da3a753654af4583d63c98578716b198ba919db3ddb1b1fb6855fbc,0833737e006fd2c6b58fc71e5f03d64bd4b088689b09734f808c776659507990,ee72830ddb15201a06ca1ec50d7c657eb85f021f0e84770e19c253119a388905,Mbpp/138,previously_frozen
60,66dc9424d0a8471a861baeb69b47d429a130b1b96057f1b01327de9794c8a0a6,6367b7adf0dcc6a964ff129d3713184a0bf42b89530700ec8c0e33b1d14d5849,b80bd515d629d8a323914574ad78d7c737e88ae476d8059f88c3cfa02fb67205,Mbpp/440,previously_frozen
61,672aa73645332354b575037f185dc81ac749b5da269822bbc0abd6e2c700fd13,fc6b03344724ba3afc143f9306850b95b0a8abbdb043ee45f33e9635ce88f530,91a69d4994b2636c2f57f0b1d268b7c68c9639baa3494794db24ef6626a20593,Mbpp/432,previously_frozen
62,683272d2dec36b18eb13c01f69f78097671311036dad87f3b5c83d0b4f490b02,6a3c32bd229b5b4d5db770fba3ef086213563289b97941b9bd12548c149831ec,1fff051f1a923d81b7495da8b73c0599c1446295ecafa2ba96587ba071477d37,Mbpp/255,previously_frozen
63,6895eb6c891d360a719f45a565c59db90cc2a4abcb23c31e2d5b294299603f68,a4fb31fb0a9e1c4080e4c75cc53a842c29cfd030ea1cd5ba7d6f29a34bd605ee,c372761f36477131b571012670731979310bc92b70e635ae5d23d829efa0cd72,Mbpp/138,previously_frozen
64,6a2db72bceff5726fa913d531b8adab1b10cc9ce0cf51301a0abce0b22cdcb2b,8efb7dab63074d068958eb903bb89b857440f1025c119a6035c2c9a841f50742,274e3346df93eaf83cb270242ba9ad150daa359280f9c2f9cb84a08e090b797a,Mbpp/607,previously_frozen
65,6a474fda8107c02d822df23cbf5e06d344860896bab62d8b0886b7799787e6e9,5bf8a1f3934680a03fdc52a96fcca133f19f3a6885bcc6c4f81bd72ef2bdc6b4,5dae3e96e27121f0eac4379e191a8197de69deac81b535c454ac1bf53a444d06,Mbpp/427,previously_frozen
66,6ab47cd5276f3de2583496c8dcb360bc024c116fee3c51084e12955f82978e4e,b977ada54f0a13704e4e0f3507761d860242d6b745c9d9f44e0750c972d28e2c,5d42e07b73cd94f1566f80d4c314ba907073729b2db4e850e167eb184853b68d,Mbpp/99,batch04_newly_frozen
67,6bb9614447a5671030c03b27a40d4b90179658ec1d3885de21cce4f200ee996e,8ef0641f265717551638f61f1daf725c93f863842cab36e6f422970e23d7f298,33d72f31564d3871f89a913a9c97c8b1c6a859511ba048de77018a77b86ce99b,Mbpp/576,batch04_newly_frozen
68,6c40a5cf139aa52a3c7141fd1fde3a079ab76a6949364a0cb69f52b1f3eb52d1,24b5e295ca91e1fce3029be6f593ada79d255c2725fc40a02e5a512f4fdb8452,9b56e46c4de759dcbc5e2d6c998aac5fd8476fb5efa0bbfa4808fc61e5c24f05,Mbpp/124,previously_frozen
69,6cc8fd79ca46379af9f10cea6ded62fac391fd08e2fe2845067189a1d0f9047a,f14d52366f2dcbb7a33abeeac05c19a43cb0fccd515244e688d7a3ee885a8b34,52d37110cda92a2667326def7b07d34530825b365f4c1babd4f0e5cb9de45714,Mbpp/11,previously_frozen
70,6d448f6ee482f0b06f544eae6aee82486a45720beb1b365a3ccf12ac4a961529,94ad97956f46bf1c8310acc9ba772d28e446fd47a066ac3a10c19733cdb80eb5,4232a0988257265f142d08fb6513e8204bbcc3ad620c2ada06b255b92b695d62,Mbpp/237,previously_frozen
71,6d704ca73eff8bd70955c04a185ddce25dfdf056648ed164c2f42c965cb9ce60,c28319db61e1533961266cde4482f7ff82ea45618db4181d2744e4fc81c0e5df,b3ad915992b2d94066821c1fe3f333d3e29236968bb987a5a32eccc9f1ee42bf,Mbpp/622,previously_frozen
72,6dbfd61b687633646a0df075291426241b9c44f46153d0770573ae1d9708974e,ba78506a3e44c95de2ee2e90bcfbebfc58b91703227e9ec65aaf922d046c31cd,4232a0988257265f142d08fb6513e8204bbcc3ad620c2ada06b255b92b695d62,Mbpp/237,batch04_newly_frozen
73,6f8cc229ef77387402488ef7ed8f0e55c2221b15eb8f46ff8e31f26087cba48e,2007ec98d098057747bdf3975c81264c967ff76547d3bac23e622cdfe8571bf6,ff7f31185ad75fda32cfcb8f8e4e2320c6bc74a05433c278f0c62f6d4fc4223c,Mbpp/735,previously_frozen
74,717366fb46574cae765e411dfab3eae97b6f158146e9ba7308ded64bea7b1b04,f47af857ade246797c519ba56642b4e03a657f7e005e46f28e08bc78ee364bac,fe3b3c8c5938a81091f5b5e370ec5a7331b764eebf92181ead4d7a495e3ddc1f,Mbpp/255,previously_frozen
75,73c16e29a765e4b6b576f22b6a7ee3d1fc274624ffb34553bd484d0ca4448556,29badcaa34166c620978b4f621aa3856859d296e210f7c7a38561b39849fe9cc,952c2d6db457afab04cb8fb4ccfe3652b4a72bf4dd0704748de34b5ac37c3107,Mbpp/103,previously_frozen
76,7482ea7aa585770b896f49e51dbe99aef59bd0b1e7844ab31055d706a1c1bf56,e913935149eda6911282b2a55b7d9d5cae085f851c495a40ae567a9ffeccd7a8,79879a43672bbc1c6a86d201624bb770bb0722953a7ebabed224649a5eda820f,Mbpp/603,previously_frozen
77,75e3bbb18942ab42fbc4f003ace3bfca3236d592edfd1e30709573d29d9f331e,c0c06f6fcb5b4dee869e572fda5e23ee98116f5e4c3d5d6a3d3cc96161a7bab0,3f4d4e68d77afc383b671a50c33730f1475fa2d7c6ac12a4ae689949db8924df,Mbpp/615,previously_frozen
78,76fb21435bba2287224d4791aeae520e01cc8705477f1c329d67b777228b3ac3,40c33be662bdff3a810ff1d30fdbb10b665c7d1d00a58e010245fba1f4ae091d,1760b0cadc1336c029f33f425db18b4c761af9da06067dc0113e7b6b20b50b59,Mbpp/138,previously_frozen
79,7954722ad72657bceb71c62d2da95f427d04d6805cae1a8e2f51f080a33484bc,12179f714d4beea5b64235cf46138bb8095c7170101cacbc268dbb8e53ed2f1d,3041fbe17ee9320a111716daf315be599d97e58241592434cc0b6c4c196cc84e,Mbpp/435,previously_frozen
80,7a995724835a6cdd9ab35c5a9a5b13f6709ba65736191b99be0d4f62176a412d,a2dc45257f6a71f7d31a1b9dd5c14e57129eefbe2d06e48dfa1ebb6199e88be3,1e100872ddffd60da980697ea0907ac77572d7c8d6446138ba0abfd3b3afb444,Mbpp/581,previously_frozen
81,7ce98a367f29080d205ac02e5b76248df7a4c714c1b70af8f871c1f3459bc3e7,147d093943f1f9676c4d779f88a7478b62c2a71021f831900f136291bee3f2eb,e2bd2be70a2dbf52221fe9909ad342dbaa6103851523458d822f572e49f6da91,Mbpp/430,previously_frozen
82,7eb778e4adb4e778993a86edba725ed62e81ab0119b5aeeac9363fadfee818fe,4378e8d490f8f3ec4fca63d29b42264fbfb25d6f05a847acf0868d3b54f7c1a9,7f227ca941b3751dc9cf1c0801569df1a85f8515d23dc74b32c42dc038125e34,Mbpp/759,previously_frozen
83,7f4bce3588e433594bd3ce0e9d2789dcfe27d272d53bd461bc5327ba8ccbaec1,cefff3d8a490047c757f7779c27204cf684a5b89df2223e5b7b447475b3f30af,0c9c6d018c5f879ed65f6d09d29f100d7f5e8a7f6af06aade78a0db7203aba1a,Mbpp/16,previously_frozen
84,8102e77bccb9d4f6f0f89006441a8d679471982f8e8fd57671e9d20d7b4c69f5,e12feb3667f7a809b689e3e42dafe4383bdfdde20626cc3ba890655d92a61d7f,29e72c225f1bdead2c155139713a5c910fb4e3bc6e1faffcd71d977b92c6f84a,Mbpp/259,previously_frozen
85,8125ee6ba4083e73589b37f3bfd5b38b4b0f8dba482e530d889dad5b93078b36,375d13b5bd61ef0ee7c0e92979f8c002d2ac3e98adb41426e8b9d6e27b176399,6c557f46b5db490955e32255cc5ab37b2fff52bd5cdc5714eca026b54937ae04,Mbpp/410,previously_frozen
86,814ae99fa94821a1c45cba8ccc28c1265070d5d60c28cb6ab46dd8e21e82fd84,3ad5d1b48a0b82e99b69138c0bbead12450913eb8b7b049c8c101fb9acc5a34b,c085d65dc17cf98fa9a2be1b35d790f0529306e8196df1a4f837e8c8b9ea0181,Mbpp/777,previously_frozen
87,81b1b9916304cfbcfd7cf807cbc1ee2f749ea3ca71ed1310e7db39569bccbcbf,34f117accef513aaccebfa5edabc725dbc78ef1301e0ac16b4fb794b619a477b,bb14c214444d2046af3968bde8964bb29c21f59b1431f00a1d717bf412d4fb68,Mbpp/125,previously_frozen
88,81f83873ec0fb5a7103afd503dc25cca61aefc6326593d9933a0164e4d1d79c8,0d1b40c698eb61156fcd8273761fdde26c3a55ea65bd7874bf4c5dfa7bb15b57,37940ebd2d5fa967f199890cbfd470ea482e27a0bbd8ec818d6fe6a10d072dff,Mbpp/771,previously_frozen
89,823b9facc6608bc103c06991ecc55aa2bdafb8d1aa79ae2cb02cd443f3b4e4cd,a06202ce4039e2b576f621e42a728c6dc065f9b126fd037f86a6c12666543a32,2b25959bb7fde3cc5c0cedbd40daef6ff510e0c67751e0482f90fa84e4fcc7ce,Mbpp/430,previously_frozen
90,83a36af48b8a08051d0b7c7255762e8b93d5b74f74e214ad78ea0874d59e051d,0289530320e18702b3707c97e303a554dad0bdbb69b4aa25e0a3382ec2da0e89,7f234af80d27dcd88170f9361953d4bcee45c38a131a0d2b18b4a91d3b481955,Mbpp/279,previously_frozen
91,83dfc0876a63e906de8bb54e034906dcb42539594f4e6b1281f1c014aef344c5,83b0f95093eb347659aaf335ea129890f0d3be93e35b8a532e0d7968f916e795,8d185875060d8ecc20021eea582a378ccd00e2a5901105f471ee9928748a11d5,Mbpp/576,previously_frozen
92,84260197534c1cb9b3823ddc721720f63d94d04c34154f9b50b2b77e70364872,8c4a86b4c5c2dc7f2ec53338538b0859c10c4920752c5d3fe775a0332148cd44,f4490808899e16947fcb70c38e43256419b4ea33bf5b57630cce463b73f54ea9,Mbpp/742,batch04_newly_frozen
93,843c0bc687467ac48c49abce0adca2ceafd1d7794bc16ff79052f1c9d3fc515b,9cecbec0d7bbabf0c9111cd5a25e8a8bf100bd34a82e191b68129e9bbef557a3,836fcfdf6d445da2563a21a147687e11df7eac6ae4f9fffd26710f42d632f976,Mbpp/620,batch04_newly_frozen
94,8498f8272ddda6ed8b127472e6ecad575e0a0e7650d86c653cb1483c06034cf9,3b027c95ed6970ead1bf34a58e5e5968a842375728129f12e3233a5ef00aed89,7f61b30cfdadcfc365c6cf6daaa79170942e69f2f3c1dabf2d87ae549cdedefe,Mbpp/410,previously_frozen
95,8782b317de0c3d31bea12f17f40ba97ff7908ef0b47f3e00374ae4cc704a13a7,30f2df90febe8769b5db029b8b00959550855960e64ef7a41e570149744cad4a,3041fbe17ee9320a111716daf315be599d97e58241592434cc0b6c4c196cc84e,Mbpp/435,previously_frozen
96,87b1ee6b938659da1a2bd2510913a8bbb2cb9fec90e693beb87918dcf9c982e5,2a852f2b4fbd540de726aa6c79682744adf89211081a0bad86db8be05dca8d08,d2bdc94f74255c96b50c08306634afa7f96b3000f92e22d39da28aedc1ab3fbf,Mbpp/432,previously_frozen
97,8b64f5b7c826bd77c710a702f66040722a18dde24c3c9d5f5473f0669c2b73ae,d8697d88e8233dbbb610e6740b9ded49ddc74701f7c33f8628731fdd58777019,5c07aec78c6a1073d7417639e154b473adb3007a97e320f56c63d0e91af66861,Mbpp/622,previously_frozen
98,8ca20eb0c846a36174386b6cc57a3f87abe12ff035742f9449931500370496dd,17cde64daa996d2f0012be63d02b00b2cd54410f40fd90a1db803633bbc3b4d8,579dba8606a1072027fe0a82b58630d0e659935156ed90279d8fcf2cb0c420bc,Mbpp/72,previously_frozen
99,8fae4685154b12c0ac4c7456c2de80fa40c582f2be261ab918ceb24310411c80,da3b306e10fbd0e391950f9383ce978a7f07519334207d52f0738fadb1c4b7f6,79ddde1f1c4fb93383183e049d1e502948d9f354d7c75226d644a9d40472e542,Mbpp/118,previously_frozen
100,9842778110ccdb37cb4e8dbf81ed2f0f53e26e00e0719190f07a4e77f6f60551,15e92b97d59405977ea60125b6561bc1d30dd262ffe10eef4db8220e844f0345,c56bec069269094d467466bfb56701887b576de490367dddb8baaa35815182d9,Mbpp/786,previously_frozen
101,986356145523dd664151d8e0b78ce04d5fdfcdbb39014eb82a9194d7eb1cb050,0460f62eee335e54ae79d20dba3f1c72d36982ade60d364ec6b3f5aa8c80feed,3ac5dea5d962739b77659788cf92f5740fe893ccded276aa2fa4d5194faa6028,Mbpp/739,previously_frozen
102,9a5f7a940a8945d8179614fd858fb8f30d496f59b46463f11d61931bc4672ae3,8be467a87d48ada42b452f75670c330df1e5f4a334816d133ece971a93245e51,2d509aaab032a6457998d5aa050fbc40dd8e9fc848828590618d52dda1177c11,Mbpp/735,batch04_newly_frozen
103,9b281fb9b3926030e8cbaf7c0ebb30a2726bed42fc9b96a10e985c9fcebcda2d,80e9e1cc3a249dd8da36d260f934304728b7eb6a6438bdb0f851e45f47ab74bb,8091229a4f06f27a90ff4f19e74c15f59bf1d810415db39b240f3a8a76135947,Mbpp/633,previously_frozen
104,9ccb1020e50b2e30f846dd029b1e8026797288f7bc03943f0fb1a03639628fe2,f59c91131c769f305f410b20a5738e70c14be1ba72df0eba0fb4f7efe6af1987,04da78f1936389f6f834710989d360f1991d502ccd72f2494175e0859a8a697b,Mbpp/581,previously_frozen
105,9cf54fdc17fc86eed6bf65e2028baf1419eba9ba9cf06ac1fb82ba43369c952f,8d29dd7b90d6f6d5d40952fa779359cdfdffae349a2878878b394031ed030d8a,994aba1f5782443bc9f1de7710382dca0aa1d9fd4c5af962a7c6759d6b9a1481,Mbpp/259,previously_frozen
106,9dabd1f10c526ddbf3b4134596de2cede31c8bf9aef2ef7b16e6f310ffc966f7,5b58236a8dd74781896f67d4a87859b04f6c7abba8fda28db27f116dbd4ccf8e,c4bc8fad8ece36374bb4be065a76a8f423219633182f6d0a7fd3a8bd28855366,Mbpp/72,previously_frozen
107,9f19842ed34c05829437885dfb23561a4fda71695b5f5c8c1534ccc1928ee182,9ad0aec70e9293ceb0bd48dd62d61cd09be24b487b3158726bf9b037a4c72d20,0bf3841b521e73bf38c8d932108b3f2bbd2598b9a557d4c021ccc680fa781fea,Mbpp/633,batch04_newly_frozen
108,a06cd58d37e009237510cc4b272e02c8b5178e129f053d58be743d5f9d8ecd2a,00227845900dfa7dd96b61bef5d30b83f583ff6576a9846c8b20c41fbbf5ffc0,bde4ba2e207bf521bcdc12231fabb9fdddbf28da3ed14bc182bb9cbafe04bef7,Mbpp/576,previously_frozen
109,a1e491b6023eff1ff01bce581fcb87e45ab99377ee7e4ff34a09184291c24ade,4583ad1011027d81314ddfb74bc8ec4cf1ae4feb9a37bac42da76177416c62c7,cb9f8e5b8db6af52b7a54528085d23a831f2fe2d213b2df16fdb9adcfe254034,Mbpp/739,previously_frozen
110,a731cf5bdf05e1ed765711e887b3b1b9b46159ada72943ebdd5a79475b2afef3,629708e02e0157509188afabd3e23e38bf52328c6ba811dcf12363d83c7621a6,6c98ad18f6e3ca281700957e4ac4ee8478c4d97f01fcf35e17a51c6c059c01bb,Mbpp/432,previously_frozen
111,a8591b50f54c9253f443ba7967df3a6bf277cb5d932a16aa396139679a30640d,d37bbdccd21d7370a58c1513ddc24b3566c318fd31f0e3b2c724ebc6608f853f,7005f35b12e1630d2cb4bd78d29da5d89a1ac8fea2965e787488b3689a5c74b8,Mbpp/430,previously_frozen
112,a8d980815d4a52059b9178cb9cd61da6c61d25981538fcd8821cdbd59e44edef,7c7bf358de0139c9688826eac3ca6414efd233291d4226cc2f656c58f9c3a8a3,d10258400b3be7a57e1714c5ca377a05a255988df140ddf83ffcc6ba6f3bf468,Mbpp/735,previously_frozen
113,aa300eeb056475fd4aaf76bb1d25719d7469c63cfa8e22ecc569a3d274c205d5,0f51d44f44faf38d9fbe794eb4c86a316809d300c9a5e206289d459bb71cabbf,66ccd8ac06dbe7c67b87a3527df4b78ac9f4ad798adc70efbe5634596f2d4f89,Mbpp/748,previously_frozen
114,aa7fe1e9d2b221dbfdd356772ce9c454cb22c0d44d9881029fc4d1587f28a1de,b677e7ee4faca0108c29317a74d6acd3c5f699de647fe062c61ad5efc6dbb2e5,3be5279fad8d88ccd74c20a43ade6ea38016287d64772325a78e524f4ae9e798,Mbpp/748,batch04_newly_frozen
115,aa9f8483a1a5b674a7aa3302668b6084c9bac53a6aa95b977baf94acdaecdbfc,1538fce8f0da403922caeaebb8afd96d129f6faf80378266f3b689bcdfd7231c,c2e0f9035e3c95667299ee69a78ea21f52b32cfc77fa1c870f729e4257524dca,Mbpp/771,previously_frozen
116,ab31bc2d1c7545491e9e8c5b72f2e3607c3a053cd89834497f50b65839732819,a1f89435d65b81afbd0d0ba1668834d6ab0b9b50a9a57e28e91b1f4e34e7f713,c0d3c3231ddafb575c0f7832334d0ee9fbeb493e6639f4a545d4ee26b913ef7d,Mbpp/722,previously_frozen
117,ab3b1362ab61c4d85830ef0b6f01d188598ea0266bfff4af42e9033ec03baaef,8f2e043d3ef8a94ec9db97c703ff778ec9a46582d481a979e5cf806434f470fc,2cabf126d33108173ed3369c6a89006e41d9773560104bdc2d6c52f98e3581e1,Mbpp/622,batch04_newly_frozen
118,ab8ceeacb0ab3ce436de9d4cc117da459309012ef883baad17b00b1db340103c,252857c7146e4e03a3ab17d02333bc99e89b8b38f5ed12e1c1a6f8ad88707eae,bc431a9c0613f35a19b17d6c28a54bedf0fd0a2fd4cccf5ec55dc93a54e2ca23,Mbpp/759,previously_frozen
119,af7f8852d5a16d95d9b2753983734806437fc97e46db04a4e5208c2e57588f4c,5ed7bb37b7f3170d75713428f8354054a4844c9100019b561eb00fc00144aba2,ae6c09a25f6362175124006d4d507dc906c10e2c73d4e38ef11e338b56ead6e8,Mbpp/287,previously_frozen
120,b18179a4c3b98f4d92a01fd6a535f6e8ef3f2056fc637972a463038733e8ecb0,7a42d5510092e63637c51173576a5bbdd091d9fb18fbc36627f0cd73a6dc86a9,c56bec069269094d467466bfb56701887b576de490367dddb8baaa35815182d9,Mbpp/786,previously_frozen
121,b28ccf984167c24533abe94c4a3a01019c1b94038c47d28c61157d610a5c015f,1e808b1c61f92345c10814778fbcbd28d5a2234c3503895c07c7e7fd52af0818,4502e67982160d2ed533538a8753ab3de0e8057eea4e4e0961287e41c4e80a40,Mbpp/581,previously_frozen
122,b4422da08924793610bd570d63bdb8be976bb962c48e539bb529f2c0aae94b90,6f38684ffaadcde4e2165ae9043a98afe30f777b49c3752269cec0e18417fdff,60870ee332e2674fc416867fbd981763c188953312014fec5a7bf842592101a7,Mbpp/119,previously_frozen
123,b60f34ba8a568a2823ffe7f13f76114d06f40eef55ed197a375a088eedf3f456,df59c7d238b574cc10029a2d5c026996fa8af2e08ecc1c9af6c527261d8dc344,41a9a8e39e400145b3210f7c1080c64648ffb9eaa96cc38dd69afb9fa850f6bf,Mbpp/473,previously_frozen
124,b6ca726bf60f1f49b7bb4ee839f882e1e8111a4af09b3146aa131c8d75bb6056,125c6e3294d8d8284451ce7aa9cfe85e0fbffe5c6825436ab01e670ea86bd6e4,c0d3c3231ddafb575c0f7832334d0ee9fbeb493e6639f4a545d4ee26b913ef7d,Mbpp/722,previously_frozen
125,b71af8cf5dd0a8271fa0527faa458e8ba8a3cef7b1e8de0f86bb2ce80492c227,392899632bcf304144c5f48b7ac2120b6a200c6ce845b067a875cb427149c55a,4635f02319c650377095cde796688cc7c3a61a08407884bccae596b4455710ab,Mbpp/759,previously_frozen
126,b72998535337cafa6f0788b5972f0121ecb87ba8c24b6cde61909bf017341fe5,4e8e311abbfa06697db20b02b810ed3b5556d46c5c19274bd64ba2b9a2766f73,716f60b65445f9d7c81fe2ce79f2b25037c78000af9f95ca7160718f0e6dc89d,Mbpp/16,previously_frozen
127,b77bdc9f23f0358a534ae4a83548b6715d981aaf6508eee5b7c110626faca8cd,d6cc3d6bdcc0be8b24448e7ba5b9808a9e505adf3b7dccbde8d30259c2d18cad,effee1ae7fc2e727562ee98af5a2181c3f49940bb611e219dfbd25fa4451abef,Mbpp/581,previously_frozen
128,b784a3558a1c4d00bf86d20b60c28d1a9be010b4d1ec91e7dfab49f4ea0844d5,0340cfda2189318c12c82e9ada35a30fca39776379bce0ae6142e41ea8802141,9b56e46c4de759dcbc5e2d6c998aac5fd8476fb5efa0bbfa4808fc61e5c24f05,Mbpp/124,previously_frozen
129,bef9a6225662bde772e076e4c3016b5927f45c56a3b60d8c6f9e08206defe062,318497f8b86f8aaf0ef2932e45dc33bcae8c9676c2df067bf1f27cd2f067510b,ca412e8dce1022bee8cf8262556c7529fffb87d158ac85ffae23af3695d911d1,Mbpp/615,previously_frozen
130,c0346a8236c339276d4bd0fa7f4466fe9272a77c25c9ce2766bcf3ef2fbeb0a1,69b535628ae6183c0aed1fc85d3a067903c30ff990129c5275093a345c723382,9b56e46c4de759dcbc5e2d6c998aac5fd8476fb5efa0bbfa4808fc61e5c24f05,Mbpp/124,previously_frozen
131,c11c71121411f9a9741a4c6c88215b59a291f899c1561b16c8779bc5e2822622,31213b4e7d52c7e2991c5a31ed8d7d24e07a16b756a5bb326348e488aba8d5e9,a44009c42fdf1f88c8b513d7800404da7a39cad6efc450987d557e23c7ead85c,Mbpp/633,previously_frozen
132,c14c961c0f588ed2afde67691878d0c69dc285fabb7cf9946306f9f99156b37a,fb762e37725ef76332c7c76243702f91d0378326ba55e4bba0db5890ecbc0cc1,c4fef65f6be0aae7561e73b6d870b8cf4135b337f64021c18d0e75095acf4719,Mbpp/16,previously_frozen
133,c16ed9ba4e15b82b9fe7dcd774a24bdf5f16a90755f12fbcfb25ce45cd8283dd,866739b5b8f57631f1a69318ccccf5b802b31f0fc38b57e6a75e358d9ef9a9c2,e90098ad2d9146729054842c76873d3e89b0d2b8f064d2079219cd621cd3e126,Mbpp/748,batch04_newly_frozen
134,c22299cf0adcde1707569d3e388d01dcc783a0aa96c72e274688ca692c73ebae,1ad9aa1f3690e77628cb0d4db2bb1e46e3dd763ff73a464291e3f095b9f6a3cf,7e067b71e0cd260f7c2ba23fd3b8f280dd5b511a20ff2f6fed78cd3454727986,Mbpp/769,previously_frozen
135,c3ae1f243b6163aea793b5487d48a94d8aaad6356c30b6641c8bb406f4091d01,bf89a824ca07792fc9d14d89cd30b82b2d94122c012226a5b6d6519f19d60cfe,dcbff47648a49899f678bdd5dc8b310ab600a5f4b0eefda8103982d28506dda0,Mbpp/99,batch04_newly_frozen
136,c4bcbb8729f6f74581ec1e93757246cebabd8f8f89135fc1cf08330419d322ed,165c873221f996a992adfe426b96e62865dddc2407ce93ba89df3ea882dfac54,f4490808899e16947fcb70c38e43256419b4ea33bf5b57630cce463b73f54ea9,Mbpp/742,previously_frozen
137,c5d9b3b1aa42f7f63ffb83f41f290af87c771abb0b6eb6dd11aeabf88fbd5c86,0490b9359595e547cd1f19b993b279e4771e6b010b486895ef005aa327ec6ba5,7b858336dd34fc3f518696fbb9ebda4548ae1080a0a66589c0b3ee5edbe57c30,Mbpp/440,previously_frozen
138,c80fee2aec54305a6a1b0aa894d37662571ae757d40d92590bf6c21c68444104,0ccf0f940c52dbf90d4e25aa554e4a6cf41703658cc8dc88f380d32d585b7d45,3fb5142fe7892eb080a2af51a0235c875d9c2575d142822e680b79f0a31cf2bd,Mbpp/279,previously_frozen
139,c92dad51a488ad616b769e0c7d5ad8668d52278f61093f3c22a87ab88d9bfb72,488d43e2c4a8008d1e3a26b5867ad156317388c6c86aa94943e4db152e7b1091,c0d3c3231ddafb575c0f7832334d0ee9fbeb493e6639f4a545d4ee26b913ef7d,Mbpp/722,previously_frozen
140,cbd27e8a1e95b28f9cde9964ae558596c8371767b9b25addd1612a57c646aa5f,525f723f9a1c4712fdebc06ccdc6418f4de3a6e8651646cbec99288c5fee64b2,6314fe475b81efc834404177b18f11828b345d00571c97825870ccd06cd14479,Mbpp/432,previously_frozen
141,cc5968165ae1f3b1203b4b1e26a86e9747e1c27f1520d4dbc521458644ab2560,a6f3b32f10e03fb5ebe7025f863b1bff932bf5459b3d9aae070a3497d37ed62a,375577b78614df12d4d2d234df1242cdd765157a3899a860380824d84bfb7e45,Mbpp/119,batch04_newly_frozen
142,cd0f41fca881d0149294da9449df84f6c7869bd5418d661ba551dc1f2b890a74,3a39e4c2bc18d21f5ef6b152292331c536ec7a9fe591ef819c7ae8f215a015b6,578aad5b64201860ca8f3788925ff4b3fcd7cf3d437d23cd594bf6e3f04a763c,Mbpp/622,previously_frozen
143,cf8ef3b1fffcbe3ff03b0832de5663b5dff916bf43e9083acc92c2917e3ce605,5019f72d2bc2fb86c03177d80a7816f6902d6a5bc4a087dacc99a57cd63baf06,349de76397309a17646a731b14e78b39492d2a3a967aa4689df993a2cf7b10ae,Mbpp/255,previously_frozen
144,d23f22801c6c954208827d6267a5473f4bd802f5f9f9442a8a57d97c012b61cc,284533f93cc2a9c9012d005c206eb17d6cc6285ea8b17d997e50cb62fcabeafd,06df4b9422e3c6309caa0eeaa120af4869860cc231f29d3fca4b13e79e9ac41c,Mbpp/410,previously_frozen
145,d45549655e1f0a7c727c3f67783f9702669a64bbc1d96e99b2afa68aba95ea79,60d1ea73f977e4c7f0a1af9894b615d332953a916aceaed7ecc75569bbd91ac2,9b56e46c4de759dcbc5e2d6c998aac5fd8476fb5efa0bbfa4808fc61e5c24f05,Mbpp/124,previously_frozen
146,d4937a9c2300047486147cafd87334059128d4422f53df0ac067a6da249ee1b4,7d66673b97fe97bcd362fd08195ad2524133a2bfeda9adbfd0ac17505536c035,c72fd96a7c231c1c50016cb898cadb41e08d679ce2032e3bcb92b92a508e7463,Mbpp/244,previously_frozen
147,d6336d216b72d481778b0987bad329f58373eacbe048877b8b7f1f867a6f6108,3b802dcce09d236485df19d1c985675e091e74cbb5fcbf6e73f753d873f62e88,cb1af19e1fa01ea4684aabac3b4308abf204e5baaffe3a2b92e515ef1a02326b,Mbpp/777,previously_frozen
148,d78c0e4fde7bf7e9341dddecd2df36323d61f4bb392f450b2a477423f4ee74f2,1c39a49b4005394ebfe1338e37cfef9e9db2b71dbd3a6114c1b0fda88ef8f4c8,a7db692b8a457772cd5de5bdba244629d0a83fef5d604188d679a961feb2533a,Mbpp/626,previously_frozen
149,d7db6cb73b9f5f7c5693a194dcc4d3738bade6d02d719e50008a12429c1b0d7c,20eb64bfb9e51b94a4d68b6dc2bbbc981199b59d0671e34d0df1695b0d261879,594c4ab0c53c5b4e32e28019fe410db51ecf913d47db0e3565409c01e3227a2a,Mbpp/430,previously_frozen
150,d8532d3ff609df3444cc1928efba0cf5364de6ece138aaa7da3fa9c6bc825749,71012956073b53a6d9d9341681ec221238d2d1fe8cdd2dfc5a82291b2fb7d44f,cb1af19e1fa01ea4684aabac3b4308abf204e5baaffe3a2b92e515ef1a02326b,Mbpp/777,previously_frozen
151,d8704af3cc16d7497ad40bd5936c3e767a5643a3b20d973dc7bd6144afdcd375,2c7db8ef79f3fb6f4877e45429a281e98b645f377f94b6d7912fb3d66f5847df,ae6c09a25f6362175124006d4d507dc906c10e2c73d4e38ef11e338b56ead6e8,Mbpp/287,previously_frozen
152,d9af9e684995ae0fd31339af9a56a8984950683d6a2d1f208414807da68a7e69,29c5dc38a71e4bf24dadf515e157b833b8a0d1b304c47bf98d36a325fbbe4342,fa1491b3a3a251438a25263d0ce1c9e572cf6b6c724a2df3eb8c9bdf816d7695,Mbpp/739,previously_frozen
153,dcdeca11a45627cefc08c10e95293f82a9e54760056dbc3585d8ebd54fe5e34d,5e7b11eaaa932e83d0b496103cbe88e706d6b4edcbf5190b1395b7cdb7bc26a9,b5bf4678b01b579cbad8711d141e00fc34fa781b4ebd17a9df34dce599114e7d,Mbpp/603,previously_frozen
154,de691dfc06c58a4a843b5fd3afef7754df3a33aeb4efe4727cd8e0b858f6d50e,2ce918fcbdb6d00efd2ed40243b601a3efbc5a849c1391961daf9b03717c7fba,ae6c09a25f6362175124006d4d507dc906c10e2c73d4e38ef11e338b56ead6e8,Mbpp/287,previously_frozen
155,df9adf04ab52ba361972411351e6d4d260acbf1f3e8c7e8c8c552f14513fa9de,295dfc28979e0fcaa5c908be8ba908d384b224f3ce89dc6044311ca04f12f88f,4a2379e315b378044cf9e4e5ce8f65592255dacfbd731a351fee7a29a949002d,Mbpp/255,previously_frozen
156,e07a4e042fb409c3e65445e02695ce9590567d1256c1ad546705ccc577d2cc9d,3162f7ce0a2214cadadba6f4903b5961215cda0f2d6eb3ea126a92f69e605640,1e09c6044f8e42f61f223b89540df7830694bc5ad4fe32a8c131945c012a5971,Mbpp/279,previously_frozen
157,e13be2283afccf5185e894a95dd497cd654a795d3175d93f1a555087540fdd27,951a8909d85003fe8b785bf08c8afa0e476f67af5544a8a0896405b66444e9e7,311c8149e99c91085d12ff106a90d68249fbb8e71ae158dc22535c42181c2081,Mbpp/244,previously_frozen
158,e14323a5124c81f25e7463c24a0fc1d351bfdf8533849b97af702d996908e5c1,ad4c43603b9f8b7f5b6a3a777940c6c799881fc2fb043e193e3237bcaf3af7f9,c528903756f472e1fe7154bdef2d19b3f23b851ca42f5a0d0ff04856cc685faa,Mbpp/103,previously_frozen
159,e361dec0562208f8b5054c45f5e6dedfdd29a250a905c0e74cbde61b9d746040,24b1527f11421023266b2d27cf4e595d94ac9f7899dea442a361bba5d87d83b3,c0d3c3231ddafb575c0f7832334d0ee9fbeb493e6639f4a545d4ee26b913ef7d,Mbpp/722,previously_frozen
160,e39800df80f61e9035a6501942670ace15d88c1a7d10f066367d8673b78b39ca,794b418dfbb6d97af9e2062fff770e1a4c2f85140a9b42ec6cc6b6fa589eb937,79ddde1f1c4fb93383183e049d1e502948d9f354d7c75226d644a9d40472e542,Mbpp/118,previously_frozen
161,e3fd6a7e24e377af99eba52bf6b30b9fecbf6c6d37a9760f9414f36266d667dc,32d57f4a3d936a6e9c655af0f10d9b2a06578a1adedc54df98892a4d6b795bd3,30ae6b411b35d14943e1c54f2237883ff7cbb0ddaf655800fa9500ea0168ef9e,Mbpp/287,previously_frozen
162,e54211cd37ade36a4c2a6d2bb5ed6c2ec2e2756e6785f618a36743842541f14b,3a45ffef6c26dddc43c38babe1756cb674e65b3b7768249922aeea330cee1070,5e4f3547d664de916546e430068ff97295cdfb83fa156ec81f847f5bbe18a76a,Mbpp/572,previously_frozen
163,e6a43d41f541ecd6759cfff0ba9f05c9c9c92fb816db866b9372a33a26f231fb,ae0ea3edc7597b91f18d21dae1503c2333353a0b9686af9742afd8e1f056e10a,6598d591b790f2b6274311114905405631f407a001853c917da18151f6211810,Mbpp/410,previously_frozen
164,e6edb29d32c7593fd9774360eb7e1f43e89004d741348a9d207eb3239ea11186,77ac3b8fbd623bdf0762d2ed6082720197b57f51a53b8c77fcd77523604f047d,c085d65dc17cf98fa9a2be1b35d790f0529306e8196df1a4f837e8c8b9ea0181,Mbpp/777,previously_frozen
165,e77b2ac4cbbc9a70fbf74ecab624f3c014de9e2f1f1f2d84df40172272b3cf17,9e18ea3b77dec3889b77aee7d178f530cc35c7395c53cb0e6d2c87af57c80dd6,5dd186eaf8083b4984705e8e143b7af88a835ef98e548fe7668cc05614a24f20,Mbpp/597,previously_frozen
166,ebcb92e0b808fd8b1d94f96b4d6d038da28bab2f431f191bb1e6ac586d224796,bbcfbf7cb6786406b7dde275f718e2fcc2b980043166bfc200703d5cbef2b8dc,d15d4edc70c54f81e92cb072b1661a325d33768fe011b3348b1df66ae0a3107a,Mbpp/16,previously_frozen
167,ec0e321f57a63dbd85cb113ae59547885390b7d92791f5840b704a5296856496,a8954da149cf2b2798c61370566a7ffae02a90b9b497e047e36999d7a77a653d,621d5f3adb9598c983a7658b507f2ece90c1b942f520fd7ea95a16e7368e7f76,Mbpp/748,previously_frozen
168,eccbcae14c5f0f675a8ac39bf59c6ae697ade7053870dc772ba46d61821207e3,af469fe5ae58e9b111c2a5b1d78741fe0dfb9ed0d54b43f939e23ae28c87bcea,c133f830767237f66da751a597b7ec3b19c7039eb88edb13dc9611bd5b9dca0b,Mbpp/237,previously_frozen
169,eed04c0fcd82f2db36fee289a43842258864e8b9fd5a9d04b0c66f1970a2f70f,1b9aabce1a2e8f3075f28d50c19b12680bfd5ed66090a259eb756b911587cdab,ca75427d85b620a56777aa7ca8c82b4583679da88f403eb12a948421bf08fd1e,Mbpp/597,previously_frozen
170,ef69d3d9fd2c9e47e2ad59d0a003bc25d503ad911fc6929c1c675d536818a8e5,4646a249b7fe3dcaeb8cbcfc0ce9f76bcbcdda03f74c6dd983397d8a5f0f3ec7,234c6174b14a5dc44c7c344d8777a7b74c92929f478ca764fadbac7011e0a75e,Mbpp/11,previously_frozen
171,f30e88e1c07b06c6fdc11213bea99ef203e929783f8b5137d71e67969550c021,200edc3e0eec7ea9c2f029ace4027b019b020d97c66d503db848f9ff332ffc06,fa1491b3a3a251438a25263d0ce1c9e572cf6b6c724a2df3eb8c9bdf816d7695,Mbpp/739,previously_frozen
172,f4c12e165a4583a1b105389ec36bfb0def37fdc55108645845dd5eb88b9fa284,782774eab651523e2edbb469876812fbc4ec136263429b1ff7ba40538884dcfd,d2c1838f2686c5c3b812ce19f89719ff4cc82f5d6bd4aabff83d3072dc85787d,Mbpp/244,previously_frozen
173,f990caa97fc4b1447cfa35646de2dcce481e8f847e51c9507abd8c0b9adf4cf5,9dbe9166f6ac22cedfafb269276c88ee25a37cf84044e736f7be00d8089464ba,cb1af19e1fa01ea4684aabac3b4308abf204e5baaffe3a2b92e515ef1a02326b,Mbpp/777,batch04_newly_frozen
174,fb6d392d1c679f9cca16da5fa241746cfbfd7a8363711d243e91e834c0178fb0,a89776d747b376e8bde41df0d5026a882931a14a9669e84814607c6153de428f,ca412e8dce1022bee8cf8262556c7529fffb87d158ac85ffae23af3695d911d1,Mbpp/615,previously_frozen
175,fca03d4620eeac2dec66c0b3e719da2bd9c5b8e61987fa827987be7ae3bdb8a7,0c4c8a0096c96cacc5adea93589cc74bc53fcb5d9dad02c7a7e9a9c51d830483,c835b4729ae864ade8bf2b2271b5675e1e1ddf8bff639d4c5a6816aefa56f460,Mbpp/735,previously_frozen
176,fd2d48443692e1d2372ffafe345d4c1e508b2ca07af009d626009837fa7287a2,7e865e15f3bf0cfe4619ac724f009fa7a0d5134e1660e32f1a74469073da8824,8a231d3dc4d836642549037d8740873758afcdadcecb8f7d777df5f71dda724e,Mbpp/765,previously_frozen
177,ffc0c64bd967ba070c27259e075a50b9c599faddf7530e6caf043d84b50fb9fa,911004db3b2b2b4724d3fdf4eef002f43f6e501788d6d24dc9a463d615182161,facec816024c79b7f2b4dfbe36145f3e420090b4b7241e0ae8de88eeb491747a,Mbpp/244,previously_frozen
178,1807b80850bd5e68dd5e691a35970cbc8a713d678d186a05ed17b666da2faeed,c1a7d197c7708b5d9494be779a7ed9b43d38dd7e02feba17c9ca255fa9a9b9df,5d42e07b73cd94f1566f80d4c314ba907073729b2db4e850e167eb184853b68d,Mbpp/99,final_batch05_newly_frozen
179,e45f863ee86fd661a608ab496bcd1095e0372e264aa30f85de3285b1f9558528,c4f9f49c8d060762aa98890c7ea383334cc4f4a5aed06d1f105f579dd9a9097b,9205d79d1366bd90e2bd487d3a9672929424d9d3f14d5e5eebf59dd117bce979,Mbpp/792,final_batch05_newly_frozen
180,67d27f7d5487a3330f660c5e805260f58bc969b1e4f4b11b7458164fa9627209,cd5cfd344314f6730c9a7f680d7dd55ffb98b7b3562126fbe7929ed3b8ca636d,8b7af8104501d5bc47dccdb750b4e89120dd129943825a9f042e126f41461a2d,Mbpp/759,final_batch05_newly_frozen
181,f4bd543ec38cc80a1c41f729031320d6cf3d3504a27a78d66ea893256171b1eb,d0e24140080d838b0fa411a6c6fbf72fd3607bd41044aa70a54a3dc5a2652917,31bc00bc41dcd58298694791e3316d4bc07d45ff1fe767ac8dd03f0e24c2a7c3,Mbpp/620,final_batch05_newly_frozen
182,bebc9d4517eb814ebda7c97c58437ceeac779e888b03f9cc158b87d2621a5556,d10c4c3a33cf290555e5024a1d00fb1c827d72ea862ad8e9e70f618e6665cdc1,e620cba770bcd2fb047bc27efae8eed206cb95f8f0a5e89631dd65d5fbda3d34,Mbpp/427,final_batch05_newly_frozen
183,c3fca0ce50613b11b594fe830b547bc66579a43a2c158c7b3218e4e8cec5e76b,d6e8952a09372c813254372d7efdba2f1a1f9ad01529ec71bb61af90062df885,5e4f3547d664de916546e430068ff97295cdfb83fa156ec81f847f5bbe18a76a,Mbpp/572,final_batch05_newly_frozen
184,cffc1b0819f84e4bf908fd407066e1a41553788afdb4698de54a88c730fa5a93,da311e11ff87b49bcd2ed4eb7456c07e4b43560eb1890a9a1d1e1bfcc2d8ae54,e37ad719f704312d17bbe9173ff836e4df9e3893248cc0a4f072da1551ab7bf5,Mbpp/435,final_batch05_newly_frozen
185,18381c473abe3cc335d0f20ad720e4006d66a43e08531742a8aa0890d413d435,dbea2d3c0b5e91a70f0542ed83acc2c8a81ea79d742dd76b0bf4327fb71dd259,a43911ba40ea1eba9aad332511af4f927fad28a662fd6058ceb83bfa31ae814f,Mbpp/72,final_batch05_newly_frozen
186,32c6810fcd449d9892f7f91436be83a7308e5ae7e4b4f60fe105e0d646f10ea6,e035127c59926787770cf7d09e6e5737a0ab5885884d7b5eec7fc0fa8dbe9dd9,5765b2e478dedf1d0da415ef47b6efa44f5c90d518383846a02b8fa3f1425346,Mbpp/792,final_batch05_newly_frozen
187,65e8f4ae6ec81981c42b2378df60f74f62e7d5a008273504a14c8eab49847375,e20c3fb73759ea13d9ef3f60125bb1cbffb65ce442d305984a4026dde7b46e8e,4232a0988257265f142d08fb6513e8204bbcc3ad620c2ada06b255b92b695d62,Mbpp/237,final_batch05_newly_frozen
188,b844aa9aaf5a3780e42a405f3cd025a47eec35d811429c5013a8234eabf9fc99,e34035942f49279e74cc7c14da61099ae2325ec0c816ed64d6e8c2d44e9ad594,a28904e41029dfb063340305696545d26df38a84db1be4c9d30f81baf63d9131,Mbpp/119,final_batch05_newly_frozen
189,530d1ccc4c380c95b8722921ca3bc44bfdb0fee1e94524ce7240234964bff2b5,e62f5c9713692a4bae0ae1ba5077e0b37b46e00fcaf9312de4d72a4c05f849ef,3796e8bb741ca0284d2712dc154ccd6107cba83bd2e578dfd544352e45553399,Mbpp/769,final_batch05_newly_frozen
190,3cbf2b6965e1664e403696800f79f2c5a05796a2e53e684325e6f1316917610e,e85ead3e256d45a98dff7ed90ae9a1eb27937f9afe035676cc884f01ae13669a,d15d4edc70c54f81e92cb072b1661a325d33768fe011b3348b1df66ae0a3107a,Mbpp/16,final_batch05_newly_frozen
191,b6b40f87a0fca96c133abf996c156d05fa45f85dd74b17a8de976afc1156b72b,f3b152a48d3151267f448c854339f602b1fd0606d6e2fe4e20a774f029079bbb,37940ebd2d5fa967f199890cbfd470ea482e27a0bbd8ec818d6fe6a10d072dff,Mbpp/771,final_batch05_newly_frozen
192,c07fe7f853408eaa06180ce0f35a30d663848fb8f48bab8738b5f469c5005848,f577c29f018779bba4ba02e683fcf7b285700559c10036f5f262d3580b694455,c2e0f9035e3c95667299ee69a78ea21f52b32cfc77fa1c870f729e4257524dca,Mbpp/771,final_batch05_newly_frozen
193,fd222255aa7bb1ea12cc1ff2803e97dfbea14dd5e0b66c1f0fc6d47525cbf496,f5a3924eae1972d3f71b287a379e069295aa377283d8429a352416ccd3ed6243,466d15c7a356968c016465534334d69332c6957d0124ada0c759cab2cc2de7dc,Mbpp/765,final_batch05_newly_frozen
194,79f2f92bf28f4b2a000e2c6208c349e3b70a07edc232a72287fcd3f4554f928f,fa5a49bae5aacc269bbba5a927d4839d1c04e0afa4d2d508cfc95d34df05c877,bb30959fb0a47aa934bafbeec2462fb951ca6e43cfd2c451757797fff62d60ad,Mbpp/440,final_batch05_newly_frozen
195,9d8163821b833c86eba9f076a8f5960898a0e211ee784ce38ffc8ee69d444ea5,faa92ffdc441f230379bf7175f22c7be6f3c25340f9473e28d57a579698c3b6d,e242d575d211c60ca6582fd48ef5a1942d6e9654dad49fd698d9413a0c13236b,Mbpp/620,final_batch05_newly_frozen
196,e913f388d031f822e2242f3a6bd58ad889319788f48a88ef57511e02ae942f5e,fab2363176ff08eb4050cfd8bed0ddd21793185ed25dbec2e8f54dde571ae77a,062f2601db8d83b1d5f235aa87d363a9a4a8f4bc8a8d8ad563d8a7a8f90f2af0,Mbpp/759,final_batch05_newly_frozen
197,f988417709fb8231162928b761900a611f5c2fcddd376f43abe6404e592be69b,fc6fa5bd9f3b1dd6835220a2af4c7324cdff749be841c8753292bd778a3c657f,b589f2330fe4a86bb0f1490783914a33a61a906c7b17818328586380b5932807,Mbpp/633,final_batch05_newly_frozen
198,9949052811c7aa1cc2afe6f8b3b792027930d4e100965db568d88ff52fbb3db5,fecb44add792a30c7498be505f3bddc0c50ecf8b0f769420488d6743ed2158c8,e620cba770bcd2fb047bc27efae8eed206cb95f8f0a5e89631dd65d5fbda3d34,Mbpp/427,final_batch05_newly_frozen
