cell_identity,task_id,treatment,transform_class
7c2d71469684ab81605c53ba1c45bdccbfb30c563866ed9a6481f04bf318b853,HumanEval/0,ab1,UNCHANGED
90868e59bc0760cd7c37378a3d8e8c4ccc022fbd26772ee142b8f00a68524feb,HumanEval/0,ab2g,UNCHANGED
71b69182a3197c476bd16f07bfe47ba661f446a9979cb9ccc4cbcd7d0332aec4,HumanEval/1,ab1,UNCHANGED
996e0da7baa5db70a108223e5315e756b178248b76961507a6f4f82691ea6a84,HumanEval/1,ab2g,UNCHANGED
b53e2f34828b37154b99aa0ef8a9fe6d50e45db42d5b92a7e7f6e700eafa6d6b,HumanEval/2,ab1,UNCHANGED
1bba34a932bdb3767c90e9d6bc14477da476afe076f5f633de8825df0568ef44,HumanEval/2,ab2g,UNCHANGED
2230f9789cf10270bc967fcc4f639f8921dfd9dc4322e0411b957f1b72641c98,HumanEval/3,ab1,UNCHANGED
8e396f3d258a7ccc215fc684d9d3c1b3491e135740f66dc62534bb7978f867bc,HumanEval/3,ab2g,UNCHANGED
d3b231286bde503a128291503bff3e2f5463927ced34cc34a01272478a61122f,HumanEval/4,ab1,UNCHANGED
6a2cb331028c051442f885072c8949989cde3ef4ee28672ab2da38876ff52f4c,HumanEval/4,ab2g,UNCHANGED
525d3a7c7b272308dea17498b8d99439916bc21950f62f1f64c3ccd8e596efe3,HumanEval/5,ab1,UNCHANGED
6d5ef2acba783d87b95058362678df412cde73a8527b3ff35f7a9724c83cbc07,HumanEval/5,ab2g,UNCHANGED
c5a9421b1ba1db0905878b786ef75a865414790ac1d78da8371d50ac98095bb1,HumanEval/6,ab1,UNCHANGED
4468a4deab1066439ea6ae54a354845630179fbb20fb32870a1bc3fe4ce5c0b3,HumanEval/6,ab2g,UNCHANGED
f892853bfdfca987840260b833301dbaaffda59c3ac60ee8bab25d649b7bfbe6,HumanEval/7,ab1,UNCHANGED
6e51ee8639f30ae58c603200fb4d420c76c4ecb710b13e13d05f60006f0eb070,HumanEval/7,ab2g,UNCHANGED
2f8851ca2046b1a2441e8094233f8687252a64fb45a19083021285ff9f027252,HumanEval/8,ab1,UNCHANGED
5eac07dc2784f6ae1746520311123f3107256cd8bfada2e5b10e345d3a0c40b7,HumanEval/8,ab2g,UNCHANGED
f3f772e172aec17b45005c50878cda845e3e5c2258982421c7445a224c0c75be,HumanEval/9,ab1,UNCHANGED
f6d5036af5eca53c0f6f28243080d886d3c0cef06f45a3236a0e923b3de9bb93,HumanEval/9,ab2g,UNCHANGED
c64725c7587b533c8ade26172a7c0a3daccc0320e3dc6252e7026fbcf2e88c3d,HumanEval/10,ab1,UNCHANGED
4ccd8f14803bb8d79691aff6b8ff421a70f0bfca8b0d996cd9b7c9154ba31ba4,HumanEval/10,ab2g,UNCHANGED
275691a5614d25073266cd436c979ea0a74befe0ee7af5388d17bbf48ad8e95b,HumanEval/11,ab1,UNCHANGED
ffc8c4e7fb7b9373b5308e00559d1faf9112214c597ad601bc14c63e901e62b2,HumanEval/11,ab2g,UNCHANGED
08c510968fede6fc787d8c04fe5a542924d0f9ba6afb58887441669e3b6b4b1e,HumanEval/12,ab1,UNCHANGED
3d8c18c5666720fbaa3fa5c876f13462146b003cbb73fba1fdb0bd84963eee63,HumanEval/12,ab2g,UNCHANGED
8ede4048c6911b986a4e378cf3162fc705a80087a47f25cd507248b9005b0fc1,HumanEval/13,ab1,UNCHANGED
8cca4c852b45565967fffbe54e1295832e424bbd84128cb2a164459b4fbc921f,HumanEval/13,ab2g,UNCHANGED
74f5eb3733274fa957c313dc45a7704be63a3fb7560a1a29aaf6294251cd9365,HumanEval/14,ab1,UNCHANGED
214b5826e7c1c766bdec981ae576cdc6766c93b9a81d07d9a965ad9996942ad3,HumanEval/14,ab2g,UNCHANGED
fe0fa75d02452fbd2e6554fccb527fdaebafd07959999d8d0e80df05b5bc200b,HumanEval/15,ab1,UNCHANGED
b6b40da09ae468045a18b736ea52be1444a8c96ed6193cd34a08acee317fbcdd,HumanEval/15,ab2g,UNCHANGED
d73eb8401796943422fd9a973d91a773011d0ca9e30ce3c798c9ba1e6f8b811f,HumanEval/16,ab1,UNCHANGED
c47f1fd3d867ae58c60542c51263d601c222179de59d580ad42db2ba7c39a4c5,HumanEval/16,ab2g,UNCHANGED
0863879f3ae51f48962a48134a64af1c9b556e0153374e556829ce0521e4b6d8,HumanEval/17,ab1,UNCHANGED
36a0a743112fc04a2896d37200588853640dcc48e290e9c0a848dd7fccc42224,HumanEval/17,ab2g,UNCHANGED
f2f1ce63c512d80cf2437a271b4181b62e7ce4a75fd350ad83a36ec025bc98a6,HumanEval/18,ab1,UNCHANGED
016919f517f0a201d4d0a9697d84ee5dd30dc91beea62a256c0d8b680177fdb5,HumanEval/18,ab2g,UNCHANGED
7a8f2b6f5e92afdb11556b326f0eedba1e14c7ed86e07337a9b01b9c6b11690e,HumanEval/19,ab1,UNCHANGED
e670a2e6073c43e1a5b15a79b47890ff7d91a4f135938f5aaeedc460389edaf5,HumanEval/19,ab2g,UNCHANGED
3e966ea40d7a0ae5dc7f0b46f2793a3ac8330d356355ea66c385b92e1c2e37e3,HumanEval/20,ab1,UNCHANGED
491a06c81964db62668337dc7d0c2ca84a339fe3669c6b510d8ed75c5ec98344,HumanEval/20,ab2g,UNCHANGED
ad4fcd10fe0bbcbccbb643b03c317ca511747f7ac5334f1c6ccd7b15348f19bb,HumanEval/21,ab1,UNCHANGED
6cd0615a250683f22410023e59d0ac1f855c9e8c8f6128f5bc7796a5cdfb2a02,HumanEval/21,ab2g,UNCHANGED
476aa756ce9bb664c3568b1c28b449b1e5f1319f1c6621c6ac74f3695d60ec06,HumanEval/22,ab1,UNCHANGED
20bff0583dd8bd4b291a7f0f502273c5c9772eda8c366a9fccd48dfdff693f26,HumanEval/22,ab2g,UNCHANGED
8ea09dc7bb0d9678392f9cc4200cfc3b6c9ceb7f2b8ce17a8c466d17461597ab,HumanEval/23,ab1,UNCHANGED
0efe06c4ce409316ecdb752e6043fb81a49533bc13f8e166857717ce509af826,HumanEval/23,ab2g,UNCHANGED
cf3d05c8f86ca2e8a200e00fd6f8306bbfdc7c379c8747107f78670c1ee71f0e,HumanEval/24,ab1,UNCHANGED
c478d5e7071e257058e3c6259cd82d7410aa18e79a25a99c84708c0e748b308f,HumanEval/24,ab2g,UNCHANGED
d6e20ce7d7453394fa30beff2b5b3c182a0c4a926af8ce3e2b991965219e7c94,HumanEval/25,ab1,UNCHANGED
f8ee022c3e2d836caaf85318062f6f7a52ad9f7de4130e16f7f568d03073e812,HumanEval/25,ab2g,UNCHANGED
1cb79248faf8c8a42e78dc350b318f92a0c842f7e097eec10ba39d6aa9efa5cd,HumanEval/26,ab1,UNCHANGED
ac22121fcfd55858baa5ff464ff6b38370be54017e8ac3e45c4812a0e70ce55e,HumanEval/26,ab2g,UNCHANGED
d0bac52b676c7e8f646a7f6bca8cf3b4c25449e16efe986c060cf2c754b5dd8f,HumanEval/27,ab1,UNCHANGED
b61df2173a534973b91a9fd67ee8bea1319a50d384c79a7c6f26474ed8ad1ff1,HumanEval/27,ab2g,UNCHANGED
8fa9a3ee874438952755d07303de78d793966b6371a48bd2f920c262010d3e12,HumanEval/28,ab1,UNCHANGED
7f38a8327ece12a394b75837aebb2abd64142845c2c612f7fe21aed0bfe62a5e,HumanEval/28,ab2g,UNCHANGED
08b76d89ccdfafe7856a7ab2e7ae75157073e8f32c18a2dea15b476d15bb22d3,HumanEval/29,ab1,UNCHANGED
0d091ba6c5d43e8482c9a0285b858d8927da7f3debbb8b9c86ff9d6198d4d32d,HumanEval/29,ab2g,UNCHANGED
b9a01cc874203a6e96ed169ae76e46180e3fc959bd9cc1ac52dc2826e8dd5bfb,HumanEval/30,ab1,UNCHANGED
ec2f5e951e7b4abca6eb43b191af924f3850e6405f59cfb66a1a2a24e57eec5e,HumanEval/30,ab2g,UNCHANGED
0b132af22cc09e175b14f27abb401db875e9d6d0324d476147a1aa85972b0f0d,HumanEval/31,ab1,UNCHANGED
57c30db16999d11bb5eb9973b0af09b9bef26aa667fd8072ef0c32c52e3d5480,HumanEval/31,ab2g,UNCHANGED
c1f7f12dc8470d962b2deb1d4500f681b6ebc70f7976aeeb49696aa6cd373196,HumanEval/32,ab1,UNCHANGED
695b996509781f72bb19af12decd72365bae380191fe185ee927cd94e8102213,HumanEval/32,ab2g,UNCHANGED
2c913147b406088b0884e42558e5486a04e3ac9eb22988de5b66918bd09f2818,HumanEval/33,ab1,UNCHANGED
1744fbe40fc250127534330acddb46bbe2db657bda3358efb7c07d7c2b71e5d0,HumanEval/33,ab2g,UNCHANGED
e2187c8731ba33f62001e0da2e0f5a632ab1a1b6c3a55374723a8606a4997a24,HumanEval/34,ab1,UNCHANGED
ab887d6dada373f2c1af7e772830e33db966831e52751055ef7875ac627ac085,HumanEval/34,ab2g,UNCHANGED
1644a9e8cd17bab954948d19b58cee09cd0bfe1a5aa3769b9d442255c73e6822,HumanEval/35,ab1,UNCHANGED
d2f98027450530051f758a9f77d5bbb27cdeee4a67fdb281abc83975bfe6cadd,HumanEval/35,ab2g,UNCHANGED
3a56d93f87219496e395e0a524622f36d6544288cf7d9ee1bf013c9604e9a7b1,HumanEval/36,ab1,UNCHANGED
518a70d52966893a3b7107aa8c87899e98662020afbbfc5573a53065d9e4e331,HumanEval/36,ab2g,UNCHANGED
f83154f4120e7ca2eb3b79524b47837ba72b376f2a927435eb390fd87f5830d8,HumanEval/37,ab1,UNCHANGED
58b6c1c34175d7b4cbb53a431e4712ee6b1e008ea182bc5bf06be80bd24c6a33,HumanEval/37,ab2g,UNCHANGED
775873e3d80600fed09a9dd493e5485e7c684ee560c886c43d6a0144dcc42ecb,HumanEval/38,ab1,UNCHANGED
9773862c117af2c66ee09a4a48c88b146d2e4ee39446e5943b13ed7dae50354d,HumanEval/38,ab2g,UNCHANGED
d77f20cf6e00059ef72f8392442bf94389fb177b1131f0a8a79308f314662983,HumanEval/39,ab1,UNCHANGED
045451c40651b1de7a4c1bf264bc659b3e5da97db9fa2f66c8467d2c95bd7d91,HumanEval/39,ab2g,UNCHANGED
44c375bc0ba042cced71e0e8586cb9bc527075e2d79426531318779950cc46c6,HumanEval/40,ab1,UNCHANGED
a7d7ac66b63eb2b7ec79f4c230d593d2c5085ab151b4229b9daf0ef4e6c314a6,HumanEval/40,ab2g,UNCHANGED
c88997fdf2110d4feaa45e3334f579ee702502241ed131ff3e4b30e24b9e6093,HumanEval/41,ab1,UNCHANGED
954b4c8ff957a11ccad67b8dcb2f93d224b63f324ff754e02e921bbf0e0c3ccc,HumanEval/41,ab2g,UNCHANGED
55a32686f284eae6ff7cb7ed04681d77f0d0089a421a26a5bef32b5af057b194,HumanEval/42,ab1,UNCHANGED
6a093677203ef81c3ce3b3bf79902b13900660ebe6e56b9f7cb0b9f5ee1a44a1,HumanEval/42,ab2g,UNCHANGED
a1de5c1ab12e10198bbbdb42bf1d2bcccff2c6038cfe8ed1b3ff0e734724f1d0,HumanEval/43,ab1,UNCHANGED
e0d6a0ce40ca5ea3034b749a3cd669866041b6fae11aa3ebbf91c9c728afaecc,HumanEval/43,ab2g,UNCHANGED
fa3acaa5e270c99f7f8f1377adc0d07d2c2a449d1ef7e7c33d59d3c9df3ffb4a,HumanEval/44,ab1,UNCHANGED
219bb2e1512ff3ac5d5a0dc846fe95731934c966a1a2ab4834bc656442793d1a,HumanEval/44,ab2g,UNCHANGED
248004587ff36fd70bdf2058ae6ff1d0e26681a8cdc0d59d1689bb2facc0a1e6,HumanEval/45,ab1,UNCHANGED
c61ca66ad885936c87e3d35a0aaeee9fe86a15a41be60a8db5fbf8991d2d75f2,HumanEval/45,ab2g,UNCHANGED
28620c437be6217d0f87298a8524cbee171a371bd977c523ad1c75139b9de45a,HumanEval/46,ab1,UNCHANGED
e10d127ea13bde6111445f2856c0b86d69eb594dc11df03d584696eea796b255,HumanEval/46,ab2g,UNCHANGED
8cd017312fdf2a6565d123803c15a2abe6a5cdb20db6c0dfd619043a6234cd7d,HumanEval/47,ab1,UNCHANGED
1aa23c59501ce4532b722c013d2a74432f1837bb5e47f3d61476767a47c2baad,HumanEval/47,ab2g,UNCHANGED
e1597f9d26764a914c2441486902dee3f58b76885d7d54a79eedb10f95787871,HumanEval/48,ab1,UNCHANGED
8a495825b29e724e266fca77be3863d5e29cd2827c16b734014676f6f6e2ea88,HumanEval/48,ab2g,UNCHANGED
6f41444bd614f6119c518e2ae139760902e1ee021c0eb44dcacbf78a84ca7e94,HumanEval/49,ab1,UNCHANGED
cb28e79ad2cc6b0cad1fd25948c0eef77b268f06d2796e76ae8637bf6aabdcfe,HumanEval/49,ab2g,UNCHANGED
703061e650ff29aec8ba562a79a14a4dc27d3b6adcb84aa78cbe566ddeba1b2b,HumanEval/50,ab1,UNCHANGED
d1d0d45db5077e31dd24eb6fb20c9a0845fb9799db24e349bca8374a8b9e1502,HumanEval/50,ab2g,UNCHANGED
5b5b46b1adb8bc15c87bb931dace018c87aec107ab0d7410f0722508be5408c8,HumanEval/51,ab1,UNCHANGED
5fcc35d25dee666557308922cad1102396defeb8df476b5f6ec2067e4508d718,HumanEval/51,ab2g,UNCHANGED
9109a6dc91966a4d74e36f532e990b0d3a3f1cdf92e141ebcb19080bc312295c,HumanEval/52,ab1,UNCHANGED
16bd957a80981fa31c96d84668a1025285b27ad4698dd36d134acc13c23eaefe,HumanEval/52,ab2g,UNCHANGED
f2d53338a99888192faff61e02200c5f60300636b5f4646aacc25c10329ca26d,HumanEval/53,ab1,UNCHANGED
de371eebe75a16e7e406fb61bd696565feec504d420962741a64e5365eeeb675,HumanEval/53,ab2g,UNCHANGED
84013f0f034e3be9448d82eee5b15c8ccd377e5a4159cd7f92adc4d0ccbd322a,HumanEval/54,ab1,UNCHANGED
c1be31c91abe2add157489d8708df5c4a79f9bd176e18a3165f89035473c33d3,HumanEval/54,ab2g,UNCHANGED
67045b2922f5abb8ce53acb305acbb0feaedc175a88290157e8d59a17554b7eb,HumanEval/55,ab1,UNCHANGED
1d688444ddc6fcef101aba0222487af89ec1a96954511ec335697a9c40920572,HumanEval/55,ab2g,UNCHANGED
d28a12a7eecc0c16489e0d050c336c095df2bfa796c9711cf7398c9901b9ea52,HumanEval/56,ab1,UNCHANGED
4e395e8de4e573ab3015b51be78d31e5373d674bcaa46e08d6f6ca6fae70cd2b,HumanEval/56,ab2g,UNCHANGED
e7d1d91e1edae3e0bb4a2ac64a7334292a39a3da43084af2ed67dcd1a9a87121,HumanEval/57,ab1,UNCHANGED
867d20ce71a8e36448b66899470f9cf4a9324edc9de597e8ff9fdeaf608af471,HumanEval/57,ab2g,UNCHANGED
c31195098c4c33122fb54cbb9dd57c2df1fb3a6c0c1ca94125f6a69506403147,HumanEval/58,ab1,UNCHANGED
2b33efd2ad4f822575f1efca6d74b37d531ebbbd4d7b440217d769faf7c9f5a2,HumanEval/58,ab2g,UNCHANGED
aae457d97ac1c3d2944b11b87975698dc3a8b2971a566d0f180ec8a4a7632ed8,HumanEval/59,ab1,UNCHANGED
2bcfcc41f84a1ab8db921d4ce3f1b8ead867a41d4bba4f91bd62ba36c66e0c67,HumanEval/59,ab2g,UNCHANGED
b7e96b5841ad4b65192b92757da243daffde5ce7f766b9de86188cf7033c4ff8,HumanEval/60,ab1,UNCHANGED
a36228f3e4cf324997a3d3f0a1f8ded021b99b4daea7f48914fe89ab27b1288f,HumanEval/60,ab2g,UNCHANGED
4acdcb6adfbc4b74da904ceaf9e08936a6608f4cc92e781618c8a56f8cf815ac,HumanEval/61,ab1,UNCHANGED
564505e5c9012c7c7c2534eaf4243c9787c9aa0d8acdcb3b22bff3dab82d203c,HumanEval/61,ab2g,UNCHANGED
01b771f175b7d4d03fffdca720c02659accb150d86137a08b7b1ae58bf3b756b,HumanEval/62,ab1,UNCHANGED
0dedc629201c2c1b3ab43616a4a4e242e0a9010c5c7d540e7c36ae648bed93c1,HumanEval/62,ab2g,UNCHANGED
f53df22b021af40ce30b9c5a0e6920b14e8e5cc76a3327735ce89a1990226556,HumanEval/63,ab1,UNCHANGED
bdf14c8328601ab3b4882c5e05ad8ee7eb866170afcec0d10e82287dca2ac319,HumanEval/63,ab2g,UNCHANGED
716218e2c728883067e673a2a9d675ccddc2a0617c803ae9cac69fb32c1b3982,HumanEval/64,ab1,UNCHANGED
b3142822de0f8a2f35a8741acc63cd5a3db3a99937975d9be70a874ade9c0c4c,HumanEval/64,ab2g,UNCHANGED
77b1f281a60dc63292ff308d7a1134d07fd525802bc4f18be0e28c4d5d0faa54,HumanEval/65,ab1,UNCHANGED
af22243e0ba93d3339ed43374db22d4b5a05dc704d30db413c0f34e2260c9e94,HumanEval/65,ab2g,UNCHANGED
d63ec04f4e3718e767c52a89ba609e120bbcc21d3127f7185da2db02224f8226,HumanEval/66,ab1,UNCHANGED
24d43fa837ce0c72a586042c277d58499876fbe2488a8d9846e725706e5021bf,HumanEval/66,ab2g,UNCHANGED
95abf1e04b23b104242f2029a89a82b30d1f7bb74c7bd2e29e04360d3f6814ec,HumanEval/67,ab1,UNCHANGED
3bca4ca38e01109c1405b266547f1cc92e8cc853cd7bb1af1932a80cd3ca172f,HumanEval/67,ab2g,UNCHANGED
67a8ae072022671ddeaafe497b8cebd7c9722042a35b7701d46f4de61c6074af,HumanEval/68,ab1,UNCHANGED
7f4617d3fbf81dad2ebdc1b32bfb6b2b27db9a1ac7cb52ebe1bdb917f78ad41d,HumanEval/68,ab2g,UNCHANGED
d186e6338e84d91787f8c35dd4000c96d13862f37d8f85507030ef3b9242067f,HumanEval/69,ab1,UNCHANGED
cbb733c01863a8cea21a587186300e71625046a5caf24de3722dd2123a571b6d,HumanEval/69,ab2g,UNCHANGED
3e611ab835ac49cd3511d51741b3393ed693993351b563ecc5f5e03875d70131,HumanEval/70,ab1,UNCHANGED
5b1a8f297e2a5bd8eb31b1c39146edbaebf764f8f99c260e4106ce15151b5015,HumanEval/70,ab2g,UNCHANGED
903f206775d6270fbf04b0c16b26c436aeaa4def0ff9f0f3a1da0487d844e539,HumanEval/71,ab1,UNCHANGED
2fd5b7ffa4caa96923e38467a9705af58919d57f1b86c5083d13cf42b8f13a6d,HumanEval/71,ab2g,UNCHANGED
964375b8cd0822a3ba6d2155eb6495b6cedcd1ab688a01a58105e522a8485374,HumanEval/72,ab1,UNCHANGED
d1856992ab154df69fe584b506593e84de32a92c157c64805fe1db1a46e49059,HumanEval/72,ab2g,UNCHANGED
9b198001c5f375f093ad59a97fc508ceb1fa45bd1314e88dd7e89594296bbb6a,HumanEval/73,ab1,UNCHANGED
f2ffdd52546220791d9dd738fa23cf8228eb28c71e444603878107a434db3453,HumanEval/73,ab2g,UNCHANGED
0ce27c8a16186935dcfe97970f5fc943067a015de608e66539ae50ec098eaf10,HumanEval/74,ab1,UNCHANGED
1a06ebbb98b1e5cd1e0c6b643285acdff1aaed9be525164ccd11e5c51ad21290,HumanEval/74,ab2g,UNCHANGED
194d8d292492b53542ccb216885e4f9e79cf9c317af7b0c0d23972823b181d59,HumanEval/75,ab1,UNCHANGED
92f9f9c33dbd2fc025adb0301e49b076eccdb427ec2d3135a82c72510f54e193,HumanEval/75,ab2g,UNCHANGED
d762d93bb86798ec57f52b83e2261a745995a7185360e76b5beb159d18b156a0,HumanEval/76,ab1,UNCHANGED
2f5abfc75243405da0883aa5ad65418f24b03239e1087ab583e6937129fac2fd,HumanEval/76,ab2g,UNCHANGED
72b8f91b82d844a95160d39c6e506b1bbf296cd269aaf41343e2d9478633728c,HumanEval/77,ab1,UNCHANGED
ad7afa3a8f338b829cc8943d639a9d7114f4962e3a9feae8c2c6d09d379bdeea,HumanEval/77,ab2g,UNCHANGED
760a4b24ca5ee1491d56b846ca8dd1809efc8aeaab7884fab8d3327ba3fb0d83,HumanEval/78,ab1,UNCHANGED
9d5f4b22eab4fa4dbce586bc99cbdcce9d1d5eb6a9de3ed707500e836e9b3acf,HumanEval/78,ab2g,UNCHANGED
cff2b31c499261d534bb22c881bb1d3f27d5a53ce5b33f59caa09eb444b6ad59,HumanEval/79,ab1,UNCHANGED
ca8fbaad34cea61316043d08292182f12c814e6f6ac48562e2564f68d57e1c82,HumanEval/79,ab2g,UNCHANGED
8ce35143a2ec7fcd6f79913935e846bd2a94ad84acc98382cdbbdfa85a1a4a4a,HumanEval/80,ab1,UNCHANGED
8f6781bbbb5daa4fcb44f848131f97f426922f62e0726490a30ffc1fe3e3426f,HumanEval/80,ab2g,UNCHANGED
c89bae9aaf0d2f1ca46c423a5b71391e2130b86f72cdeec8c678b4f3dffe4010,HumanEval/81,ab1,UNCHANGED
8b9887ba8d050f1725d74562b11c29949783aa52cbeb3064d51cc9867453d584,HumanEval/81,ab2g,UNCHANGED
4af3830e84008f19623fb7eefa0d634622131f4d59bac292db8d82624eb987ab,HumanEval/82,ab1,UNCHANGED
74b7df11ec3a32367814d53dbb6d55d774f54182ed011e89eb50b8be574bb7dc,HumanEval/82,ab2g,UNCHANGED
9a90331cd20aff0c33c216be732910b67bc73bdc82dab59170e5fbb7b57b9bd3,HumanEval/83,ab1,UNCHANGED
0d19da009214ac103a68504afeb8ee3a3c73a931c5c615e89488e2a35afaf6e5,HumanEval/83,ab2g,UNCHANGED
185696a930cb463ed13d18e9c92b49a16c221b0636a77cee72570919d8007719,HumanEval/84,ab1,UNCHANGED
6b04a383ce108416285044294a85d40d6a4e729be0cb0bb8ba59d3187df59d51,HumanEval/84,ab2g,UNCHANGED
1eb0ed2d398d2dad4656ad7b4a641c7f5ca1abfad8615f756b95c8433e92c7a3,HumanEval/85,ab1,UNCHANGED
a7f78fc72ec203279f841d32d73736aa358b9cde35549df8d5aff6a0cb5fe7e0,HumanEval/85,ab2g,UNCHANGED
c8369879b3c6c6b6d4bedd9af655e441d389eb82952bfa27f5f9375f0491825c,HumanEval/86,ab1,UNCHANGED
43a089ecc45624b9b467b6cc32cee4f19960cd5ca33b65e6e0ba51c71df07b67,HumanEval/86,ab2g,UNCHANGED
f1890b940d7d9c48e4fe83612bdd27156a2c1350b198702a1cddaad56c585854,HumanEval/87,ab1,UNCHANGED
2c19e9da2cda77b6674091a334c9f38e9be09a8780866ef20a92e41c334b55ee,HumanEval/87,ab2g,UNCHANGED
b76470010987d62382a762cd2dcf7838b8f8511419092047247ce025c9a85918,HumanEval/88,ab1,UNCHANGED
b6857dd705586b84815bc6ecfae1f4d602a3c30cf63a603bd604fe651c11fedd,HumanEval/88,ab2g,UNCHANGED
25f3b794475e19f51ae3ae6ec4b54e5e6233e3b03a32af6927ae34cf9ce13593,HumanEval/89,ab1,UNCHANGED
9df94e26a0532441f897fc05bdf709b0dab2157fceabac8882ca9d7a55a7f42b,HumanEval/89,ab2g,UNCHANGED
298e958905d76458bb7bb2fcc6b8cfa59b10a4b723923c4cb5299b7cf9550df8,HumanEval/90,ab1,UNCHANGED
f6b933db227008320e487931090d707f4b1fae9d7f16658d83967831e3dbed1b,HumanEval/90,ab2g,UNCHANGED
ac14d43efb1a7f447e5a004bac425a932d827309bb8dc552fc22913db377356f,HumanEval/91,ab1,UNCHANGED
985f4640940dea604d3de4084b2219d23710e83e8440009bbf34d5096321f723,HumanEval/91,ab2g,UNCHANGED
8c9dee1a5f0923efd1399a4a398d568c3e6a6cae4659382b5baf196f73a62778,HumanEval/92,ab1,UNCHANGED
964ad0ab5cd1cf18e286f0dbc2c8408f977de5e3840dcfa0e2285ab1aaf4b37d,HumanEval/92,ab2g,UNCHANGED
7de3f092e0814e142917c6e1b39b1dce24cc6b8da9efd987095d60ab87a9f9f9,HumanEval/93,ab1,UNCHANGED
93c2ee62fb4a59297e38386276e20516a9b7a0e5e1b9d00253f9059007c05e83,HumanEval/93,ab2g,UNCHANGED
92f74471b08614c72f4137bc362f48d6762d8a19c8e8846b5aa32505ba79df25,HumanEval/94,ab1,UNCHANGED
6ef1a42754813faa49c8943fbce001d58a787bf9badb8eb4cea1fadf818b7ebe,HumanEval/94,ab2g,UNCHANGED
d0ab4a79ade59c3a1fa539cc04df014cd66e2cca5dd4b5bca84a35c6cc4c810d,HumanEval/95,ab1,UNCHANGED
eb805b6bb8659dad228c6fb9206ece00f73a6e051834c5bc8942065192f26f77,HumanEval/95,ab2g,UNCHANGED
ff8badc64df256c1c60d84dd801938d0e095be3394b378232966748e9ea2f228,HumanEval/96,ab1,UNCHANGED
162a8cb92b3d3f1598a0e05b3c8095ccae1bdce542ccecb9fcc617971fc43528,HumanEval/96,ab2g,UNCHANGED
2d5075d16b93efc4ff44458f4649b9c6659ed7f9291000c935395d6a61ec8972,HumanEval/97,ab1,UNCHANGED
c31cd053db6aa5e4d5ee850700cada5e7e6fae9bc4af7d33a22cd19f99896916,HumanEval/97,ab2g,UNCHANGED
0429b2e28704b096635c56dd8c4751feb06e9ec80d6a7673e0ff0d45104e19e9,HumanEval/98,ab1,UNCHANGED
7e9f6458683dd2c2455156b829c23e2feaae8613be2014fc7d7a6021c208537a,HumanEval/98,ab2g,UNCHANGED
4c4fd265d5243b8581fbc74067b5ff362c290a150a2ae04c96cf3044ad5842ff,HumanEval/99,ab1,UNCHANGED
4464eb0d356790a55ed47141b10641c5812f25a02d9f3b5263287d174bf5a0ae,HumanEval/99,ab2g,UNCHANGED
6f16191b2900e90a8ddd48751ee7a437f471b9fafd8aab65e75d37b66f284542,HumanEval/100,ab1,UNCHANGED
b18eb8e109d2388b92c71e68218fde1c68d9b1ee9ef0e935693709482664011a,HumanEval/100,ab2g,UNCHANGED
eb9f055ca2c1de6e58cfd20dc0897e3e55b1fca87ed4a3274237ef8ff71ecc22,HumanEval/101,ab1,UNCHANGED
ae583e4623e44f36e4ac9a4dcfb27fa1768a451b26f7af66ed661533746f11ed,HumanEval/101,ab2g,UNCHANGED
f5b49140f6b186133bf100362ec8879cc6decfe40363491c4d58fdf58d479674,HumanEval/102,ab1,UNCHANGED
2d08cd807fb27179fbf69f50056608d446c4674e7ac069aed0f1eb9cbaaff64f,HumanEval/102,ab2g,UNCHANGED
362cae82183181d638e146ff244c598104842ca22cb46c679b1b046fb97c25dc,HumanEval/103,ab1,UNCHANGED
059e992b77aab6bd5c85b5aca0c4b05084f92e11c4b04d5cbce7ccbc9418c23f,HumanEval/103,ab2g,UNCHANGED
36b85a34f35729e89742274fe7b3d45fb9a34a2a76b7fc2896069c1a7bcf1cda,HumanEval/104,ab1,UNCHANGED
b517e886e2f41204fbd2be8025be8fd3812e213ecccbf97a77d1a455a52f0e97,HumanEval/104,ab2g,UNCHANGED
4787df2831150f1aa40b6866e1d8f8155d5ed96ff0475c5b0ab648e0a01dfa07,HumanEval/105,ab1,UNCHANGED
0d05be4ad282beb978d3fe98a429ab7ec543cb3d35345c0d779997577eb12a08,HumanEval/105,ab2g,UNCHANGED
4b8aa3d3326d9f96ce3e0d0029c8afed2ee1f6a2c3415a092ebf3b8995e0a0da,HumanEval/106,ab1,UNCHANGED
13892011425d4e64b4b17788fb24cab3194360be4f73b8bc0fced6cb23481601,HumanEval/106,ab2g,UNCHANGED
b9047dd5bf710ac9dc64887640c998c0969ea721ecc8d4c2cab89476d10912dc,HumanEval/107,ab1,UNCHANGED
2ee5da03d60b132bf419d9127fb32cd4527f203f801509a824956d484afbe4a8,HumanEval/107,ab2g,UNCHANGED
6c43565537d66049628ca668cef17c186ff609d4b601f6b748b1fd39f661e759,HumanEval/108,ab1,UNCHANGED
7714327f1c7899a86325e24fc59746cfc16e6d6fe944f53483f411a255c90cb9,HumanEval/108,ab2g,UNCHANGED
1ee02e638d39d53713389f7e666adfef2b05bc4a39a2f9b39c5ed0e3e64dbcd6,HumanEval/109,ab1,UNCHANGED
74a01888bf7afdb6cbec01b5405c7786eaef1608f2a80c31ee04ee13aedd3055,HumanEval/109,ab2g,UNCHANGED
3b404f24be999a6ba0775e582dc433be8389669d0a408bf10f044f55a34e4312,HumanEval/110,ab1,UNCHANGED
c68d4650a57a57e3b18bd9a14263db0fb0be5cfdc1e9aab0f250815617c9d122,HumanEval/110,ab2g,UNCHANGED
7e81bd62420aed98184013427d80a6042730bafc59d75b79d6497eb485d1e434,HumanEval/111,ab1,UNCHANGED
a76efd81593ee67db7629d6d92f7a2be9f35cdc3b34976a092871c0b29f80d17,HumanEval/111,ab2g,UNCHANGED
9cdbc78b088a1dd5360c4961dafc81fea9492e36bc54d73e94798b38f53c273f,HumanEval/112,ab1,UNCHANGED
1bfe0d681b7d3224251ad34ae2f385cc7b59d836dfd1a8d9453c504bb834fcae,HumanEval/112,ab2g,UNCHANGED
21bb3042d1964a26ad697384b12e080b8d16367f7b3087a8dff32713e6c09f50,HumanEval/113,ab1,UNCHANGED
4da1a4f2ffd0859266b7f8a4c9dac6fd541bfd48fca17669002d7c480ef1f7c4,HumanEval/113,ab2g,UNCHANGED
5730695fb52f7b4a76dc942be2e64ae11e1a3066cd3b44a68e19900a52b14ac9,HumanEval/114,ab1,UNCHANGED
83d2f4e945f92a6a07e0b6d0697045857e5c05d377ff2110647bf0f50b6029aa,HumanEval/114,ab2g,UNCHANGED
07ed1941f325fe7f859c91789b22147cb0dd59e69e27557cc5795e588e1e7b08,HumanEval/115,ab1,UNCHANGED
6768c857b2f681508b108c6de1199828477575c7a8c8efecc7826cc66f95de8f,HumanEval/115,ab2g,UNCHANGED
f5ec2a1fddd861e14857574e0ca397af81510115aa1d315bede62155a8ce9957,HumanEval/116,ab1,UNCHANGED
a4a1c77b111d940ae9c8c4403c388c71242a45feb7f866a786d8ddfb4b3df477,HumanEval/116,ab2g,UNCHANGED
f22333e1ec86958caffebcf4727c5b5a2e5991dd43dcdf23253b3036276ff4c5,HumanEval/117,ab1,UNCHANGED
5325883fb11690e6251b358900214e57d0681755d8e698a99f23ae517f7dc406,HumanEval/117,ab2g,UNCHANGED
f461a8f10931e9ef5fc647bbbf5854c93be4b0f8ac38eb9c6c628e1d320fdcf8,HumanEval/118,ab1,UNCHANGED
1f043fd3afb0fd12bfc7207b90dccaf9daccc7c41286ed7216595f6ddbff853a,HumanEval/118,ab2g,UNCHANGED
69998d954e77317e2f2fc027f441be0f9b3b1d8b508810a8dffb3a1a92f59480,HumanEval/119,ab1,UNCHANGED
d5368d02e625ce334ee8ab8058ab721aabb3e75f8aa1413a917c72d5e34c9fb1,HumanEval/119,ab2g,UNCHANGED
f2b58533fb60689a680e64d2aad553cf93bbd79edbe4c87c7eb13bba4cf5a0b9,HumanEval/120,ab1,UNCHANGED
76bc50ab0c07d388c8bcbf4703c83f23b86d84956a9da9129d4303e406debded,HumanEval/120,ab2g,UNCHANGED
c3302ac8601c9dc2feeb20a327ff5ad33778a7d2864512978de0f0de7f1648bd,HumanEval/121,ab1,UNCHANGED
b843f6a591dc3e79fc7b6c52f90cfb7d3f5c8969e7de80f611c7a76edcfd3189,HumanEval/121,ab2g,UNCHANGED
769bdea93b42c231e71a1ed409e2516490e0c074ef7b439dd3946384e9b6477e,HumanEval/122,ab1,UNCHANGED
90b936772108e6da55b81328be07d0feec9876783856dfd184947ff1e274b9ce,HumanEval/122,ab2g,UNCHANGED
1beca0d5e5523fed2c9e95dd0e2701c193125185ca638fe3b7d6ebdff93b49e3,HumanEval/123,ab1,UNCHANGED
b43de64f708117b2da5a77fd13c09d4795a49181878e8a0076c10b7a5ef2b7f7,HumanEval/123,ab2g,UNCHANGED
fa7a70ce7da9de651f14ac4fec7e7a98b0f6591521165c8f0476673a109929f3,HumanEval/124,ab1,UNCHANGED
4aeb2a36e534b308f7ad6f3e1950cca0bb995a6be11e384c2441abbae18f3e63,HumanEval/124,ab2g,UNCHANGED
036e2b0f42c70972aadcc01fa57378e1509e592280b1648d29f0194372fbfdcb,HumanEval/125,ab1,UNCHANGED
b2aa488fa5cadc5a1fe6cc5546695649eaa6eb726b14dcdf3975353004590504,HumanEval/125,ab2g,UNCHANGED
d7b1cb3c265fa4c2ed73d18350e6dab7f29ae01c1ac0c1f9935c8595a921030b,HumanEval/126,ab1,UNCHANGED
788f5cf5209ab9adbd0cf26e0bbfdcbec3ade891f8416c5b38f923863c077b5d,HumanEval/126,ab2g,UNCHANGED
efee34edd521aa7600104c71019be08b6f9d309627255d3c98bfcebedfd850e4,HumanEval/127,ab1,UNCHANGED
ef46b04df3a4414bdca8d563e4d7e39afbdbf307f8585431fe4492fc91c4f3ca,HumanEval/127,ab2g,UNCHANGED
5fb723e8a11be472b8da352a67b45f9014b4956a1d7eec12679489334b7f1e50,HumanEval/128,ab1,UNCHANGED
c2f08f1315ca71493ac9149af81e3bc0f0863b47ff58f8f789493e438e9c0131,HumanEval/128,ab2g,UNCHANGED
2b943aa162c387d6ad6c0baf1e211708095f9e88b63f67dac09ccc972d778f2e,HumanEval/129,ab1,UNCHANGED
6d39f82f889e405e5fd700e16607c553f23ed4af8ac592ed655ab459d85a762d,HumanEval/129,ab2g,UNCHANGED
8b53f3b990d6f52bac395b9afc002b04a08c69b6f335995e5515c935d12be124,HumanEval/130,ab1,UNCHANGED
988d16b09b6687196b4c5f0646a66ea86ba86a988c65a06d1b5546ed8925791a,HumanEval/130,ab2g,UNCHANGED
cb1ba1a642dc25b4cb9e6d8f7df392bc24fe17c940adde5594d1c957170524b5,HumanEval/131,ab1,UNCHANGED
2c0dbfb2c2dbbd112590155703bc3f9cf9854097f2822b38e0e8763d4bedf127,HumanEval/131,ab2g,UNCHANGED
8257577d46c2e6e544c6cc9226de3a60701d8da6b4490eea2434dcbba88d1229,HumanEval/132,ab1,UNCHANGED
a62d36695cca730d768a22729c35650f90cfc66df4738950efd2bbcfdb6192ec,HumanEval/132,ab2g,UNCHANGED
a9365669f6545313321a7d380fac9a02be43cce498854355d0aad75c9b3ae800,HumanEval/133,ab1,UNCHANGED
b440d0d78dce8f2549b328a5c9417d75312b818123af3b3c34232995ed1180b6,HumanEval/133,ab2g,UNCHANGED
856d26d6cc292cbabf65c5c1cf293c44898159bbf445121d942305ff6797fb80,HumanEval/134,ab1,UNCHANGED
0c25461d2fd843139a3ada791053553af4fd4a71d1e9b4e963c555a97fd47983,HumanEval/134,ab2g,UNCHANGED
47d3db34f05603936f672c5fddba4f33a6357f65eabecf64ed27314d54a74b8f,HumanEval/135,ab1,UNCHANGED
cfd900daf3868be0396e37e8f66df56e6975ae70897bd01735345872bdfce146,HumanEval/135,ab2g,UNCHANGED
1f9d63e871953acd77108801dbd341dcb20f7cb013c139ac1ebffeb2bccae169,HumanEval/136,ab1,UNCHANGED
f572adee76901b86d6846e321093fe3ca3c32529cbd88fcbe79ef7c758ed2c50,HumanEval/136,ab2g,UNCHANGED
8022976c87d5ceb662718a8361845ae25f0c749662d283126f2019f93bbd6938,HumanEval/137,ab1,UNCHANGED
9a4fb8f673172b075b64f5711b45326c0eecfb02465a8f21367416cedd9e77f2,HumanEval/137,ab2g,UNCHANGED
b04b13f678baad9fa6679859b0788542f525f636741f19f8a7fa203ba69371d1,HumanEval/138,ab1,UNCHANGED
a99d907ef5c16c02f7c7d0c13073e3435a980aa73339de1e2fc9c35a4062adde,HumanEval/138,ab2g,UNCHANGED
ce5f637c32231b4d2f19da4fcea165243eccd00da22b717759d9993f53131340,HumanEval/139,ab1,UNCHANGED
68cc9e89fabf45ad6b2641541115c22601c9045899f5e2118082cc999be6c1a6,HumanEval/139,ab2g,UNCHANGED
a0c9a2df68899a166b058508942a888881094729e9db555860d3a9766dbfb4b3,HumanEval/140,ab1,UNCHANGED
2e1de4ac1d5d50cf297b7e98b3b729edd4da6d3d111681f508af5117187f9df1,HumanEval/140,ab2g,UNCHANGED
536261d7814234e5cb001d9d23e92ca4547583537cf65440692ca805b9e8282c,HumanEval/141,ab1,UNCHANGED
d702e7cf9389f961da2f5c87bf466e1d584fc01491b0ad7674d68db365841364,HumanEval/141,ab2g,UNCHANGED
5a3e4db69825222a0fb3d88f39de3e607beab318954259802010ceed6c7a57d4,HumanEval/142,ab1,UNCHANGED
415b5ff2db03e8fce7164ab7f40b9044b6e711975b85a3bf5a8f96f9e755f906,HumanEval/142,ab2g,UNCHANGED
112cd0b64ae99d93fe6f451d152fcad6e3e480ce6811c5838513984cbea707e7,HumanEval/143,ab1,UNCHANGED
21d16914b99f65d8676739c1f7079df218a27a50f22023fb1f9b9c9bfc98ae8a,HumanEval/143,ab2g,UNCHANGED
f44ef4bc72fb84305dd1daf64ea66f44d9a62c1f3c5b85e98e71f1786197a6fe,HumanEval/144,ab1,UNCHANGED
df31cb7fe105e87ad1a5bc28a78dfdc448a4a8dd93b8ba5890749b990a699f46,HumanEval/144,ab2g,UNCHANGED
007632e8cca44ce135a6ce66223ff2a2bffcc8d93453b17ce1cb7f5f037b5d1f,HumanEval/145,ab1,UNCHANGED
dc13608b83ec11cf1f8297806f7b3b668538d222f5097759fec04658ad88db6a,HumanEval/145,ab2g,UNCHANGED
b79d9daaf4056222d312a4e6dd3a6f329e9ec94b7769d628f454ccd28be500f0,HumanEval/146,ab1,UNCHANGED
deea9c703b6c778783d9070b8d37354cebdb512d3d2008b145c5dd3467eb668f,HumanEval/146,ab2g,UNCHANGED
6e1b3822894817d34a5d3528d473e3e282118980a2ad812148ca63684134ba9a,HumanEval/147,ab1,UNCHANGED
4fa05aa2c16c05f99b2b3f4e6a0ee2ee12beaa035ce8813739a1dd562aa5ee21,HumanEval/147,ab2g,UNCHANGED
3b8fbcf25e06225673047d88fea56b2079eefd6587e08b6d1aa98eeb9f622e03,HumanEval/148,ab1,UNCHANGED
f8e030bc3d6bfbc53d9abb84688964c83f2b271f685eccba13b8b85971eaaa86,HumanEval/148,ab2g,UNCHANGED
472ad4169586b7074862079a0deac0341c3990a79788f160d1a6e4205b9db4aa,HumanEval/149,ab1,UNCHANGED
b7bd39d783679077cb230109f03e9a7f8f176f5925cb0d3d397c1b820ef5edad,HumanEval/149,ab2g,UNCHANGED
3efdcfb24641bbcf240142967893b99d4dac57bad291232ced421259586d8631,HumanEval/150,ab1,UNCHANGED
a2c5c1b7e6dacd1ea73219905b04e4c9a3772d3ec8ca2cf7b07ebd77df744c8c,HumanEval/150,ab2g,UNCHANGED
f06e570ff53ad6d1bff6054721d4ce43e01a675f639e47a5b4e3afa2ae772868,HumanEval/151,ab1,UNCHANGED
15a655ee2f6bee0f210d100c8656f5f2acceeef6ecb129c332e83bc06a23ab0d,HumanEval/151,ab2g,UNCHANGED
e2e37bdb9d551625f2434d72e0f966d9bd4ef40b8b60556aba1a16e473647f46,HumanEval/152,ab1,UNCHANGED
fe45e8a51e37c60af772a5ef47bd3352d953fbb70c5f49a05a4674954e68d882,HumanEval/152,ab2g,UNCHANGED
45722658b0acb18bd99f7dd85e9a46ed086bedcf2bb3284564433b8cfd01ea33,HumanEval/153,ab1,UNCHANGED
a811592bfc5e336e0d1a1f7f37aedd7dd00f3fad9e8b585eb097563ad27ae2df,HumanEval/153,ab2g,UNCHANGED
25d14d96c8361de4a20968bb29ef915df3e31440e070973ae4fa01b7a46565a8,HumanEval/154,ab1,UNCHANGED
0dd99b654b7b9dfd9143981c96345ac7e3c1d0a3a320be94170786a05f87d4a4,HumanEval/154,ab2g,UNCHANGED
5aef81fb2b798f3dad8cd43c1d61f9424178a48540c6d9411d5675fba2bb414e,HumanEval/155,ab1,UNCHANGED
58e674aa7a3bc168d1b094ef6f5e289adc8329e1260cd2123fe07c3d343a0e89,HumanEval/155,ab2g,UNCHANGED
4b0c2f7e52edc7b9ae60ff94c8ce15ebcf25512ad7a88311d333a111c9ed39a9,HumanEval/156,ab1,UNCHANGED
eed3e9748bc31ff4aaee7b356dd4e79fc24134b39783e7fcdcc6061346c0c96d,HumanEval/156,ab2g,UNCHANGED
19961e436dd38d6186358cb77613feef84c0869cf743f5664e4db816a256f488,HumanEval/157,ab1,UNCHANGED
5dd21ff91041c4109936866f1f5af749f4b3fa3a9836d4bde9ed24b91d550a6c,HumanEval/157,ab2g,UNCHANGED
08039e166bb5929b635fb9196cbe545d4376eb281390d22204762a98d2fb0e1c,HumanEval/158,ab1,UNCHANGED
1cc76fe5a67f355883489a5afeed45976431e77bde4b2a0c393dfdce8dc1efb8,HumanEval/158,ab2g,UNCHANGED
a9636a972618f55efc1dbc8b90086ccc405d1db6003d6add2696b63c9b28766b,HumanEval/159,ab1,UNCHANGED
9d966508cae7643f76d6225da176eb5360c4f5c108d028e45e9f044f12c9a19c,HumanEval/159,ab2g,UNCHANGED
70dc6a24445e9b078f6e5a913a2e6db12d68d48110674d4d46278440ad6e7e0b,HumanEval/160,ab1,UNCHANGED
43dcee4fc675f0d413a559e0c47798bb16f24c3772dbd544a9796a8753ac1c88,HumanEval/160,ab2g,UNCHANGED
ec5ffb7b8ce30b72feaf7117878a2b47a490f39b2b92ba22fef646da4ced201c,HumanEval/161,ab1,UNCHANGED
15f403b85636a77392f95f7521dddd5b884e4b2d5ba0331b66fa4320cafe93b1,HumanEval/161,ab2g,UNCHANGED
e57d4ca57817218668dd04fb526089ebd3d9ed0d37a6185e2641afab8b13bcfd,HumanEval/162,ab1,UNCHANGED
d357bb087515562edb0ac66d45650e3a0e5fa4325bb607e9ee56c96cbae348aa,HumanEval/162,ab2g,UNCHANGED
84794b329868eafaf976946c2406e3fb9f29f5620417596fbdf437a79c8710f9,HumanEval/163,ab1,UNCHANGED
2fc92b02ce787b70274d2fa99d33e0f6e781f21b691f58553695cd0fa24f4ae4,HumanEval/163,ab2g,UNCHANGED
9751a8499cbbedb23391749f3ad81b6c8bfc8fa3d6005e37d12c869b282a645d,Mbpp/2,ab1,H2_ONLY
a852de32735f3ae351125910ca1807018f0ab452f47a487bf70ac2fcdae8eb84,Mbpp/2,ab2g,UNCHANGED
aef5dc8a357f9ce6c04ec1d0a130b1939caa6b73287e38bb618eac03d0a72b60,Mbpp/3,ab1,UNCHANGED
bdaccdb6e9d9add1dcf26ee97cd6d6d82b0f240115e4f7a6166edc2459ed3502,Mbpp/3,ab2g,UNCHANGED
081345629da709a8025cd844261fac1c6301821d0f822ba244d67f320063f835,Mbpp/4,ab1,UNCHANGED
30b59e3cfcda8e152491b765113462408acabe3b5747322d6c7c94df2ef5e1d1,Mbpp/4,ab2g,UNCHANGED
53f798973171a4618cee8d3204b23329ce18c4c5923a4bcb0417c2bff71f427d,Mbpp/6,ab1,UNCHANGED
5e904a40e981804b7bfdaf7a0f6bfb73379a012205806eadc3b43a9b0927bd2e,Mbpp/6,ab2g,UNCHANGED
7b8604300205112e60affe9ac873de23611fd2513e8e91ff4f55e3f9768c6cbf,Mbpp/7,ab1,H1_ONLY
5ff35f794e2d9fb59478334928482157610d206b4a0e5ee970a26026e9ef9088,Mbpp/7,ab2g,UNCHANGED
d59536f53e0825d808f8029563210fb39b7e304bf8f3afbf1ae5c0eb78dbe8fe,Mbpp/8,ab1,H2_ONLY
e5430739ab19d28001707203316d2e8314736456e32d3106da4a665609bff7e5,Mbpp/8,ab2g,UNCHANGED
37de62c824274507b19b50a08ebb3f04ae21ff46f439231e39b02756911bbe82,Mbpp/9,ab1,UNCHANGED
da5454ae9745c3f99e1941d90588098c06f53656f57d8b25fd4113bfa318ee8c,Mbpp/9,ab2g,UNCHANGED
2690afbbe510face5178d085f4a2639e73a3f1a346e3209cfdbc5c3c01287e3e,Mbpp/11,ab1,UNCHANGED
12c20c397eb19127892b6d5494292e33220d5c64130cc3705458461a982ef840,Mbpp/11,ab2g,H2_ONLY
a765c13a8998894f445762b44c45cd6b177b0ca520eb3068fb6dcd794e3048a3,Mbpp/12,ab1,UNCHANGED
a6dca2d7c5ed8f3216500a4c92d279aa28ea4c9b97bccd4b967500733c99c5ee,Mbpp/12,ab2g,UNCHANGED
e73eba701da68f63315c8e41074377910f5ef7d926db0363b7af1be4065bdf7b,Mbpp/14,ab1,UNCHANGED
5ba6ab181187e70fc01b3ef441e1528733d91ff05f64190aaf685e9275f8c7f6,Mbpp/14,ab2g,UNCHANGED
339f86ea79f4b1d3efaa7312f2a518db24221bdda3f95ac9549f68c35da774d6,Mbpp/16,ab1,UNCHANGED
cd554d3a139c92ada3b78bb91c0399414cd41fffe3e196a10b1c2a675dbe363e,Mbpp/16,ab2g,UNCHANGED
424bb5f761c9f71f5eee695497325ffcfc33059fa51160d9bad3b22c2b5773fd,Mbpp/17,ab1,UNCHANGED
b6a6fe346791d4cb7b2e8012a64039f99ae9ab14bfe912614d952aa6e611da42,Mbpp/17,ab2g,UNCHANGED
e6664a83eb8e2404738dc8db516dd66a7d4d42c90ef8fe7b1abef48e10352f5e,Mbpp/18,ab1,H2_ONLY
a7ba13239ecea6c74bde56fcb378daff04f462ad753e4a46e09cec4782525a17,Mbpp/18,ab2g,UNCHANGED
9195d14f6a84058278dc83e6966737527390df5a223661c55a64a7568f6e49cd,Mbpp/19,ab1,UNCHANGED
3faf71559d9a13bef71d4af37d92154486821775be6949ee74ad9acd44303d11,Mbpp/19,ab2g,UNCHANGED
cb05f5588239fa81abc86d3e527560579cbc340388821c96fc4d6a01733c73c7,Mbpp/20,ab1,H2_ONLY
ffbe31df912bf4f7930097d7384e88070eb3607ca57b5122de73a7d873e05d6c,Mbpp/20,ab2g,UNCHANGED
ea46eba5c8c5f35a4c3706638e1d5ff005c3b55a6092b7a9d5ac846028ec4942,Mbpp/56,ab1,H2_ONLY
649ba658ffc9054ba5d4826f4866eb59a3683dcbdcdaab13a1295a4219978ef5,Mbpp/56,ab2g,UNCHANGED
810117a4820f009a8b0ce50b40e6dee87299177f266e3edb1951cd2eec975db1,Mbpp/57,ab1,UNCHANGED
9f5e92eac9cf0a3745b0f56febc298efd2ad28a47b4d74a6ce5001136a602cb5,Mbpp/57,ab2g,UNCHANGED
f593e8c65f625dd5457797b0c8ca0a2ace536c817b48c26b3af4d76c5e8f0aff,Mbpp/58,ab1,H1_ONLY
5b6b0043666af13f2863a9c68f0ac0dd34630afdf4ef310a7c5465b72e8d3128,Mbpp/58,ab2g,UNCHANGED
76c64ad6e86d2a85b05d7952f5163e82fde1f1e63a472ff7ed04f3297e5b67e5,Mbpp/59,ab1,H1_ONLY
59bb253ba87506cffa93c67521d6b995f182b8a322c4c3f8d233689663d06077,Mbpp/59,ab2g,UNCHANGED
526ac9c6c55b235245856054cd7b3707218ec58480f397c415df730d6cbb6e92,Mbpp/61,ab1,UNCHANGED
386d03de4d4b854fd9013d34be5c57ba2c1ed8bf63ca3371f80e7e22748ea795,Mbpp/61,ab2g,UNCHANGED
b54b5d1daf58faeddf66d3f4e05fb91a8bece57a0a84b7df73c54fc0b2a2cdb0,Mbpp/62,ab1,UNCHANGED
b3f9f124fcb615b87caf9027ccf3dc36427d7e440435232625565f89f332ce70,Mbpp/62,ab2g,H2_ONLY
7731ccd3a7b36a87da0ccd42d208ed09ce607fd9c0f9363cfa96de2a3653123f,Mbpp/63,ab1,UNCHANGED
49f2fba086ce1ee85998462ae1088492748f7be9575050adaf9f0f171c968450,Mbpp/63,ab2g,H2_ONLY
3536a7583313c671fbd95936ffc22634b57e48c5d86fbf9d4c805d09abf1b22c,Mbpp/64,ab1,H2_AND_H4
cac1b08f968a3db790880a125ef2f7085f5c02c66df96649106e7dcc9c293fdf,Mbpp/64,ab2g,UNCHANGED
10be6dee64864f1f7327b96e67c44f8468411e819caa1e4ff9ddc02aa2c21f13,Mbpp/65,ab1,H2_AND_H4
829178b2e67601e913b402d593b25c05d2ef8b4740998907f90f1cbefd6207d3,Mbpp/65,ab2g,UNCHANGED
29947ca975083df86dbf940b30fc6911de07060fd23834abae2a1caf29980c66,Mbpp/66,ab1,H2_AND_H4
70c6df668d3e4c2b639f9875553bc9f1c95e5c451ebb0046c47106598ebe8c2f,Mbpp/66,ab2g,UNCHANGED
300c4382c7b25e9a167749ded47d92872d3a54531650f40306bf4a5d86c209aa,Mbpp/67,ab1,UNCHANGED
f97b93c520674084e1e8955094e8c9abda86143a364ddc32a44a928545431a6d,Mbpp/67,ab2g,UNCHANGED
916d0d2a37a3828821287323a0848e58a9a246eaaf306d8b0c2813c5d98ed5ff,Mbpp/68,ab1,H1_ONLY
0fd69539da19a2b214ffba4a5a54d880eb1e001fa7eb6a112fff9a495aa98b9b,Mbpp/68,ab2g,UNCHANGED
26890e6c848a82ff7432c287b9526b18fadeabc6d10ffbe02209a8335a67fa63,Mbpp/69,ab1,UNCHANGED
12d2bfae6426f880b3029e61fcdddd93aeb810734ee0d16dcd61baecc9863cc1,Mbpp/69,ab2g,UNCHANGED
8259f799ddcee4197747bedbf8cf4b3557f424b40a3ad144beac543dde77ec6d,Mbpp/70,ab1,UNCHANGED
e5b62f9146b8e7bd305b0d97c054f37fad0f86a0c89dc9bdc7f713c3a06d5624,Mbpp/70,ab2g,UNCHANGED
b7c1352f0d90b440066c6c8bf391e4916ed8fc59e5b6b9fb189c1ab015410a9d,Mbpp/71,ab1,H2_AND_H4
0142f4ad69afd7597874f8bb5dc4c9df35d8428b268b3b02858816af1dde880e,Mbpp/71,ab2g,UNCHANGED
ab9ec1c695ba3cbb468f5d57be0ebe2c7f76960dac902a95b52ac72aa99576d4,Mbpp/72,ab1,UNCHANGED
c73c09d91656b01430abba9719a056acdfc4383e076b16e5e0d9c181f4e0063f,Mbpp/72,ab2g,UNCHANGED
eb5fd2adcec37075af0b41f9c41f1288c633dbc118e66c25ef01b6935ae563f2,Mbpp/74,ab1,H1_ONLY
c7c6af4f9ed84f7e53b96d6a9c1e83202100883a753a00676e5dc1a35d6baf73,Mbpp/74,ab2g,UNCHANGED
fd5099c10fa0b45a9c5eb801962a3434972b6ca12ab8c620ee1d36aceec77845,Mbpp/75,ab1,H2_AND_H4
8ff417d2f3e1da88ebac463cfcf03a54749021ea07eb55aeb818ce164a69aee2,Mbpp/75,ab2g,UNCHANGED
2d6566fe13a8b9c274bdf7e9203f42f5fd74934c8fe4a47419e84df25a488ec7,Mbpp/77,ab1,UNCHANGED
e591bd6f1ad5c36ed980cc625271d611cf829ca4e6ff448118a8e3803b7089f5,Mbpp/77,ab2g,UNCHANGED
91a654acad73c237bcf918a42749d8ccfd61ff041fdbdb3315d76be357783088,Mbpp/79,ab1,UNCHANGED
8f64bf6084aedff703cbb66aba960dd2dd0a38cf762a2fa4a03dbfb1f94cf72f,Mbpp/79,ab2g,UNCHANGED
c97d3d0f292f3ffb7c25e815817fe201a15620f7aef7f7e9955d4ac7f90fe46e,Mbpp/80,ab1,H2_ONLY
f67ce95e9b35a1895ca44274dc92798873fcece70ca634867b00c1c69036a1c6,Mbpp/80,ab2g,UNCHANGED
f0ebafeb28c2665444c91e5f81e3026555bf5b4a3e564af07fc6918980295d94,Mbpp/82,ab1,UNCHANGED
1798fe8089a43472b110521f8509c98fedc0be1ba5a7405c1056b7b12ffe6315,Mbpp/82,ab2g,UNCHANGED
3a13739293ae67c142b90e6d5ca61171f8cd310a085f24756563f69e1bfc9da8,Mbpp/84,ab1,H2_ONLY
59ce7f7d8249d3d4787795abfedd0010789c097bb599ab5cc632329d18a67a9e,Mbpp/84,ab2g,UNCHANGED
48910136705b5639331579b4de749aad0911832490948cfceced46976c50b5c1,Mbpp/85,ab1,UNCHANGED
a4544ce2efc07fc60827c4d34e3d26711e29a55966b5dc4eee2d6d6c6096e2a3,Mbpp/85,ab2g,UNCHANGED
9b0bb811a1abd4f06753f0fa5b9ebfb43d5a288306cfd9dd9e9907ba29fa30ee,Mbpp/86,ab1,H2_ONLY
cf3ab2e9e54cb6b06bc2698bdd7a1977373285c95f436ec5f87b6d5d9059fd47,Mbpp/86,ab2g,UNCHANGED
6b15d08e0916f9f9be65df6c1630b03a3b7ef6122c1b5df67f43bf83d0f09d05,Mbpp/87,ab1,UNCHANGED
b63184a1a5382fa092ced2747d81662545414f8d04d868e35258292a11169a93,Mbpp/87,ab2g,UNCHANGED
4c9ea29ad9db7a7381ff66834ede22b59cb218c21b99853c6faad249b4e953fb,Mbpp/88,ab1,UNCHANGED
d6540a105e6b40c77434addf3a9fb53a0bdc8c6636b28ed1ab1b198af6eeda38,Mbpp/88,ab2g,UNCHANGED
b9d2aeaf5026a20925ce6988b0923580eb16f767575de0602e95a3590addbf78,Mbpp/89,ab1,UNCHANGED
d8b9dcf3bd846c230bfc63ed95aa403a6f06035a65295241ef6b530618cd45e8,Mbpp/89,ab2g,UNCHANGED
ee6dff45efd17053452ade9ec6a8bae1c7fbcdaf7d5555e02a9f7c422f4c05b3,Mbpp/90,ab1,H1_ONLY
9dbf82f50c40b72c5bae20e32ebc8a13bd656a112699d6818a0625b88dc4e80d,Mbpp/90,ab2g,UNCHANGED
d271511bebbd4d045a394abcc6557be6a77e41636e02a6794864c23ce2e41f19,Mbpp/91,ab1,H2_AND_H4
95a583bf2a581ef539ff0c9877385cbf739be7d01cda565cb2fde091fda922c2,Mbpp/91,ab2g,UNCHANGED
990fcf22a2540433cc91bbad48ee0c0120d702f7c7fea7646247326381d5ac5c,Mbpp/92,ab1,UNCHANGED
bf6880f7749514854f1b1899d44a20f6d760b31e080cacba0ccb2a53a079525d,Mbpp/92,ab2g,UNCHANGED
b6d7d292a28041bbac10d097b0c42e916f955cbf637d2ba46f88d784a975b362,Mbpp/93,ab1,UNCHANGED
70d32fbfc2b6cfe48d4445d50e1be77fa848730881dca72297af870767ca84df,Mbpp/93,ab2g,UNCHANGED
82cae95b4b822286191a375c102b8c1bd15ad8b2c2a610341dfec40734ff68d5,Mbpp/94,ab1,UNCHANGED
78034664739f816772514de49d709dd131ddcfc09e4564b699b8b5e93362a1c2,Mbpp/94,ab2g,UNCHANGED
dad1defb346f47405bcdbe4261248d821ac0f7cc926a8721d47173f57c753ae3,Mbpp/95,ab1,H1_ONLY
a4aad1ceb83f64c8ea2e9aa51c83f776e480cb530dbd9bb340dbd07af32e7d1d,Mbpp/95,ab2g,UNCHANGED
2983df83c2c0d2a9181df17534b7be56787d6ea2407dd13a8f25ee52a9d1a4c6,Mbpp/96,ab1,H1_ONLY
ad3cbedda81df809c7b272a1ef8dc084fb6fa4c738f34ad79299c1e81a5fa9c7,Mbpp/96,ab2g,UNCHANGED
9359a0209f49a45f4ee53e2566be9c62ddd756bef1394c4f69330007386ae272,Mbpp/97,ab1,UNCHANGED
6a68472636933e9a59cd8d4ca88de7193021a88a3a6e432cee8a88f54d081439,Mbpp/97,ab2g,UNCHANGED
1b3c4891866a860d4e97fdc087292e26a9cb23de454724837fbf3fa9dbe69816,Mbpp/98,ab1,UNCHANGED
a4b07f4f1868fa2279617bb2d409551e7b4e5a3b3e7e148b3a50dfab52e505a9,Mbpp/98,ab2g,UNCHANGED
2acf520b2d0066ccd24a79e7cc70c75ebb0de204a921d7acc16e4576aae9aeca,Mbpp/99,ab1,UNCHANGED
a3ba8719cbb87404d0d46586562b09376491b39aa3160c12a850c38ae7f021cf,Mbpp/99,ab2g,UNCHANGED
24d512301ad02b6fa2846084028847845ac97c21c0bc03042995b61cf628cb03,Mbpp/100,ab1,H2_ONLY
57fdfe1af7bfcf0ea81fca674d325ad1e45cf29369cfe767b299ca6490aa65d2,Mbpp/100,ab2g,UNCHANGED
24a5e67fb78ec02b8f70958c6b329594e599b2dfa2d84f514811e2ba20c2670b,Mbpp/101,ab1,UNCHANGED
9c7c1843d1fde29530c82f81d4fbe46ddd5e4a431c8bc80a55a7607f7e999674,Mbpp/101,ab2g,UNCHANGED
301ae6ab1b3365052edb8f84a97db8f5f656552fa862580a14d3d6c22486bf74,Mbpp/102,ab1,H2_AND_H4
8412285465dd7705a9d2fdaa61146fb4652eb0cd72889cb75b830ba735e4d340,Mbpp/102,ab2g,UNCHANGED
16497359548381454f967fc5400335a257fbba472dd46acc43dd84ed36dc1194,Mbpp/103,ab1,UNCHANGED
f7b08c78cf356e093be603033906ab7391990726c030f22d793070b2bdb9e33f,Mbpp/103,ab2g,UNCHANGED
bf47b9b07c517e8214cb88e3b7c2893bab9028ef1df8b8d11aaa98a763ae64c9,Mbpp/104,ab1,UNCHANGED
88a4e5d1372605c47878db68684ec50ff1b87e0606bcde69dfaa1bfe8943d422,Mbpp/104,ab2g,UNCHANGED
550e6240e8b6fcfe755f80171898c9aaa8dd56b2b71e2b744bd1d69383c13404,Mbpp/105,ab1,H1_ONLY
d6e6b3bf13af26a53a6bb6c6ceacca2220f2dabe4c50450075d7b435045f0683,Mbpp/105,ab2g,UNCHANGED
c4a7602458088f371f65df335ed1e08ca26dfbc6f8d3927c6ab8dfb56a964e58,Mbpp/106,ab1,H2_AND_H4
41c99746c1af84f8b245c12a1b59cfcb5065df11de8a324f6a0fb79908610b22,Mbpp/106,ab2g,UNCHANGED
a8565e82254a2701ffcd11b2b150987dc6387534d9b2a41d5d20634c7ab7662d,Mbpp/108,ab1,UNCHANGED
f6e7b4ed55c383fe894d6054eda14bb4ec6baa3877749c2e91bb5dc5a8a01f50,Mbpp/108,ab2g,UNCHANGED
769155b53f897120e8a3da8a2dc5917433320b9e987a05bec71ee74e39e0b495,Mbpp/109,ab1,UNCHANGED
6e7b55eeed0125738a0e9b62f648b07cd41571e61db3161bdeb6afa93605034b,Mbpp/109,ab2g,UNCHANGED
8b7460d027c97e82a85c129a5d21e2c0bb6c1e53a886f1cb0c7a352ae7bfec98,Mbpp/111,ab1,UNCHANGED
dfd622e8946c8cd9dd0da1ab41c9328316cde69b066b19090408efa84242fcb0,Mbpp/111,ab2g,UNCHANGED
77a7e8c97d8a699115d5bbe016d639bdb4e750595e17c74f43d15678b5e2f174,Mbpp/113,ab1,UNCHANGED
b486d887856539c5f9e71e442dd43ce4e9356da304d8531bbf0bd1bae72ec231,Mbpp/113,ab2g,UNCHANGED
7fc67afb8038326d0c2f9881d8399782413fc4ed46331e1fa5891029f7506662,Mbpp/116,ab1,H2_AND_H4
263e98e8b5b180b68eafd93d0094fe692c1cb791c6765fd4fb314f81727ac466,Mbpp/116,ab2g,UNCHANGED
b6bf870cf3b0f656571fa55230cfcc048dd4ee8ca54b7d244dbc5e7e38ab328e,Mbpp/118,ab1,H2_AND_H4
901c78c61a2163f9ec407367ab497577481a656ba9f8bdc09e1f2a0cd9e7ac5f,Mbpp/118,ab2g,UNCHANGED
8116f3dc4b0f22fbf8c8db37db4fa7480079e1e6f6d9e3bfede8a22de7463f68,Mbpp/119,ab1,UNCHANGED
bb82d3ce9bef519109baeff3e6301231d84c8f230d1203fabfcea3692e302129,Mbpp/119,ab2g,UNCHANGED
518725c43d8bf38539c6988a70cd1548fde0a9f36ea56d8631bc5993d4a89aa7,Mbpp/120,ab1,UNCHANGED
e0e07a403ba779890cf0449d9cb6de9bc19db73324a0ab16d5e9b7fc5ba7aa47,Mbpp/120,ab2g,UNCHANGED
f0066aeeb7aaec66ff5a36482ecef163d916cc93d1fe234f481d5baa2dc0e363,Mbpp/123,ab1,H2_ONLY
842a836d68d1bfcd0001da6b285e821021f6db3c896845182cd0fb1f9dffa7bc,Mbpp/123,ab2g,UNCHANGED
c941bc501d091806c7d25412c89ad7821452b5ec81c8cdf38513f4c5d7298d4f,Mbpp/124,ab1,UNCHANGED
7e2e077425d8a7684eca750670c6990a53c8b8e72f6dbe44950bcaae1013f010,Mbpp/124,ab2g,UNCHANGED
23f0445fae95f13a8d37ccbd226119efd60c16352c61dd170ce39a07ba54f326,Mbpp/125,ab1,UNCHANGED
628aa625688aeace047098c38206d89f1edd32e8d3794a3b955fce297488243c,Mbpp/125,ab2g,UNCHANGED
f92d135674c06780430f99ccb66ec05b44798e63e1df889a649a7973bb126c3a,Mbpp/126,ab1,UNCHANGED
017e1fad044d8d6224f8f13c9834191dfec39ef529d9253b0a078b6d41afe169,Mbpp/126,ab2g,H1_ONLY
a945ce3dbe64180b2348ebb8c59b7f0c6094a470e157527a49a15f0bad3278b6,Mbpp/127,ab1,H2_AND_H4
bfa320bbeb14de56940ee51378e078fc1aa27f6da3637678a8048bd1f31704c7,Mbpp/127,ab2g,H2_ONLY
a787966e9581cc761e480b00251e796ce4030c85d2ff5921334044d2d1f16ac6,Mbpp/128,ab1,UNCHANGED
d24a673dd8a557fedd55945ae5a179f516415eaa7aa3b5937e853d6f225fec9d,Mbpp/128,ab2g,UNCHANGED
a02e8fafd11fd06e0458d1e111c86e10b6430648f656136637bcbad60feaa982,Mbpp/129,ab1,H2_ONLY
953f19823d82c4e8e2ab7c677aad250538ed5a5c6bd08bf3922096f3413356c3,Mbpp/129,ab2g,UNCHANGED
32777a56b59c66be922d35c83e964e75f9fb01340320049650c6e6cb198246a6,Mbpp/130,ab1,H2_AND_H4
b64d983d596bbfd36770c2c757be9f865381183658b890b3e13c5ced44c5be2f,Mbpp/130,ab2g,UNCHANGED
4f0afa70b897b60f4654378a59f12541b057271c5f3c35c5b100f4eda707822f,Mbpp/131,ab1,UNCHANGED
621827a6d8b8e917ee69642fa9b5737594278ec135003e88287ed0dc181bf0f8,Mbpp/131,ab2g,UNCHANGED
a49bcebe53741ae577657042c0b1481e85e8480954c00bd647d8120b40f9cf6b,Mbpp/132,ab1,H1_ONLY
9be8a6b2044989a2685504c59471798ccbf1b3c1df6d9779aa2d384404046ed5,Mbpp/132,ab2g,UNCHANGED
95b8d431532709fd40a1a2eb6a902d56396171f2e8ff742cb244e37fe91c2a74,Mbpp/133,ab1,H2_AND_H4
c888ed65c4721c3311c309b3a3011ace65ee13e17b6ef99f288175e2fb64020f,Mbpp/133,ab2g,UNCHANGED
2706897c4aa3eb1a39d3d51bac0321c084ced0827d9a9140ced18a080eb667e4,Mbpp/135,ab1,H2_AND_H4
a2c14d61d12d574ca15c426c25f46a7f1c4dcbc643e46a19557e61215c84cfaf,Mbpp/135,ab2g,UNCHANGED
a8ce7d2c5b9c0856381f30b83b0f97ab49b8000f89b894c06ed745af55b66921,Mbpp/137,ab1,UNCHANGED
fa95482a3b5950f9c7c0478a3de92e112c95f8ef8e3396b5faf6fe4973ebd899,Mbpp/137,ab2g,UNCHANGED
7bcc90de1ec8b542ed6a2290892204add7bec954b9976dc64807936d274c2c20,Mbpp/138,ab1,UNCHANGED
86a418de27be79f4c23c1e892b2e0272280f1c4157ccddadb9674aedd225b3b8,Mbpp/138,ab2g,UNCHANGED
49506ba91d8022874f9359a3c58282751ef7f580ed478c05afbe99a93a1ff18b,Mbpp/139,ab1,UNCHANGED
4a1e65e0b1b464262c0336a1e521c9aa81864630e8856b480937bddb45dda86e,Mbpp/139,ab2g,UNCHANGED
bbd7fc8c1053a221748d49b0a801ff944413b5eb105ed1fbbc0321c767aa858a,Mbpp/140,ab1,UNCHANGED
3ce3dcc231b3b234c14f9b087b861f040e606a1975313e36dd46f9757993df0d,Mbpp/140,ab2g,UNCHANGED
2ca3e6c983d871cdfab5432f2361707fc9e57277b7c4ccd840b734d50498ecb9,Mbpp/141,ab1,UNCHANGED
c211138b01cdc02adfd8a947a01c21b8bf97f33806ee9917535b0faca084dc19,Mbpp/141,ab2g,UNCHANGED
ae262680d4ab9d740d85e3a66404e387afb14c1936a2ecd3285cdf55a4378da6,Mbpp/142,ab1,UNCHANGED
e157d1c44cb41a8c3903db0432f5d2aa2e507c0908f44a7582dcb44e807bec5f,Mbpp/142,ab2g,UNCHANGED
20e59bfa7bd4f62093ea72d52eef9968d94d806f7057475dabe33c30175c813f,Mbpp/145,ab1,H1_ONLY
0a1ae8b205abdc697b5f868d3b9df2e695d7d600937011a8b40132da2a24976f,Mbpp/145,ab2g,UNCHANGED
d10da3b73a951ca5f6cffdabc3f9f63ece1f13695ceff42dd40172254916e1d8,Mbpp/160,ab1,UNCHANGED
afec588cd3cb60b6613341cfd07b95f008b3f5bb274a35938ca154786a666b9a,Mbpp/160,ab2g,UNCHANGED
61dc56d8b14bca4e6a654afed31a5e239c64c1a32e8b6c90b3038489b6ab7767,Mbpp/161,ab1,H2_ONLY
aed421063f3b5cf8279bba6132739c4d79f776ecad08ff92c00c746457876e35,Mbpp/161,ab2g,UNCHANGED
138b4f8d9532a5c0c8f56f8d9899ca029636bd6e08baba2896b837cf3ecb4024,Mbpp/162,ab1,H2_ONLY
b06b13d5fbe0e7d78329fb17a03466bf27d0d07d27ca86a7d0dd4e681f435c40,Mbpp/162,ab2g,UNCHANGED
20a7cb79eaf610918f79e12113c9082a87604b196a016a871bda155df849b2b8,Mbpp/165,ab1,UNCHANGED
88e93604e9d2e1fdf8c5fa02d3711adfa66111621243548cb23d0558837f0d1d,Mbpp/165,ab2g,UNCHANGED
cfc027b1e1f8b3d03c3ecf28dd32ea212ba80c4f998dcfe4b91eb842574b7e8b,Mbpp/166,ab1,H2_ONLY
66683b5d3900d101594b02d055c9cb3f43aeaa2076cc98d23ae59f7fe8628c0e,Mbpp/166,ab2g,UNCHANGED
653397832967877a5f993c787a52c47b7cb944c173fafb92347958a5e8980d38,Mbpp/167,ab1,UNCHANGED
67aa138ab08ec29b8de2982f05f1d00a9a8ce4a387488f3cbd4101b274f0938a,Mbpp/167,ab2g,UNCHANGED
87c6ee1b8b9ced8dd35e4aad2e6be33a7f3e297c98a588144d246a880774f22a,Mbpp/168,ab1,UNCHANGED
eb9da66d12c6f406cae3042bd27ee5d2cb8f3e6b057ed0bf3ae49ca5b7f1687f,Mbpp/168,ab2g,UNCHANGED
9b242557c8baff3cf2b2ad9fd7b0b4f87d84f75b682ca5c214dc0b3e6b2e2b09,Mbpp/170,ab1,H2_AND_H4
0a989587743154934d63c160ad45940818744a8258d844f607ef640c1f60ef73,Mbpp/170,ab2g,UNCHANGED
25b1e81a93e7424180620ca0f40497291cd6ed2bc595aaa51d3266a4bd63e45b,Mbpp/171,ab1,H2_ONLY
60dd14272dfd5d1f27b98286c988c63a36cbe376f153fd85bc64ed446d99a4d5,Mbpp/171,ab2g,UNCHANGED
c0a4b6046fc2138a29bcea5b303e62882af85226cb8f0ed35a230919359e46cb,Mbpp/172,ab1,UNCHANGED
972cedc0cc80d8f3de9fea81de2b6986b731db947ef5d69aafca76a22ccb1a97,Mbpp/172,ab2g,UNCHANGED
014d496982db5f3b499dd5413a2d7ef13dee149b955e1823c2b2255ca322986d,Mbpp/222,ab1,UNCHANGED
f6e8c0d969bbd9de6a948b5ca82d7157e3e58e5ba58db4a2c216b36a310de2a5,Mbpp/222,ab2g,UNCHANGED
d9310af6b4c149e3e6975c8121947ab6d158a0fcac6b2b0cf9bfa070eed48a8e,Mbpp/223,ab1,UNCHANGED
581e850b66321c4da9ad92500fd14caf5be14f3988dbe0a680b0370c2e19968e,Mbpp/223,ab2g,UNCHANGED
b8fb4a03feced0bb9214bd9a49e03a3e750d57b9fd2bbea17b25eefa5fb4e480,Mbpp/224,ab1,H1_ONLY
4f0c35fe9f7ec52f51c662fe2e761441a0d2998051ecba0c795ec1aa17c58f87,Mbpp/224,ab2g,UNCHANGED
a2ecbea1fd6ee2f223f03ab444c391c63494955541f118d13b9f5beeaf0ab553,Mbpp/226,ab1,UNCHANGED
240d79bcbbf401bc78aa22e4a205a182677d05353d2dd129188b640db7364cd7,Mbpp/226,ab2g,UNCHANGED
6761b7cc719f60290cde0fa469ff0b9b583a12738472e2dc477a2ee9717fba63,Mbpp/227,ab1,UNCHANGED
7c3eec07ed44a28097981c3c4a04a72df74ce4e52e990d9b42a81be64386ac1c,Mbpp/227,ab2g,H2_ONLY
696b485194f30d9141d20448f9525d9b86c8e8b42f36b789c046489359cc6618,Mbpp/230,ab1,H2_AND_H4
e186dbfa259aa791cb284fdcda74d66abd4eceae0041ca2f0b54205c650e7278,Mbpp/230,ab2g,UNCHANGED
04ea68c45866685f42ad3127a168e3619db01df835f001e9c1992a0ac06f2634,Mbpp/232,ab1,UNCHANGED
76110e4cf7d1df67a39de7fb11601a0d2c1b6b941cdf87a41f5ebcddc019741b,Mbpp/232,ab2g,UNCHANGED
4db604bf6ac5c75fb55b0350fa975d8eabb74f3cace3ae4840130b58bc5b5cd7,Mbpp/233,ab1,H1_ONLY
57ddca6e0fe1a20cfe2799b9a1566c12120c3eea2194a21f9a1f4a3ecd3ad40d,Mbpp/233,ab2g,UNCHANGED
cad3d73219fc315b0e9f0731e27cbaa446b10459ac7f0f513f06f19637513777,Mbpp/234,ab1,H2_AND_H4
044d3d9ead89d04476b6befab5fb1ff747288b838462778898e3f5d239ff0df6,Mbpp/234,ab2g,UNCHANGED
0f44ab3203fc3de90f5b2c9b58f4c99e023eea93af462bf998a31b17c561a746,Mbpp/235,ab1,UNCHANGED
1e17adc933800d58553321678bc43ae569d65f3430a0c4d54456f315d08005a3,Mbpp/235,ab2g,H2_ONLY
a6840eb23a52299c187ab042e97edb26fbbc071f2f24c742538e0538831b3eed,Mbpp/237,ab1,UNCHANGED
50b6b989c1027c947425391bb6b5859e4b528f456c12618578f371f8f13ed819,Mbpp/237,ab2g,UNCHANGED
6befa784faf295fc48a0af64c6889363af50b60db078d547410de03e6b856e18,Mbpp/238,ab1,UNCHANGED
1d1934501132e791cf47f4c742004d221eaf1493cb9e2f950bd69a103d94f23c,Mbpp/238,ab2g,UNCHANGED
d6b73f1a4e27aa681479e96d8020b7ef7821fb7f6a4a650c1eb867fdc97c02cd,Mbpp/239,ab1,UNCHANGED
34eaf649bae4717424dfbf639cd1027ceab50fd0fdc809632e97cf8bebe44e0b,Mbpp/239,ab2g,UNCHANGED
32cb7869901e1082c30a60db6f491d02341ec166e99758fa686c65248420dba3,Mbpp/240,ab1,UNCHANGED
afb6df89e84b0d6f9f5a2a510bba84df7a8b00bade88b7e4c509d7954bf1b933,Mbpp/240,ab2g,UNCHANGED
48876637d0807d96d6ccb89b2a6c8f381febde0b037d506d65d9af70e4e1bc3c,Mbpp/242,ab1,H1_ONLY
0dfa985d3e01990997c90c310404a389b19c3649ace5ea11808d2ae7b6c49c8b,Mbpp/242,ab2g,UNCHANGED
0176179d3dc7a99c3c35f2c35e18d8eec41587ba10125e1bc12e8f2469442969,Mbpp/244,ab1,H1_ONLY
7cfd244cc6291ba5a6c5b96ad9a0b3b2083545b7a7a6bd4899e32898f8ac1a9f,Mbpp/244,ab2g,UNCHANGED
13ab25ce16a611f95806995d9ff386518e8e87217f4872b20fcfcbcfaedf4bb5,Mbpp/245,ab1,UNCHANGED
fb8af4b3a27c7919e2e4bef1d04793c78e56af0a2497dd74fb1e9ac184b5085c,Mbpp/245,ab2g,UNCHANGED
f8742e1f3821e5182dbef58b791e57fe350c6ef4fed105b3396a84cf35924516,Mbpp/247,ab1,UNCHANGED
ad5877ed88927c5494ae73374a840c63a023ce235d2e2f73854770c95c03b55a,Mbpp/247,ab2g,UNCHANGED
14de0af3082ccd71e6dd480b3e447e55d0c4fc6b2cf4512632e8561d1100ebe7,Mbpp/250,ab1,UNCHANGED
155e22e1228c3a833494eb9173f5f346e1addb7bebfd92237c69ffd8d2b5f9bd,Mbpp/250,ab2g,UNCHANGED
94052b91bdfc56e8b5df79844c5dec315b73eda864ab8713205bc788cd6759a5,Mbpp/251,ab1,UNCHANGED
37c38eee7f25946225bd4736e93851631cf383262bbb693321cb0594e8f174f7,Mbpp/251,ab2g,UNCHANGED
c63c624a9c57b3749eac38a243bcb3f5b231bb8d89df6a58e09230c77f26958a,Mbpp/252,ab1,H2_ONLY
e6498700a3c8a89ec302049b6732dba3627406d6403af6f8f3ca120415c1de42,Mbpp/252,ab2g,UNCHANGED
f70dd3e16cb09b8a5af87d063e77bcc1443d92ccc03586647b7456b64f9ecf4b,Mbpp/253,ab1,H1_ONLY
e27e87f930ffddd42b1d19b786220ebbbe762f04815660d4248c41ec53d92cf9,Mbpp/253,ab2g,UNCHANGED
2c13bbeb4e3f929acbcd32d44e9c175361747048d2762550b670580874e3a66c,Mbpp/255,ab1,UNCHANGED
d7cca5e47c9a1591e8e29b2959e965ed4b5030c96250df6323d5452779b929f9,Mbpp/255,ab2g,UNCHANGED
a796201f7030a4aba3b264a0819f9251ee851828621e3defbd948117240c17d3,Mbpp/256,ab1,UNCHANGED
b83dac128396827754ac1a3dbf3ff8a7b1290dcee09de12f9a4823cdd843eec9,Mbpp/256,ab2g,UNCHANGED
440aea73c00b9b58b54d8534a92cba5b8e3b78cef7a4cd49232d2eaa0d35da3d,Mbpp/257,ab1,H2_AND_H4
5eb85304cddf4e391a20960772a31f742185291ac32cba2201b3d9d07fdad9bb,Mbpp/257,ab2g,H2_ONLY
02aa478c2a5982cdc0bf79a394b1e6bc29cfcadb2435306b7d7ac06c0124f520,Mbpp/259,ab1,H2_AND_H4
7f6483403f532db4ede310a3fa24f949321dde5bec15d7980d8fbf643943de5e,Mbpp/259,ab2g,UNCHANGED
0b4fcb83e50f5b3e4e1160c647a603c5e4043d2994d205c2c020ae562bf1d0a8,Mbpp/260,ab1,UNCHANGED
250845fee160eb4e2ae73c6114c05994a46e914f66264bb3e2e4c95464dd1742,Mbpp/260,ab2g,UNCHANGED
4e96cbb5501471c33e557fab04bbeb2480f17dcf87ae0068e05ccbafb27936c5,Mbpp/261,ab1,UNCHANGED
a2d048469f89d123f592934cc9db42680334b864de0fc917a31b9ffce1245ba6,Mbpp/261,ab2g,UNCHANGED
bd2944798523fd139ce32457fe3c1816d5c8725390dc64809809e84303e8f8e3,Mbpp/262,ab1,UNCHANGED
112186b69118ecf3dbb4a2964a9ede7e6bda99d9aba535836eebd9a824701944,Mbpp/262,ab2g,UNCHANGED
d0ad725bd946e1b640f4d1bf32678857b7ba997b7f08160199e4544ecdfc406f,Mbpp/264,ab1,UNCHANGED
e6be04fae84122cf25088648bdc63bb478485d99af2f68ba486c4be31b974dee,Mbpp/264,ab2g,UNCHANGED
f073bd6c389e716e8df360e8c5b810c37d80df8e8d2c6c1b2b98bac75f2eb630,Mbpp/265,ab1,UNCHANGED
04fbdcf40459d04b3d793bd147bbc93c36a19e822fb3d1096dad4e98c65fe83e,Mbpp/265,ab2g,UNCHANGED
034401bd9c8d3c99da09414c9007f0240eedb1748a7ad2526b1ef920909d794e,Mbpp/266,ab1,H2_ONLY
f4b70d4bf0613656c5a67a8f6baf8f9ee9ebac76249a023036b74857546d5298,Mbpp/266,ab2g,UNCHANGED
d56efbbfe51d9c7ccb9968255c2a1b1b56dd9fff9841ce51117fd7600c85ee21,Mbpp/267,ab1,H1_ONLY
b46698245352105d06f490df423c90ad4f37e40c1332fc68f64022daa172d1f0,Mbpp/267,ab2g,UNCHANGED
df0d1dd2f2d15829d3e8c238f2e7e7c26633f05ba9884820a15f128bcb3e6b0d,Mbpp/268,ab1,UNCHANGED
d962bed369f7f85046057f8020db749884440a2b7a65737a20e00073f12824e7,Mbpp/268,ab2g,UNCHANGED
fa3b31c01b83158b1428598a919f4997599b54fc6e55a082407c118aa2702f47,Mbpp/269,ab1,H2_ONLY
b48ecf76f20ac32b1216a250791c84fb95d250aec52df1c38bf70d658c370ea0,Mbpp/269,ab2g,H2_ONLY
ececb609ba95fc9e415892d6af8ac506532e203e63867bb1f692b368384cb6fe,Mbpp/270,ab1,H2_AND_H4
15d8b1cf91c3d64a42743982b6877b18eaace23c47b5d35c00fc7f3be83100ae,Mbpp/270,ab2g,UNCHANGED
d0c1170c66b3b3a1a3ba798324a0730a2a0c5831978c0162aec6e4df36bc5868,Mbpp/271,ab1,H2_ONLY
ce91056a3b074815fa18e32e64a611131bda6626b4201a8c23c53603513daee7,Mbpp/271,ab2g,UNCHANGED
ea03fc0e03bde71ed3bf898c257e5acb5e826478a0e858cfcaa0f79cb231fa2b,Mbpp/272,ab1,H2_AND_H4
753046b78c73944a2a18149f5896523d0667b691ec913753f7501001972ff971,Mbpp/272,ab2g,UNCHANGED
d4a29b0d657e161a34e18d6e409dc7fe12ebe6e5b148f8750dcd7bc24db52250,Mbpp/273,ab1,H1_ONLY
ca1f6e59e62d15c357875517b2fcd1fea048a3b3161f4f7eb8d37cfda77cf87f,Mbpp/273,ab2g,UNCHANGED
6e4d2e300f0cc3fc9f0548af46a3afff7fd42fe49ebd1d104e77823704777965,Mbpp/274,ab1,H2_ONLY
ba3562ec4ab495cc4f72f2d6010ad3414687425e8d46812d8bf643bae987da9f,Mbpp/274,ab2g,UNCHANGED
755f4e49a40ba544ce2084f1fe997ae0c6df5f57851465c35df0e2ce43013416,Mbpp/276,ab1,UNCHANGED
bfd7d73a7d22a4309c9df496116f396e2b89b3a5f4958d30ae4acc0f8012789f,Mbpp/276,ab2g,UNCHANGED
66579df2bd9dc67524666bff9745bb066716be08d8e414039da633278154601a,Mbpp/277,ab1,UNCHANGED
492aad6ab8195b6f981ec5399bcc002215d317fbe6a3f9dea69a434b7405b0f6,Mbpp/277,ab2g,UNCHANGED
1f0076e4c8e11bfac04136403a390b92390030bce388f2338fd4dae2c99eeed6,Mbpp/278,ab1,UNCHANGED
e730aa929875701fe37e754a66ec64377ad6a62b671c42eb77edc28e27426b1b,Mbpp/278,ab2g,UNCHANGED
121aa2cfff5d5e5bcb71ab13b8b45ad57cf159bab1fefea36e5981ef9c399abf,Mbpp/279,ab1,UNCHANGED
c29641bdb8f577155c85af4ec0ac42e2a2c81834681860cf537bc51d15e3a145,Mbpp/279,ab2g,UNCHANGED
ce7bc124d8b72bb324d57b72d5d6752dcf7deb6a76c55e71ed4f2913640dd33c,Mbpp/280,ab1,H2_ONLY
3fa420b7c3f46bfd175293a0e4a75f4154e8212dbe3ff2cd6b450ea81ccda5de,Mbpp/280,ab2g,UNCHANGED
09f0ef978693228777ed5c25f439352ebd23db77b482d2a0d01713732b04fd27,Mbpp/281,ab1,UNCHANGED
26ed19745c6e152b4235e846284761d3f3d20c152227dfd121254af39cb9afaa,Mbpp/281,ab2g,UNCHANGED
d159b87e8d99a65e41c6bf5c2144ca2a629ac5ca87f4d3e26f4e0a5122f1a8bd,Mbpp/282,ab1,UNCHANGED
cc1cd1bcd7aded897ece9414ea6824e137faf275c1273893ec4b5f0769197ec1,Mbpp/282,ab2g,UNCHANGED
f5793c22796f4dac962def1c238dcb4b8c41a2d5014cfa1c10fb072c92cee58f,Mbpp/283,ab1,UNCHANGED
13c4d75992357fbaa2e4df46cd9851bd54dd56a27dca2f1817aea70b0866cb5d,Mbpp/283,ab2g,UNCHANGED
d0d7cc110c63608221ec8b39a79de7b64704a083bfe104b388e054e9f27f8d6f,Mbpp/284,ab1,UNCHANGED
8d90df284bd3fb90049d62bb7fd9eca3d992568dad6503fb8d3989b27c710c38,Mbpp/284,ab2g,UNCHANGED
3d1d761d66d257bff62120eeb645064eae48c58b508b30acb87aed8f6dcc9f90,Mbpp/285,ab1,UNCHANGED
352cc8f767ef38b388009b929fe30a68107ec5b0e2f52915d21307f5ca6fb1a1,Mbpp/285,ab2g,UNCHANGED
46c52cd920985129a4ff0f6e61afb1c445e3de5a9956dfcfbc93b1c5083ea140,Mbpp/286,ab1,UNCHANGED
4b1de21125b54659088c1a197de8860fee44e831459483a49f31d934af97b75a,Mbpp/286,ab2g,UNCHANGED
9cc4c87a9b7cb5c2459bc1bacd61f44d6ff24cef2f1d4c38e1ceb476647038fc,Mbpp/287,ab1,H2_ONLY
04ef342ce0b9180b4ccefeade0e7dc2f46ffd916b06f67a1e821e174eb5014b4,Mbpp/287,ab2g,UNCHANGED
50f6be1d0516e938bcc4a2843961076ea0ba3b474ecae3db80566b31c777e21f,Mbpp/290,ab1,UNCHANGED
5faffcd2a5438be7b92d55cf71ddd9100a0e50ce7eb42cd47f742cff68c9d5bf,Mbpp/290,ab2g,UNCHANGED
17ce848c0e17de2fd8b62bf4248ded28c9bc81d6d6f42ed784b2d60c210275f9,Mbpp/292,ab1,H2_ONLY
2d5495afbafa6b5fce2cac446c4c5509682570775e8467f5cc61bddb948c1f4f,Mbpp/292,ab2g,UNCHANGED
2afe0f715a6b5fb5f6325d08ea822b0f964a59f29a77562a187dc30ba97fcc99,Mbpp/293,ab1,UNCHANGED
e774e114cc9c804ac3a0e7f23e543375929ee92b294a99465cdd3f32df69e501,Mbpp/293,ab2g,UNCHANGED
7bc4eebb06786cf9b043241994a6d76f066ff85262325de975b15fa87ea3e7cc,Mbpp/294,ab1,UNCHANGED
7b597fc309ca8c3135b4a5475260a6c6307e9770d6477ab7fa94eefc81e2c391,Mbpp/294,ab2g,UNCHANGED
c6b81f69102d974bf6f84cd0ac8caab6853bfebc0cbff1610c16baeeedd62ee3,Mbpp/296,ab1,UNCHANGED
2462b73a7e7e1e9cd5341db829ba0e8a148f10495c69b288db6530489fb44509,Mbpp/296,ab2g,UNCHANGED
6c0e4622756c304a57c2d02e90dfdeb47fdd8067a372a828f0be819a395c97e5,Mbpp/297,ab1,UNCHANGED
3efc615e5b6f4f74a98c3b8f5c863fea7158e1908e1f6fe9357dacde28285ec1,Mbpp/297,ab2g,UNCHANGED
d29fa7d669625911e3267d0e40156b4c405d3c1f0a305112c11d754a2b2eb56b,Mbpp/299,ab1,UNCHANGED
b7164e8ab191b1b651e68ea3ab1dfe150399bd4248156b3220121e4967eda030,Mbpp/299,ab2g,UNCHANGED
3308b53207e9c85c9d61fc4395035bbdf00c0c7e46a9e706035957c1427b18f6,Mbpp/300,ab1,UNCHANGED
0a4960018d214022ed36a9ec0e430938a5b1a57316ead281895baf9c721bfd13,Mbpp/300,ab2g,UNCHANGED
7cf4e5c174b367460870298378c2181bd60c2d2694d7501ca75ea1032162c176,Mbpp/301,ab1,UNCHANGED
e47da73d5bdf335e1059d7445a62ec80e70b1350a881fd7fe2b9a8de7e70969a,Mbpp/301,ab2g,UNCHANGED
8416e8a39473b651fc17388697ddc65b1037c9138bca3f8a25ec010264716d0f,Mbpp/305,ab1,H1_ONLY
10a58b34af2e8c3faa31200fffe1599128e2f1176e27e7d5653d12da6eb5cf2f,Mbpp/305,ab2g,UNCHANGED
5f44699afa96056435141bcc8c3bb3c726e95c0cf36f9c1cc6388d6559bb80e7,Mbpp/306,ab1,UNCHANGED
6932ac7292acb1b2ff1cf9445230d070784181003d370c0914692e1e14e17060,Mbpp/306,ab2g,UNCHANGED
fd7b2bb5564cc411eb32ba7867cead2ac7366c47bd6c6dd69c5c4682d8ae1a57,Mbpp/308,ab1,H2_AND_H4
72df9dfeea4455be4ce3202d1ee3c2b7d7ca070c9eddc6d8aabcc8f106e03bb7,Mbpp/308,ab2g,UNCHANGED
3ed85cb439cd567ec99ad9a0fc49c80dfae6088f5e8b7f74993794eaa9efd9c0,Mbpp/309,ab1,H2_AND_H4
58ebf81ae765bd547b797b30b6cbd64567ca909296de47fbdfeb014703199c28,Mbpp/309,ab2g,H2_ONLY
56aefc0a11de0349a87c86e0e6a54483503af70b7479ee0f7706a54287d2b573,Mbpp/310,ab1,H2_ONLY
10671ac98c798666f64f08d4f857fc14de1cbe5a2aeedcce0f8b6fc220e2a6cf,Mbpp/310,ab2g,UNCHANGED
d21d4e7802f38b7e28b15b120437cdf107c67404ac57c7949dedc37c65935e0c,Mbpp/311,ab1,UNCHANGED
20b814e2d682a2d292e0f3d47c53b8803d288421873c887740d89172587165ab,Mbpp/311,ab2g,UNCHANGED
2f4cf2a2fdeeed961d9ab90692a9e329f5b20c78e5b341b4d1bfd36e7cfc329a,Mbpp/312,ab1,UNCHANGED
773a52d57bf32d7f3e9f64996cc4f9fe8327856ef3e85f2a532fbedf1aa911fc,Mbpp/312,ab2g,UNCHANGED
e56626f974c4302430fe3a7e31f33ef1b127eb8a78055c88377ecafce24ec24c,Mbpp/388,ab1,UNCHANGED
40d0723f3813f3149475f45f502a9c432eb87c688889348a449960c3802cdbc1,Mbpp/388,ab2g,UNCHANGED
2287574aafe63db448b6c309fcc6fbe018fcc92a877874d584de8aaebdcb54d9,Mbpp/389,ab1,H2_ONLY
21cf8e40b20856154e5ae3353cbe02d8029f3051c2e9003dcb82ed67d0047e05,Mbpp/389,ab2g,UNCHANGED
99d61a09168cd321e64b9cc7fb640d8ecdd3eb40de399aff9475633af5f7e297,Mbpp/390,ab1,UNCHANGED
dedad096e79cd9734e5ee4f00afac1298ecfe2bb209a9f3943bdc4bcb090be9f,Mbpp/390,ab2g,UNCHANGED
2bfd419643b5db17fad5c0838732c7bbcf9a7b7260b63fc2421bce414523c6c9,Mbpp/391,ab1,UNCHANGED
c76ccb4448a15f67637ec0bfc6cd266b4a00238bf600d5973dff2b0827a6eb99,Mbpp/391,ab2g,UNCHANGED
5ca1f243585cf51d1f08eb9446363436d57bc3f337a7945474b284ed418f2892,Mbpp/392,ab1,UNCHANGED
7ffc6d8cf18675c381956c810d9ab63703a07c9a0bf581134c5ed715dbf4a977,Mbpp/392,ab2g,UNCHANGED
fb667ecd5a4ee63c22189558efd485e5094e1634ca2803f324508bea2d8c4e74,Mbpp/394,ab1,UNCHANGED
929fd36a93d7bcc71dfa78b5cec9e8b612e8714f4e508042c89245c6d04fed6a,Mbpp/394,ab2g,UNCHANGED
2ec706e54ae079608f8745273fec757c318bafa8ffef20218ce16372a4ce7640,Mbpp/395,ab1,UNCHANGED
5d81cb97a8512cab66b6ba872425f7337241baba3b12a687a92658e26c340b16,Mbpp/395,ab2g,UNCHANGED
5e11fedfe0e72602a53346e7f12b2c525100a22c95d2aa48603aa8dfb584862d,Mbpp/397,ab1,H2_ONLY
265953c5e31eaa70a79c1cdf12a38c1968947543b34a92af8177d9c30976065c,Mbpp/397,ab2g,UNCHANGED
92cf8cfed5b1dc62ab0e84415b3651595afc5d5bc8d070004a02cbd9826feb40,Mbpp/398,ab1,UNCHANGED
d2599aa54a1a2de752847e90c4e7fe2517cd09d18e8ca4b35eb441a27ac8e0ad,Mbpp/398,ab2g,UNCHANGED
7925921725dc751bb23c4a6ba9344c318d89cb8c47dd67da9d843d1cb34d0f39,Mbpp/404,ab1,H2_AND_H4
1b850dd2162fe910539c87e0c9b603270cb171d2936214e482f14235b68487e8,Mbpp/404,ab2g,H2_ONLY
a1541dead058fbe2221bbf40db89bc16bbe0eeab08be5728317bdc961f31dc43,Mbpp/405,ab1,H1_ONLY
a222f9b208b770b6e16053c9048c879f66f8bd1983ffd076e43d0854e4d3e6d0,Mbpp/405,ab2g,H2_ONLY
decf448cc94d44887254aec489845e2650d3510e930f2a6579d7b1f80a67a611,Mbpp/406,ab1,H1_ONLY
958fd52db8258c7f69e3d5864ba1304e862ba93a9dc6f44717aa1828124917f9,Mbpp/406,ab2g,UNCHANGED
3b71d32016d7934e67c64ab10abc87754741ba420ced60fc1459f3896c0a3821,Mbpp/409,ab1,UNCHANGED
734511e61606f77722b85bbaa52a1c6a92ea126d20f4e1d3618a2040d11b22f4,Mbpp/409,ab2g,UNCHANGED
f6a80fc4ed96e928a77c263069c691e61e44cf7841e26a4d37116370e07ab080,Mbpp/410,ab1,H2_AND_H4
2f7b05eb7aa6945280f833a4a7bc64b51d5dae2979401615cdb12e476dbfae99,Mbpp/410,ab2g,UNCHANGED
34f468a66b731b95b49b56b72800b55e98b358f49ba43781a91763e33bb0b84d,Mbpp/412,ab1,UNCHANGED
03635321ec60b64191f95c19a0f9c424a35723f1f0e7f38a4352f9f02a63f8f6,Mbpp/412,ab2g,UNCHANGED
6f30491e1630f40f8c95824961c1019cdece209bf26f788a466ee7eeea5644fe,Mbpp/413,ab1,H2_AND_H4
8c39f158f475a79ea47309ea438e3f6ceb973258b75a89d027f56e0af9241ab2,Mbpp/413,ab2g,H2_ONLY
56f9aa89ef292fb15a4f178c80ad7bce960238c9fcda695ae52cc9685cd0907d,Mbpp/414,ab1,UNCHANGED
0625179aed409ae8c0a062074da4012c1edb0cafe23c96018aea714072c4f745,Mbpp/414,ab2g,UNCHANGED
84419ab00ab530201040bcfc14ee281a0cb3763823e4a861b6695b202f40f34e,Mbpp/415,ab1,UNCHANGED
5327c6f8a786918c9c3fb08c7a5e8a3a805d6b501acae1d3b3c8fc5354a4c9de,Mbpp/415,ab2g,UNCHANGED
f67bdc2466468a75bc078b85fc29ca9590191fa67649a4043bb2f194def5c5c5,Mbpp/418,ab1,UNCHANGED
9a927f4811a1e23cd6ea9e2dda87293dc7c6f1c74bf289b793bd88ccd89ebde4,Mbpp/418,ab2g,UNCHANGED
221e5d33782a47e5c12c41f44a7f7e609c560eba84f1e086dbdb1baf936b8571,Mbpp/419,ab1,H2_ONLY
9adfe7df4f11c1eff920393689e3cf35d45a8acfe7dd176f6cd51f8876a7fbd9,Mbpp/419,ab2g,UNCHANGED
809be615d1ec51b1885133c0341f3e09337a33851c28b28dab9a83dbb9b0eaee,Mbpp/420,ab1,H2_ONLY
e26b854ec1ac15cf822329a8bb28c1cf0a66cce95fe6b41e6adb4be4c0599b16,Mbpp/420,ab2g,UNCHANGED
326f5ed9b899fc1fcf7aad8e4003ceaead720c125ecb1932a3d3c05d8ec5e27e,Mbpp/421,ab1,UNCHANGED
49d3e271d432527b4e42a79269e9917576ed38e2046aa05ba992f5894a0b6a91,Mbpp/421,ab2g,UNCHANGED
2df00ef701508adbe8f2ccffe6316e5e72831b982c02b566f27e72ee33d131f5,Mbpp/422,ab1,UNCHANGED
dc93e7e636f6c5244401cf5016f0832faa57925ced84b36390e2ad4f7f883fba,Mbpp/422,ab2g,UNCHANGED
eff8c7d773d3ecff5342c1ed4712c41ded703e00bdbb701bba714673a7cad9f2,Mbpp/424,ab1,UNCHANGED
e82554105e159dc61ab9a6e14c31adf6deecd039acacaf21360ddf9bdb14d881,Mbpp/424,ab2g,UNCHANGED
bbf89456a281866a8fc694843e4d382c91ac06e768ef91867f3490f74d41db94,Mbpp/425,ab1,UNCHANGED
4d2543413e133d4f9fbb3d8a994c81f11b70e25feb62ba55b3a2019393270c61,Mbpp/425,ab2g,UNCHANGED
43768d7faf385eabc4a8afd5a5846aa77ffd0ecee7165f99146e3905144bd195,Mbpp/426,ab1,H1_ONLY
0ce404962872c43fe5e200545f7e72c0e7270bf402e7e714ef46ac52d2bc3965,Mbpp/426,ab2g,UNCHANGED
0c2e5b3f134fa057b461f56676836d60189acc4850531bf534d95e8c471f65b7,Mbpp/427,ab1,UNCHANGED
ddd139e88ab21bcbf1aba894c495a3b097869167890e864cf7717945e0417166,Mbpp/427,ab2g,UNCHANGED
4a384b0130cab205786ce578731d7b496453dc4de5009b1cabcc1dc03a8e77b7,Mbpp/428,ab1,H2_AND_H4
e7a077c1b5906e36fd0046a5ae126b380d8dc483bb9a413a34bf1d4639a952a8,Mbpp/428,ab2g,UNCHANGED
1f2523a3d553477351b35e5a409a0f9bdff4fdbc5eb3d959a4834ad7c81a0590,Mbpp/429,ab1,H2_ONLY
96d07e3b45104d420754b34c987e74ca4dfb5ef14782862d7a5fa153370769ab,Mbpp/429,ab2g,UNCHANGED
87338f03a646106b8b4685444014d6b1253a42ba4c36234f513d9d3ba0fb4a01,Mbpp/430,ab1,UNCHANGED
c4061e2ee157805412d13b3af917828184fb11de10f25f2133eb51d09e61a829,Mbpp/430,ab2g,UNCHANGED
ff22c892521b0c405346161a9e4cc184b80ae7706b598a92e8531f1e4a8aac62,Mbpp/432,ab1,H2_AND_H4
77f912796852db3a5f78603a281f39c05a036c2e0b5c952bcb85c80e39674960,Mbpp/432,ab2g,UNCHANGED
54a32f03e8e41bf2591e30ab3937651207a0f57429d54af6d2b8082c610a74b5,Mbpp/433,ab1,H2_ONLY
bc5ff9105acc1fe50cbff56d483e3ec1e8a413937e576a1b941efa1bca38a263,Mbpp/433,ab2g,UNCHANGED
ac82b931f6e074bbc83a1874dbd3679b84da4b3303cc04f2dfd5f29725eb9646,Mbpp/435,ab1,H1_ONLY
78459e7b0df68d6c80518998bcaa5d32df45bfaf3dabe3ba77a0a656d6607c96,Mbpp/435,ab2g,UNCHANGED
366d3f956d571c827e64540fedeedd5a0dbc5f7b90fb81efe2930550cf69e741,Mbpp/436,ab1,H2_AND_H4
b925dd44d2de80aa8d2f2ad210d47199cc886e10445cd94fae91988efae7b769,Mbpp/436,ab2g,UNCHANGED
ab971c2a21a9fc3a107dffd3b84281cdf4843af36785625874575c5632492c0d,Mbpp/437,ab1,H2_AND_H4
5a254aad7815ca96b0e7b4647c6b376a4d0a58427802fc2446c76562754063c9,Mbpp/437,ab2g,UNCHANGED
58df405228916a1dc0fd399a226d7d2e4635de827b6b8fe8a7f17f335275f3b6,Mbpp/439,ab1,UNCHANGED
041f1f3eaf0dfcf06fca6e44f3e7e1521894f5081f70fa5d73e793e327c4b174,Mbpp/439,ab2g,UNCHANGED
d167f30b80fec468f23b1da74b9058aa9a8770cc9285ee7a92ae8afcc2d5b7af,Mbpp/440,ab1,UNCHANGED
92c1250b71861c45d7ffc5a20b5c8c3affa137229dda1c69c951365fddbe2fc8,Mbpp/440,ab2g,UNCHANGED
2e1e16b1b2bacd78ec12c909af620a74f0da10c1b4a44fe863a3ef86ad92f04a,Mbpp/441,ab1,H1_ONLY
226ebfc526c498c1106ad0703cda38bcf4f465bed145cb832ba3dde70777641d,Mbpp/441,ab2g,UNCHANGED
d24d2434a01ca5338eb4ebf50a3efe5a46afb17c809543f9da8a0b58bd1bdddb,Mbpp/445,ab1,UNCHANGED
c85b330ce8147f481b3d0c2772392465720258d65e0bea551e98ae1253c8f995,Mbpp/445,ab2g,UNCHANGED
abaacfd73db83baef8e9d686890936fbba0cb372f97ca9503c6f9b9d3c7f3518,Mbpp/446,ab1,H1_ONLY
01030710ff38fcdb62d1b3dac0b245b032a400a3e487cc85c50d97b535142ae1,Mbpp/446,ab2g,UNCHANGED
c5c24939c88db11d6357e81d9e3d4150c8301c27bfd71c025e522245cef511d3,Mbpp/447,ab1,H2_AND_H4
b37008e821331dd597d1530ba433a9a1febda96c3dabb6878e0aa1046dcc8c72,Mbpp/447,ab2g,UNCHANGED
798040aaabe979183a51da59e021ca080c7174604db0925f2bf1fd13f3a4e508,Mbpp/448,ab1,UNCHANGED
4cce150646c69fb9feee59aca97b7914e0c2e238b09be3681b01fb7347e889a9,Mbpp/448,ab2g,UNCHANGED
6c600331c47443f643bb5b803f896624a000ec96d3bac16ea75e55059fa1664e,Mbpp/450,ab1,UNCHANGED
8d3142fba9d59682751946be3b7f3925a546b47d45cf95eb3c161c63bf7ecf8c,Mbpp/450,ab2g,UNCHANGED
698863d2febfba586c3e3fdf06a2e97936f074f7d35b151beff5961d64daab43,Mbpp/451,ab1,H2_AND_H4
9f86a3f2763535db08bac507ac89a364ad5c83d5a61287e4ab6ac39da4a11129,Mbpp/451,ab2g,UNCHANGED
123ed6f2e3ed8f2f9d9a57115f002bbd8aece3ecdacd24590236dd96eafb231e,Mbpp/453,ab1,H1_ONLY
71f082679a23fc01ced587dea61704c11b676f698757bd37b21cb91090a8c112,Mbpp/453,ab2g,UNCHANGED
639fd1de0c6e9591079df6c0faf8700bc876fb433130f9c7f1167fef18e12143,Mbpp/454,ab1,UNCHANGED
e1a521562de62ab618e1a1f505b5299ec7537412bf70f173f3f4351b2ab19889,Mbpp/454,ab2g,UNCHANGED
61f6271de628a296a404b6d1fc3ab3fa7b3999fd23c28465ae3e12f517d9d4be,Mbpp/455,ab1,H1_ONLY
7af1b4aa0692bec6fa8a6a77c22bc82f8faf971e2982881709e8351d1c65f122,Mbpp/455,ab2g,UNCHANGED
c1ba5be6098cb04bc5617fed86af255a9c1b939a9028001851241b3f96c33f3a,Mbpp/456,ab1,UNCHANGED
71c525976b4a36ff2bfa1ac4b91da57bcd63a16635c8925cf7881e834906a1a5,Mbpp/456,ab2g,UNCHANGED
9cbd2d31790bb32d10fdd511331abd0ae9669a9931fdf2f71abe099b9f37b390,Mbpp/457,ab1,H2_AND_H4
556942a4b301fd88c368efaf48a35aaad66a4ac0fac06b2560ab4fd17fe506a4,Mbpp/457,ab2g,UNCHANGED
9aa4957837ff74efa66e0b9912b59d5052b3f90864d71fba3dfe7d4f8dae9c74,Mbpp/458,ab1,H2_AND_H4
d4c6f1991f423598b5c69761ca79d060ae0d2fc34bd3e153526b4dc45d05a6b4,Mbpp/458,ab2g,UNCHANGED
ceea2941105f486c863a86eea706018e71ada1a5ede8cdb932e029b38d7dde3c,Mbpp/459,ab1,UNCHANGED
a3d04397c1b79aacbf69de25829256f297da541978dc8367762ce59027fc9636,Mbpp/459,ab2g,UNCHANGED
1dc0eb1e7e0f7650a2557afe3d9c4dc71578f194a5df495dde6a87357550be2a,Mbpp/460,ab1,UNCHANGED
47c1b23c799ac71ff1b4d3dd6d9808d88a229590e136d77000faef283c190f9d,Mbpp/460,ab2g,UNCHANGED
c071125677468f596f0069a4bb20722f8d536cd5117ac518d38e430f5ee23c89,Mbpp/462,ab1,UNCHANGED
b7814cff3bf410f04a63bed00071495e58c17ed7e05e0549f6d9cd7f70789bc6,Mbpp/462,ab2g,UNCHANGED
f975a1fd154e89bca13a678293b0a68c12dedcd6e0aa759254a7a57c65fc1db6,Mbpp/463,ab1,UNCHANGED
999f1e5e0e1a2ca7db818a5a088b065415cf3ec4d3d76dc5ced92c4659a59346,Mbpp/463,ab2g,UNCHANGED
ed5d74395dab6d4caffa2d821fb41adc15eb0c515bd81150a6d455bf7c066ae6,Mbpp/465,ab1,UNCHANGED
2435525186494456d1308729bd65997612f42f7ab3dbeaa3715e65f64a9efa61,Mbpp/465,ab2g,UNCHANGED
583eb08ca70f0445ac8405652b4326c14130e8d575fa18aa4a55ed4229768f31,Mbpp/468,ab1,UNCHANGED
ed2b93d14451c2d2e941fc1bd932375fc5afb25cee147a360ae083ef39a2ba48,Mbpp/468,ab2g,H2_ONLY
91a6418f03999c42925e5496fd78dcabde0b95529c34c5d7677e250f6c763758,Mbpp/470,ab1,H2_AND_H4
76f70c18143605aded744aa9070fad0710420ff531484d2b54c6e1669549e325,Mbpp/470,ab2g,UNCHANGED
00a39368b225733adafd80ba5aee848b7de6b1810d3f3516b7f0485cb1405b9a,Mbpp/471,ab1,UNCHANGED
6d00e099edac6f8c27c4091eecf5b6b16e0ca5f0050542c501011231d0fed631,Mbpp/471,ab2g,UNCHANGED
8ecdf8b4e8a7a2f89a2a3abbb485be3818e0709eb17295e9b86520c25a84e704,Mbpp/472,ab1,UNCHANGED
1c15791433912cbfba7d430d41ff022e060af231deff7685c0d30dbcc4245185,Mbpp/472,ab2g,UNCHANGED
64005b6ccee56e892b629778dddd86d35712e35cc398f4a132a3d7cad9e29491,Mbpp/473,ab1,UNCHANGED
4373382eaeeb3f058a44ab417e0b3de34e3631a3715805bbf1829a6b8c0d6d81,Mbpp/473,ab2g,UNCHANGED
ea58f9c6e64635a5ec7aab6f23dac6c61cd8fcfc8b7cdccfbb324b713e1d9034,Mbpp/474,ab1,UNCHANGED
4e13401d2369c0875b4da379193a9980ed50c618de22430186e34f95a4aa23a9,Mbpp/474,ab2g,UNCHANGED
7c35df165838f472a33499e3bd2ab4e6a42365e0ae10994dd5a6c6f0d0b16892,Mbpp/475,ab1,UNCHANGED
97cbed01d187984eb7ca8ec1fe63a7c61dc7a4d508628a7de7e28ef127950d2b,Mbpp/475,ab2g,UNCHANGED
37be55977aedce2c276510cee3b306afc11f26246b4ceed7f05d3eca3384a931,Mbpp/476,ab1,H2_AND_H4
a26cd036eec7cad79e4377850fd7b0a46c4b576d4a9a8034c7bc5ce133c53509,Mbpp/476,ab2g,UNCHANGED
47c1b6a1dd6947d97b976ed4fc9363fdffabdca56e621d69a46ae789574edd86,Mbpp/477,ab1,UNCHANGED
2cb387b40f68b6ae2097b66fa9d8b4c21c624aaa8f31d131012f86b1429aecbd,Mbpp/477,ab2g,UNCHANGED
9e72505da074a457e7a08d718280e2195b393b070227611c2c606de2b97c2f27,Mbpp/478,ab1,UNCHANGED
92318530a0329ef4f83463f13186182160214000bd4a296411ec5c17bdb188bd,Mbpp/478,ab2g,UNCHANGED
c3420b23a2c555d8b022406aa2087331b153e6e61494084a5af052ebba03374a,Mbpp/479,ab1,UNCHANGED
3acf113f2912e12836a1eca635f5f955ec12d05d4bcaa51fcff3930f8011b654,Mbpp/479,ab2g,UNCHANGED
0c5b66804eb139ebc2aacf94862a0cf0c045ac92c50348ecc38b43d5f1b0d378,Mbpp/554,ab1,H1_ONLY
ff96ec115c3c75a9930aac5c54492c949be66517a3d78e1270fea5c8552d989f,Mbpp/554,ab2g,UNCHANGED
e42bc024ed0c275ae8e71f41c38641e1176e850b68f98e47ac39625370081d0e,Mbpp/555,ab1,H2_ONLY
2eb2740151131e79e7340e89d2426685d778714a0687ebcfb2aa80a10891a9fd,Mbpp/555,ab2g,UNCHANGED
a3b757a6089e62fd46067dfaed1192f1e5c1c19f692a57fc7b36aa9316711640,Mbpp/556,ab1,H2_ONLY
c5d7479b0d4b26f26bd456631f1580a4e3b20a674813a2db31f9dbd04d8c1de0,Mbpp/556,ab2g,H2_ONLY
2cc02de03199449048c94d5e235f1a02aca0f129c1af4d97cb40468983b93c5b,Mbpp/557,ab1,H2_AND_H4
dad3e9573b2f891dda7fe5536f4f413632070224a8dada41c7b7723309f46658,Mbpp/557,ab2g,UNCHANGED
525dc27ae4ef62b99d4fc6f5bbbca89fb64a12310a0bbfc639402d7f57bb6418,Mbpp/558,ab1,H2_ONLY
43f62aae8825f38ea01b4f7e7a332c29a7ca3ddeb68ae30a510b3d11b0cfd444,Mbpp/558,ab2g,UNCHANGED
36d3273874ce85217dfa90dffd64170725f58e1770a8459f8aef955e5406d465,Mbpp/559,ab1,UNCHANGED
acfd87601c939c66c5269d0b005bd28b45eb2d7ef51913383d12b6e880f86190,Mbpp/559,ab2g,UNCHANGED
c6d18761f5dd51f7db97ba98da8d84f412501f20833ef9bc98d1a8e9120d1064,Mbpp/560,ab1,H2_AND_H4
b9e0e73547ae85259a84331b49e0c22ba2a8cbcf368b94342a9a477cc8273cbd,Mbpp/560,ab2g,UNCHANGED
db60a91aeb4d981768067b4c4f057a050f9832e9573d5f1138213faf9606f74b,Mbpp/562,ab1,H2_AND_H4
b8fdd4f071362b0402fcd486d9029a5c5d03f62581a69cad72d6f3e7a504f957,Mbpp/562,ab2g,UNCHANGED
9f9350246f2fa7a86026e021db6d67cf3dec4f5725da134aa89dc5ddbad55069,Mbpp/563,ab1,UNCHANGED
8dec4c161d711e929a88e521116159edacf42ac26be8339285581306f8f7e40b,Mbpp/563,ab2g,UNCHANGED
741b7021c1f587caa153d4a09a0ac15c59b6c2ca8fa8f5ad3b281a0e3dad52d1,Mbpp/564,ab1,UNCHANGED
556f18a4876ccfe92ff64f7fcd0ebebc27c2f6c72181231ce4b2ea89453b69a0,Mbpp/564,ab2g,UNCHANGED
4804db44a8ee34b7fb1a7d7162cc6b1466514d4bb21f39f43026f4cef184e1c3,Mbpp/565,ab1,H2_AND_H4
3cf393f8178e577c96318363cde7b6178074ac2eb215fad46fac7b49fa0f2555,Mbpp/565,ab2g,H2_ONLY
ac9913a17e33cf02249fa9d9eae6f97c4f883aaa2035aff6e94b9b203c1508ba,Mbpp/566,ab1,UNCHANGED
b973ae1e3e96cde4dc9a31f48b1fe305a0b0480124295ce74fcbaa4107b636a8,Mbpp/566,ab2g,UNCHANGED
b3800b4d287dd49a171c17a3805d506f2eea6c8488a4677ce2a6decdaaf73090,Mbpp/567,ab1,UNCHANGED
53ac318597a0a202e4f625ef803668c6ba7011083abc31fe587d3896893c3bd2,Mbpp/567,ab2g,UNCHANGED
3db2840d842a7c45d849db3c054a86f6f4db87bfd3ae8f1b295db2e0659523ec,Mbpp/568,ab1,H2_AND_H4
8795ad8ad0019f8df8ac986be61068b1145c8ff9b998945df12398fbc50fdbd0,Mbpp/568,ab2g,UNCHANGED
ba2d765651e9227ab53b5bc51155c84f7ba157c013dc515f45b0754bfdb74250,Mbpp/569,ab1,UNCHANGED
9abd4e84708529580e3c764f4c80fae283ce7a954675766b6e58f1c0d4e6a7fe,Mbpp/569,ab2g,UNCHANGED
1326b05e21e9f4c7ca2f0affeffef48a7882fd67248ecc207387c77b9eea2d54,Mbpp/572,ab1,UNCHANGED
99c297bfd9f23a736bac6e01306ad5c06f85321f8c7b04496e427c3929282caf,Mbpp/572,ab2g,UNCHANGED
03c27026fbcb434322aecf640f9126c4734db69c3d8d5b0ff1412a8c88346102,Mbpp/573,ab1,H2_AND_H4
31bd14a71f9a450b19317049fd5cbf715353852d5719ca70721cd2af3766b0fc,Mbpp/573,ab2g,UNCHANGED
bf6bafab5bf8ee5b4039c49840ace4168b46293b8e848e9454704c4e0a90c797,Mbpp/576,ab1,UNCHANGED
376e1ced4358b631f6b2b6d31cce9462f6aadcf4755344c850576e54be9d04f5,Mbpp/576,ab2g,UNCHANGED
6be93d4111e0ab77c6c8fa0995befc7c1b38d8a6a0c5f9c62b123d479bc33a21,Mbpp/577,ab1,UNCHANGED
f99860d01016d0cf4bb06c78c3c7dc8e5b4d8e91117f683c70003cb46288d083,Mbpp/577,ab2g,UNCHANGED
7163488ebc4699b31890620c2c59a6d1fa1bee3e4c97069cc07948a6552e943c,Mbpp/578,ab1,UNCHANGED
f6869fc494ef4cdea3becfe149dd23859f1d516634b47235d3348e9ca74f6895,Mbpp/578,ab2g,UNCHANGED
f3573931be5414a1b9a16ea972e82ac3ecccbac7fbc56cbfdeef23edac47d8d9,Mbpp/579,ab1,H2_ONLY
90696760dc94b4336631bb3f903f840ed4cda73fc45344601a5730089cee9bbc,Mbpp/579,ab2g,UNCHANGED
318598716c24b0fea7fc117e95cfed14068a6adab6c9c751e128564517b354bc,Mbpp/580,ab1,UNCHANGED
8c2db7bade9ae851fdfc9cf903cea8f632d502bb2e7265eef05cd7b45b4e8fde,Mbpp/580,ab2g,UNCHANGED
c084877fa05bc26968bd48dfffc8645750360c4e44954fad4e2bc3ab3d6341f2,Mbpp/581,ab1,UNCHANGED
81cfd1aca29740baa2a7625da96e77cedfd927d5498db86bd08fd943847d56b8,Mbpp/581,ab2g,UNCHANGED
2c14a1007beffd3f0aa5df308990d5b13577e4904f1582f97c463a7e9f5ae9cd,Mbpp/583,ab1,UNCHANGED
7dcfceea391a25c66adfbc1542e35597584f0c6f5b1d296f663888230dc59a2a,Mbpp/583,ab2g,UNCHANGED
f74d789b3e932dedf5543f254d03e5d85f68e9c047bf216349583eec54668d32,Mbpp/585,ab1,UNCHANGED
2826b6aa2e4a26741c1d9fa228a295b7a94af119a8fcc32250c74b4f1dd35436,Mbpp/585,ab2g,UNCHANGED
3a2aacdcf10562839bbd5b5c6a1cafb2ef2c2f91beae4478c7a4a7dfe3f46550,Mbpp/586,ab1,UNCHANGED
ea685cb6a4016ec53aa87c41bf3533173ce362395f5c6c761ddfab2267bf26c4,Mbpp/586,ab2g,UNCHANGED
da75bf420abd15b19b0098049699e39c19226da68d4086166827218ced7b9958,Mbpp/587,ab1,H1_ONLY
23a78f40546afcf3832c7c6e1e4b75e6449c69d133eb766e68167e4b28c0329a,Mbpp/587,ab2g,UNCHANGED
4d6500e568e9e0c590d503bbd0f14557936c5543518000486b3d9f3357a98792,Mbpp/588,ab1,UNCHANGED
c86c0a38b8641c24b982ee2f09048cf8330769554a87f8de668dff180c3afce8,Mbpp/588,ab2g,UNCHANGED
3f7ccac042e35b449c9d5ac28936795b22ba335d13abc6f0842ad953d403c493,Mbpp/589,ab1,UNCHANGED
08bdeabb5b0e35d7e8d62c2988a6ce126b38d9d691048c57a90b4cf2169315e7,Mbpp/589,ab2g,UNCHANGED
8ce2dd614a19d760dfca23e069cf3d7d1a9d2183a51abe582c880829f50c0b99,Mbpp/590,ab1,UNCHANGED
aaf0040321c9fd2b2b75a36c603645476d7e4cbb655cb9ce76fb51a5ef11013a,Mbpp/590,ab2g,UNCHANGED
d543e43c0eae75e2fe7bc6b608ffac3f88ede04dec6743f284e313819c7b20b1,Mbpp/591,ab1,UNCHANGED
ed3eff9be1754a7aa4348d6aebc182acaf9cbdb046829ac03c57809a2409c724,Mbpp/591,ab2g,UNCHANGED
bdac53a54513929811ec72e2335e62230770f4bab6cca7aafa78347f87277a22,Mbpp/592,ab1,UNCHANGED
af7d77ae118a2b4f39b7cdb9ae667e827ccdfc5394f70205d4ce176987cd94fe,Mbpp/592,ab2g,UNCHANGED
266abd1798d09f17b0b003dff3bb1db3f2b661833a41c11bd42c33ae28965d15,Mbpp/593,ab1,UNCHANGED
55d55bb12673f8c17e1bdfeecbc0b7c65c2562953cdd34222c5febbb476b916a,Mbpp/593,ab2g,UNCHANGED
d765a6f321ba021cca8be0139a8ebdd10b4b2977ea913b77ccf98f0736e6d9a3,Mbpp/594,ab1,H2_AND_H4
893c6cfea6f52bc80de7cfb816b8ee77537a66f9e93ba408ce652e712bb3700d,Mbpp/594,ab2g,UNCHANGED
31e8cf45c58d81ca7b72e09880e401eb2c5aa3143d3aa9d5708bf3f01a19400e,Mbpp/596,ab1,UNCHANGED
634100ff75e9c69130e757de07b1b4b2bcb613f952c4494459d0aafddc365986,Mbpp/596,ab2g,UNCHANGED
904a9eef4242d3bd27ab0ef2405d0f240ffb12138392725988298e06108d971b,Mbpp/597,ab1,H2_AND_H4
9ee68e6ad70cdc44c6d905e2222a558979b506142de6c51cd717b7ec09c46471,Mbpp/597,ab2g,UNCHANGED
764d019b635fe618804fd01346721ff7e16380d1dad59c8db0574bd448eb8eb6,Mbpp/598,ab1,H2_ONLY
74b86273ea19418a043fa6490feb0a31cee444e8823cc78c60c149811c35488d,Mbpp/598,ab2g,UNCHANGED
2e12651dfda208a0cac1d6753934a1a4e8b7b73270d23dc0b15cfd30e7cf5d49,Mbpp/599,ab1,UNCHANGED
a402997df42b1b4fdabc6046e728e22a7789115a7896d9a9a936af31c80ad40d,Mbpp/599,ab2g,UNCHANGED
c687f8138441067d2a20214a13585366dea569a2a9eea13afae69919c5a8f269,Mbpp/600,ab1,H1_ONLY
361a137925ceddd76720d2ea1c7b6aa0fd2857055a1fb7b3efb50ed4a55992ea,Mbpp/600,ab2g,UNCHANGED
efeb6a936a508de62509917c1c1cb7968e240ac27565fb21705e430a3ca482bf,Mbpp/602,ab1,UNCHANGED
5f3677d4059a2029203f1947b2370f9be17b7975d7dd3085939b222c59f950ed,Mbpp/602,ab2g,UNCHANGED
883dc21da7ddd76c046135470d86027ca501052af5b22d8da9ce8e76250bff9e,Mbpp/603,ab1,UNCHANGED
a73b1757d342b38e001debf691b8ed01c6480f9c150cc254512de429e4dd834a,Mbpp/603,ab2g,UNCHANGED
9050fc2d954d287c4b5e62836ea017eacdc6da6d4e9bf036a20cc1d9d5d00d40,Mbpp/604,ab1,UNCHANGED
9fb31a9a633715bdb4d6d09caa1665a41b89b4779b00303e5712811ab75e1254,Mbpp/604,ab2g,H2_ONLY
e004f52a54cf31da51360b0843379cafb666e9caae6c198e590129d69be1387d,Mbpp/605,ab1,H2_ONLY
d038c763f5acc2e0b782fea7ff095d2dfb2d577a76d03332eaca0eebe4f1c51c,Mbpp/605,ab2g,UNCHANGED
69e6d4b7c3ba3bd2b80822d8b8c82abccf7f6b05e2d421fe775915fb2a2120ff,Mbpp/606,ab1,H1_ONLY
893dd35dd30106b42a5679798e66091c4147031bcf16d4b66bcae35906cd12d1,Mbpp/606,ab2g,UNCHANGED
9c3f107dc410d604ea205b1e13fe2052d7fbc027f2b1cee73269fc679ff2b0e2,Mbpp/607,ab1,UNCHANGED
3316bcc895e41a93784c5bbcc77791248fb400579f22172d385dd43acba64ae0,Mbpp/607,ab2g,UNCHANGED
774791f00700ddc24a503d96ceab3186d511e60e46845df580150bb5a67b1149,Mbpp/608,ab1,UNCHANGED
dfbe91dd96c6b665fd0483cd4543ecd5726c7d48add7122774fc9a7a2eaf4dd6,Mbpp/608,ab2g,UNCHANGED
2db1d93a39d8808e09b612122af2555a31f96083af0deceb3e7225d0140d92ac,Mbpp/610,ab1,UNCHANGED
e3a65cc8c97b90ef18ecf047bd9943b71d87e845587969c9c055c3c5b66c9315,Mbpp/610,ab2g,UNCHANGED
7f93370b46f92d5350367a9e28eafb982dcd059d1fa349e8628aac65b00f7859,Mbpp/611,ab1,UNCHANGED
a0ee7ec6e13929aeecd58f5c44f6ae49be0a1f90b30c3a1dbcf8a4b97d204dad,Mbpp/611,ab2g,UNCHANGED
4184de999ae7822f0fb3e17e39a7b0490985427bb21e9e23df8f3ff842a8d4bd,Mbpp/612,ab1,UNCHANGED
8f3bbfc77a8eaa44933a6f8fb4037dd632619622ece787b6c72c584a73dcc90e,Mbpp/612,ab2g,UNCHANGED
a780dab961472442765bec91959d50d3a9efcd939ea4aa37d619cae5749b2882,Mbpp/614,ab1,H1_ONLY
234e13a73e0fb41bb7b5cc770e65aa1710ef1505f1fb5a9c38ecad49078b137e,Mbpp/614,ab2g,UNCHANGED
4613b302b280b14c92de37c1cedc9fd11114bb1b65a6f182c453938ad69219db,Mbpp/615,ab1,UNCHANGED
4c9c29bbb8e56485b3cd2b4e5c40706a589f2c3f419428f1eefbf4880580affc,Mbpp/615,ab2g,UNCHANGED
b2a91b2c0a30f74bfdfb65abcd91afe492368dab74d628644a1910b93f49e4b0,Mbpp/616,ab1,UNCHANGED
206cc8c41f707b720ab0c590ffaa4da96d82503f87d2326e0065ad475e150b3d,Mbpp/616,ab2g,UNCHANGED
213506ae61a7a06f528f34199553ca4c747bedcb4629808c35ce4d299ea5d19b,Mbpp/618,ab1,UNCHANGED
3c92d05a37ed61fc5ea288f19f36aa574e10a07c7bcb19368f9e6dea7e5c3121,Mbpp/618,ab2g,UNCHANGED
e28414a6bb7094e7f8d6f551d3425406bd66b633be9d2125ec915aad22355780,Mbpp/619,ab1,H2_AND_H4
a0474adef4b29ad58a6da563c97e0af7c3c1944b21bbb2f7b8aa66e754c9fb54,Mbpp/619,ab2g,UNCHANGED
185b4c513e2c597866ff2acd3ab8ba3dc2855195a066997b928296da36f48e08,Mbpp/620,ab1,UNCHANGED
d95b2b435e9ffa9f2ae8fabae5c912cbe3a847be0634b462911a04dba4b681d3,Mbpp/620,ab2g,H2_ONLY
3fcf57f2f17eb109d709b57f15e220ce563e2391903931c0ce422abc638e8342,Mbpp/622,ab1,UNCHANGED
5291a77c1a76bfab0fbda02812115a467ab12055082f4fbc7045ab55987e2fb9,Mbpp/622,ab2g,UNCHANGED
10770072692348cc04aced0fabcbda81751780b00bb77c4fa2b95668fa4af836,Mbpp/623,ab1,UNCHANGED
61c2d583bd1aa2e933c2d50520b7fc189d478bb61c9ad704e5d3b5191800e2dc,Mbpp/623,ab2g,UNCHANGED
642244d603cbc029a1efd756fa68d6e5cc07a328b3c1625dd80dddf2c6798b3b,Mbpp/624,ab1,UNCHANGED
ffca376f3035b49a76791ec3112a8115e59df7019868571974b71afc6eb382e1,Mbpp/624,ab2g,UNCHANGED
69052cf2148bbcf226314822f1f79e253d85b884f0a2ca589935186db95bb754,Mbpp/626,ab1,H1_ONLY
c7b7e5be478bcf8803d5ecc69452c857b93447cc8ee320d00862e7df3c9e6d68,Mbpp/626,ab2g,UNCHANGED
3b8b0d6f51f6c1d6ca5bdcb0c850af3eec07e32d3c8bfcad4b67113e4d8852de,Mbpp/628,ab1,H2_AND_H4
d9009b4013666f804f8fff11cc63512d391c345f3ff67035bc54c19aec33e384,Mbpp/628,ab2g,UNCHANGED
f53faccc09122834a2c578c442eb3c51960bfe29aabda1fa46a55ec501da64c1,Mbpp/629,ab1,H2_ONLY
67e81f5c82c9a158f392d30a03b2409b3c424df65811ccaa14929ddc567c22e8,Mbpp/629,ab2g,UNCHANGED
7e088dd1b51c15e97697727fc8d36f1245309ff03ccf889f41c1473cc9274018,Mbpp/630,ab1,H2_AND_H4
937aea6beae055d69a1cae875f9d4d44a907712b6b1828ea0bd9554ecc63325d,Mbpp/630,ab2g,UNCHANGED
2b996c8b6f4221a5fd0de5eebf6916a8f1dd0b626199fd37d29a020a350faf2c,Mbpp/631,ab1,UNCHANGED
98506ceb8badf2de2fe5d98059383d82269a5c20fcaa0406e8904f443b49b613,Mbpp/631,ab2g,UNCHANGED
877bd134d99ce4828769cd5170dd3f65a7560a31a573b97fef875a969f70e971,Mbpp/632,ab1,UNCHANGED
359c9fbdc11b9fb3d82c81e0e0db12d68d3ec40c070aef00d4b982e213c1430a,Mbpp/632,ab2g,UNCHANGED
d380ea016209a174ce657783894bd6af980e2b63be0c7bf3c5f6c10e1d9f6167,Mbpp/633,ab1,UNCHANGED
bb48d9437170b4d39b8d6635c96e75f9c08e7b285fea8ea4972d544550c6f236,Mbpp/633,ab2g,UNCHANGED
85906db22488a03adaaf1e82e2dc86dfc9c77699932f31ee86a8efaa61e59306,Mbpp/635,ab1,UNCHANGED
dc4ba779ecbf95b3732f93812693a0ec9ad4d06805302c93e41332ec6b2dd9cb,Mbpp/635,ab2g,UNCHANGED
1910dc7d6d40e4cb2ffc32b32ccbcb7e7be7338703db721ece514e052ef4a5e8,Mbpp/637,ab1,UNCHANGED
178d22b20e82dd69d4ae2b399359724329e3efb0ded634a0e694e8a9667c1b2f,Mbpp/637,ab2g,UNCHANGED
5d49dd51122cca763d64b88fcfa0d8bb3824543089dd001d72add8cae43c360d,Mbpp/638,ab1,UNCHANGED
7cf3b7a2eaa1e9249d5ce3d138121f1655db39ac277a3a52817bf29631873519,Mbpp/638,ab2g,UNCHANGED
5e6253c28a5ba0b93214d4c3c400b2e88078f7e26a13dbb85db298ea56162919,Mbpp/639,ab1,H1_ONLY
ad1b2d97b043fdb875963cc1d030b63e0c423abedd9334ee39efa5921b1f6196,Mbpp/639,ab2g,H1_ONLY
5daf5492b9436d14e24793c0e4c2408c26bf9c69983a48d072dc44078039d8eb,Mbpp/641,ab1,H2_ONLY
bf42b0341d0486bba56662f51092e24e6981a6ed51b0083408b28429008b1680,Mbpp/641,ab2g,UNCHANGED
a7c304f2b09464f3a2acf14a12f2cff25293be2ea03f17b19d134b2ae59422b0,Mbpp/643,ab1,UNCHANGED
18dc10b634bf8060f7e25631b564e36c541013356a3ab5de60d796c41c33dd96,Mbpp/643,ab2g,UNCHANGED
4a8fcc018aaa063272d139aa1f18e1171d09bfd4b7ae8aeee81d211f400d0a77,Mbpp/644,ab1,UNCHANGED
80f3248946afc14a809633467ed074220cb5dc1ff21606ca68cd41531bb1e3dd,Mbpp/644,ab2g,UNCHANGED
0e339fe8b77e00a99fbe9cfe187d8e4dff3651fbb93b47cec2400b9ba06290e8,Mbpp/720,ab1,UNCHANGED
8395c30789ed964d5bb42dec959f65f18feec03fbf02622649e2c46e17cf72e0,Mbpp/720,ab2g,UNCHANGED
ea5f5b605ab153af689fa672d267827978186622d6ac54578fea9ef71c9e5a02,Mbpp/721,ab1,H1_ONLY
eae8e8e704a48fd4074ec821c5daf6a428a1c6b47f1e6ff14793cd15599c8e94,Mbpp/721,ab2g,UNCHANGED
a456ba045274e62ce12e95ab07445da4e70943c497c1bb7f5a1d7b7ffbd04b3b,Mbpp/722,ab1,UNCHANGED
72bca8827ea4395440ebfb5b9c14036804f327a9ab8f0a33fd913d73da1c242c,Mbpp/722,ab2g,UNCHANGED
000d07b07f1374aff3177249d3f6ccbde730df8554ade185218cf10c85467427,Mbpp/723,ab1,H2_AND_H4
f91f6d612c6f2d05d8abfd94196b25a2385fb62d0e8fddc59cfbcf55c93f1d38,Mbpp/723,ab2g,UNCHANGED
05d103f1d846fb96bf272aa77dd825dc5874520d7690170fd89474df55f34e5d,Mbpp/724,ab1,H2_ONLY
3dea0257314e8dd78241d753a7653994a543a31324f55bd7aafa0011db96f2e7,Mbpp/724,ab2g,UNCHANGED
95e62726d9cb42b73a71cf22b879cec0ed1f870e9471e643e1ff01b416b61d26,Mbpp/725,ab1,UNCHANGED
53dc7594871b080b22299391871710df10941ed861e073a3d8b0f7fbc916da3e,Mbpp/725,ab2g,UNCHANGED
5f9947ca045cbba6bb47cfa4605b0c2fb0074d8417731bf7d1eec909fe3d4221,Mbpp/726,ab1,H2_ONLY
a12c74762c889126703ba0d0e22ddf92b9ac5576e9930fae306a1a14bbe5f760,Mbpp/726,ab2g,UNCHANGED
6284ae273c8663b5dd05627bbd1c7f6278252e2152d0eef6ef0554b2dc1f92e8,Mbpp/728,ab1,H1_ONLY
42d55feeef0da467f52a99f3caa35c28de7109b3e1b300aa4373c85aa9ad7c16,Mbpp/728,ab2g,UNCHANGED
e0930c8770f5beffcdbbd54de43c127960db77e511bd61473bf00aac41bb0fda,Mbpp/730,ab1,H1_ONLY
4678ed0f9fad602f712ef4488079391fd7800a0dd2855474f0df46d17a94cfc6,Mbpp/730,ab2g,UNCHANGED
48ff13a39bcab80dca31370c4dd1d9b74eaffe780fe6c5902accf7501a81952a,Mbpp/731,ab1,H2_AND_H4
7e3f25184b89c28d913a693b680f35a026e97939190030c684039f6847c15300,Mbpp/731,ab2g,UNCHANGED
90dbdec437735b549ea5848016a3585e883936847524bf15a30c07a2bdcbf8df,Mbpp/732,ab1,UNCHANGED
4bbf5f261b9c1bb7b0a343c2f6240632c182bce49b5a128717f2d2b054be3706,Mbpp/732,ab2g,UNCHANGED
5c59ab18e4f11d41cb6d500210527a266a6dd3b82212584472e889b4336a1f0a,Mbpp/733,ab1,UNCHANGED
88515f80888748dc8715a42a483b01fe8e7af822d22de6ddc971060b82eb6dd5,Mbpp/733,ab2g,UNCHANGED
95ddccf31b35a489f2fbaaac87f2f5582f0d62194caf3e2a4baead4fbc4ecac6,Mbpp/734,ab1,UNCHANGED
7160399bbd136b4a6e81eee861014986701b29e3aecaaceb3098756f5c6bb902,Mbpp/734,ab2g,UNCHANGED
5cc4e95352c7014fbe72562baa789b79d158e79d8efe023f037d580a4909e957,Mbpp/735,ab1,H2_ONLY
0ff06ac3f84e42e485c24386d09430e3c8a10b745f5fc157ad5e3811218eef51,Mbpp/735,ab2g,H2_ONLY
8af1184f816280758ec5f4cd86aed8ff5b82383d0f40e508d8acbf45ae1e12b6,Mbpp/736,ab1,UNCHANGED
bbf3738abfbdf26d06d63f054e2f7cad47b45de1b6dad873592ceb887c0ede5d,Mbpp/736,ab2g,H2_ONLY
51892a3b62a0a6c6d82bd0c0f55d3050ba23c9c01fbbf75f070ca8c88112ba38,Mbpp/737,ab1,UNCHANGED
40fb70ef6507d53ed8589587eb8925cf1b0acd13246e3ebc21b55fcf87c7d427,Mbpp/737,ab2g,UNCHANGED
edf21ce41f44debf0fdaa325e2d1f2fadd731ed54ba7ae58afe3c736bda46086,Mbpp/739,ab1,UNCHANGED
ed8700ed25010883bcbd360fddb67c7a28c3193a541a4e28d65652bf0fd12c1a,Mbpp/739,ab2g,UNCHANGED
1a9dcd4aa2de0e4008fe711381f967156abffd174634a5c0b5bea3d9888ee974,Mbpp/740,ab1,H2_AND_H4
04499905a32a7b63bb3fb9f4319974c02c7e96ba3d3b1a583b613f6d7f1f1b0a,Mbpp/740,ab2g,UNCHANGED
ddaa8646c1516122e2311a02fc4d08d3750426369845fc5d1036813fd05894cc,Mbpp/741,ab1,UNCHANGED
8800ce807bc42fa981eea2c67d86f010c66b135da9bc413b209814c84a1ac406,Mbpp/741,ab2g,UNCHANGED
577f88725b00f1ce3f0f7a8839f6b3f7209b6dd876fa22c2515c2a73b203f8d1,Mbpp/742,ab1,H2_ONLY
5a28958b1d81a0b67fc6299f303cff362606656cb0ffb8778fa61d6d29e2453e,Mbpp/742,ab2g,UNCHANGED
db2cf4da8d96194ba332e97370067a723896eba0fb29c3f8c91401611cd4cc60,Mbpp/743,ab1,H2_ONLY
efeb99e57b9e6ac8f6aacf0e2bb744cc5b63540deaa64118e0049d9ee65dbd84,Mbpp/743,ab2g,UNCHANGED
d3583725f84eb236e26a041e0ee1cfdd9add4c2178ad5662e1a09c91e01af02e,Mbpp/744,ab1,UNCHANGED
d559f4b901afd388339ac736fd2d8d86e66208909c8284a6d2a752b4cce908b4,Mbpp/744,ab2g,UNCHANGED
3235795d69e83e3821e7e7a8d92ad233ede25ea0a6fda80aeb166f5693c97be8,Mbpp/745,ab1,UNCHANGED
e7317a84f44ea77b22cf6754f51d04eaa87806e0ff4afa49d6783a3225ac72e8,Mbpp/745,ab2g,UNCHANGED
d4ab6a3606f0200eae3b53f559187f215711ed9e0f4898259fe274465ae5161c,Mbpp/748,ab1,UNCHANGED
4e9f23be8ed1927d4eabae3ad4884cc7995fbd14eee97cc288ed1196f1c5b34b,Mbpp/748,ab2g,UNCHANGED
9790f0e37c811b8a62852827f1096a055f2f238d918b934883bddfc95d76076d,Mbpp/749,ab1,UNCHANGED
00a9acb2c756c155f96beb01d6bf1336cb9ab1f5121da6ebf2b683590e4feaa1,Mbpp/749,ab2g,UNCHANGED
c06cd7a00fca892b1f8a73e150c77ba03aa6123a3327984042e06655ba4ce1e1,Mbpp/750,ab1,H2_AND_H4
fcd4ac8c4f79891d2168952b5d01d48f2e9f4589dc757e6e4a4479475d29d19b,Mbpp/750,ab2g,UNCHANGED
b9425820da3642c3ca52e2295771e99dabd86ea72064e1550ea2c86ae643b87b,Mbpp/751,ab1,H2_ONLY
a28b9f64a44d009cb847e79a80b10e7b2eaeff94ceff4b687e6d0b35740f460d,Mbpp/751,ab2g,UNCHANGED
238cae79d64c72e94809f112039be917035678d14e5c323ad2091e90bf6ed01c,Mbpp/752,ab1,H2_ONLY
62b7186eede5b0d9873019def1d6693a36dfe20794678dbbab06a5d8e88a8fe0,Mbpp/752,ab2g,UNCHANGED
05f1a3dc3ac610383247ed0275718a77eea82e3c9abc65cac98dc43ebbb4c792,Mbpp/753,ab1,UNCHANGED
d258808c90f716e4a3b15a9522ed70bb1f1c8250f58cee264acb57c6dd2f9b3c,Mbpp/753,ab2g,UNCHANGED
a1826c529ddaab858c2675cd8e7fea1f06df415056892b915a1592767bfb39fa,Mbpp/754,ab1,UNCHANGED
b632ad134cc53b41a3ac4ff1ef803d58c2c4ebc8213a75f80284ff1c7b6f2e6a,Mbpp/754,ab2g,UNCHANGED
e561f117aa8283cab6d064d71556462713d309f5d6426f04afa45f5746065777,Mbpp/755,ab1,H2_ONLY
c4efc1b0bf9388c05cf782a29e0b4fc9e1d9662ba4a1931e9ab2069b8c8d5194,Mbpp/755,ab2g,UNCHANGED
e233435a37c7b46fd3c336136b3ca614c82ad31b34dd24bd4f40464a0b9eace5,Mbpp/757,ab1,UNCHANGED
40ce31520ab7679032625728399bfd544c2669634fd08701af19205f85f93220,Mbpp/757,ab2g,UNCHANGED
bab575b83ce4bf951a2309665f0095584e678d746a3cbade5705b9cf996c45c6,Mbpp/758,ab1,UNCHANGED
74b58a8fc3e7acae15205f65cb0c20bb3ed38ea566bfeb27d49616c30828e4bb,Mbpp/758,ab2g,UNCHANGED
89712ff4b06df6d328dda973d5442099e8cb02345a18ce9ced764609f6519280,Mbpp/759,ab1,UNCHANGED
7e58b755a4623b6be974b65e72afb1d1393704bb7a0dda20a3f8ee9042d2ca5e,Mbpp/759,ab2g,UNCHANGED
c3336bfb1186c9c286fa1b8d11eb82caac4085f792475f443561f0267a75a9ac,Mbpp/760,ab1,H1_ONLY
a0fdcb048bcbe76ba8a43a2267e64a8d0f4bcaf7f0822f331432900cf7189757,Mbpp/760,ab2g,UNCHANGED
3d0394d780ebb8ecbb86998f3913c987454962ba8601f8d8407b216a2e56db68,Mbpp/762,ab1,UNCHANGED
47c1fe6e9a5cc9393eb8d66cd4b0c590e57a24537e0c784298720eaa3ecb2c22,Mbpp/762,ab2g,UNCHANGED
87c6821946cf2240005a7911b36f0257b1567b30b5069ecc53fc8882664af683,Mbpp/763,ab1,H2_AND_H4
f2ff35e760efbbe8f5e29250d50733e3a4f1b56f87137cc4f286615a3bc3db8a,Mbpp/763,ab2g,UNCHANGED
765a5fac3a7bc7a01742d7516b935f4af52a4b15b04276da8d3a12dd9e353ac7,Mbpp/764,ab1,H2_ONLY
979b91e6eef610d46d8451d146c6d700e6b75e2d821dfad340c19cd0cf7ce60d,Mbpp/764,ab2g,UNCHANGED
f8b80d6fbb9138cb43923ba86745de2ffd0254869fa28ebd302b09a84f18a7de,Mbpp/765,ab1,UNCHANGED
7d354b6ec57c922859a81b2e84d15254ddd5caf7d9639126e25ea689e4ea4ba2,Mbpp/765,ab2g,UNCHANGED
6ac6448a9696e5ad0e7747c5f138392a70bada3d0f71d75148b24f5009be9bfd,Mbpp/766,ab1,H2_AND_H4
78bb0354c0c3a71d032850f1b6a86e4a2e809f32b8b52983e15429d2d7bf9291,Mbpp/766,ab2g,UNCHANGED
fafb4d3b3bb68070fd96127bb0967755e43916c9747a62a2160f58e84ef3f65a,Mbpp/767,ab1,UNCHANGED
d03b835e09d3ff7819090d8176892d38d7d1da269b39f9912831f9840ddfc8f3,Mbpp/767,ab2g,UNCHANGED
d950ea6433544cd257f3a58a707eb5e499052127be62d1f1c7e81fcfead42192,Mbpp/769,ab1,UNCHANGED
2dfe6d0d4f214f202d40bc983e34108512c2f76521b75a95a7b9119ea1c3951b,Mbpp/769,ab2g,UNCHANGED
194d9d095a76294dc750fcef3210acb29b117ee6c8337cff54404abb4c954899,Mbpp/770,ab1,UNCHANGED
a01afc931079b1891b3456a71297a19aff725a17ea8a7ab87a51c6f8d4044692,Mbpp/770,ab2g,UNCHANGED
80c65616b2e3b080b94b630a851d9886a7b48aecdd8b20a0ca34b41b8fe78b47,Mbpp/771,ab1,H2_AND_H4
8ed417c83fd52b648ebda1bdc6062685428c684827334db3e631bc44b3421db3,Mbpp/771,ab2g,UNCHANGED
b015ed2af96f4ee5b08c50f0bc8ee10fab76c265c74af4e5491b41f183e82f1d,Mbpp/772,ab1,H2_ONLY
1135cd2366ec478500b108871748f6380f02e2a9d4dc310b44bfbfbf501079ce,Mbpp/772,ab2g,UNCHANGED
8629f58845304480d6293ae11bc27c6ea267f64eee7238e3bd995939426e8ed6,Mbpp/773,ab1,UNCHANGED
9e404c408a84db8a256b2aaa98f1212a39a6713d665417e7f3d4f8e828b013ea,Mbpp/773,ab2g,UNCHANGED
01052cc78ea518b48bd0c88e28a3bf1de75b344f49f120b4b5547102e6da65d6,Mbpp/775,ab1,H2_AND_H4
4dbab97a10801a3e62b51bf46ff0642984de41b246d33ba6b99344a9644fe5f3,Mbpp/775,ab2g,UNCHANGED
8219cc30a985041e630d53d91c0d26a58ec173dec3ae761dc604036c3db99e26,Mbpp/777,ab1,H2_ONLY
9eafe0ed9a3e74275cc7450cb284656fc3afe312f0c25947703a99614c65a0bf,Mbpp/777,ab2g,UNCHANGED
aaa9009bcfbebe7fbbe1e3c75c5440bd7a721fe5b28f64f667a064cd5b387742,Mbpp/778,ab1,UNCHANGED
10b8d271bba0372299e1f03df1bc9a412385dc3125eab65a21f2fb16165f7f8b,Mbpp/778,ab2g,UNCHANGED
4433fb43a677cdeb9d6afcd7f1807429942d5d8766462a15ac66bc1dbaf5aa47,Mbpp/780,ab1,UNCHANGED
b97f03dfae3379cbbb79e0d28150b311a7d88864a2105ea8a7f270efe46b7fe1,Mbpp/780,ab2g,H2_ONLY
17e100a1be311ee699361caf92ada6b132a0d0c544db2ed3189c8e5577c70a6d,Mbpp/781,ab1,UNCHANGED
88d50ac8b09dccee4149a751252d193faf06aeea96fa12674c11c472db9aeeef,Mbpp/781,ab2g,UNCHANGED
17627aad4e6a172fb6adc3aaf0f0501e982fcc1065ac0b6c38b95f7494bbbf41,Mbpp/782,ab1,UNCHANGED
60d48dc6c005122688100b62acfa9ab3aeca0eb1b79b8abca397e9af0a00b7f9,Mbpp/782,ab2g,H2_ONLY
9ddd4339ac922ead9ff8839a7a6c34a9a9812120af1cf882e829850fec574006,Mbpp/784,ab1,UNCHANGED
221ca6371f907ac5b7381e4fe554c7a40ba687b6d98bcfafa1d51d03a87e8da5,Mbpp/784,ab2g,UNCHANGED
b8b2e3fa9218908803721b217c30db20a7c490b683b1b9803af6c2f1aa552ab9,Mbpp/785,ab1,UNCHANGED
90505143a32ec630c82a953d57b761eec2e2dc46db814f3931b70f29d56aa8d0,Mbpp/785,ab2g,UNCHANGED
bcc60b49fad03425d5b71265e007a6c142d634e76f6b90ad7b03550cd3f1d7f2,Mbpp/786,ab1,H2_AND_H4
dcfe58b4ca78fe3a3fb5f40ef6d08e8c035c9d304a6a2e1229b1b4900b032bab,Mbpp/786,ab2g,H2_ONLY
ac2556703f1d1279a853cce8b044a8fd4c53df4dd86b49ae42b048d32089e615,Mbpp/787,ab1,UNCHANGED
02dddbfe78329bc585aadcff6b9dd6d24727cd3abaa1ef779787b46a40493f32,Mbpp/787,ab2g,H2_ONLY
2c898b627a5360797849bd1e8b2a584e667f2093f192e82704eb4413b0fa578f,Mbpp/788,ab1,UNCHANGED
70f61d71ebbca4ec2bbec7849704ad5e156b41f0d7541b2089ac067be4b2ff93,Mbpp/788,ab2g,UNCHANGED
5ed04b529f2809cc9ee2ec57a4e1f20e98cf20d6b82e9cbdc24fdf50f0861bf8,Mbpp/790,ab1,UNCHANGED
cea24f199d59e1c0131544909d393c6ef3748a0151946133d22cb8a0f73f478a,Mbpp/790,ab2g,UNCHANGED
0a2d924d068f4cc02e40692dd9ee7c1772e8c91f51e124d940e7c17c0adcf419,Mbpp/791,ab1,H2_AND_H4
6e6dc7e5d3b55489ab7c732d927aaa99b19d4b8497da6beee19aa0be358fdba4,Mbpp/791,ab2g,UNCHANGED
e71d29bec9125acdf69a8b9f8a5f6c10e3f4606ac162096f3c24b36c08f151b2,Mbpp/792,ab1,H2_AND_H4
def53a368d90f24549aca2a6d4d1eec5f9b205e19f5476180f3a3b239eeecbf5,Mbpp/792,ab2g,UNCHANGED
a6e7514f1bcb9a5202ee3be3fbec1a1b6ab3f9aca5bb855f59e1e4f7e316a3e8,Mbpp/793,ab1,UNCHANGED
94283a1abe7717bd451e4dba42ebdf36c09fc6993f27901b8f4fcd9a94064bf9,Mbpp/793,ab2g,UNCHANGED
7b0de921fe8dd12b656b42245f26b304d824a3be11c40535668c1ff7f9e62022,Mbpp/794,ab1,UNCHANGED
0c2910cab588e70cb78593b482a8602e657a883371cca0a8e7947b42b6f5c281,Mbpp/794,ab2g,UNCHANGED
5b8641db46256883d39613c0cec64e27e63f6c0e5147c539b5717e2c36bcbe1e,Mbpp/796,ab1,H2_AND_H4
257fb819aec3d37363745ed28f0f75d44bb78507b0ba198d2c267f6d11e762bf,Mbpp/796,ab2g,UNCHANGED
d7fc263239f0f94ab42f3c904f0964ed049d4dec8d868daab3b463970e8cb809,Mbpp/797,ab1,H2_ONLY
459f67b83cd72830c34eeabe666f5dd88bfb1d6cab7efdfd8ec8cf0c57bc7877,Mbpp/797,ab2g,UNCHANGED
5a5f3ba68bd18c7e8ffe9e6f057adaf1df6a6aad1dd6d955d396a0c7576d654e,Mbpp/798,ab1,H2_AND_H4
d14376bdcb48097e4f521b51ddadc6241d91f58c9e2f33f3d9fee8f5d2a94c3a,Mbpp/798,ab2g,UNCHANGED
71b719bbcff9a01aa43909b97bee7871f70a775d5f2bcc85c95b7a2da2b1904c,Mbpp/799,ab1,H2_AND_H4
98cff80e665d2f3ddbfdff0d51a3c9e81cef02707a093bf6c4666c02173db536,Mbpp/799,ab2g,UNCHANGED
26b2fe8cdd77db1bd7de68b91fe41c2611c67fd92233510f963e357affca72af,Mbpp/800,ab1,UNCHANGED
9f6a5123623561ab956eb80714f14d80854ebbd71e981d2c816195ca23915293,Mbpp/800,ab2g,UNCHANGED
76fda8bd5b8cb65872b5dfe297fc44a7377372a86be88fb5977fc39ad84bf35d,Mbpp/801,ab1,UNCHANGED
b52a1742debeb10bde10393fb4f0bf73e1c3439976d08aa4d923785ab5784c9b,Mbpp/801,ab2g,UNCHANGED
cc04ad6731290fd2a014186360e2613d8f0a8ff7466b72106f185076709b9aac,Mbpp/803,ab1,H2_ONLY
36cf895f39e6e585cc8f93124978ed716f5a62aefb88b73c20d649b30891f5a4,Mbpp/803,ab2g,UNCHANGED
ca4dfc12068bb05abaed78645b3b842ac62381282f5e5ee5a504e32fc8f51b22,Mbpp/804,ab1,UNCHANGED
53f2884325306a597bf25127d6fdbccd12e4ce4d932218be543ad939a3a1b850,Mbpp/804,ab2g,H2_ONLY
be04b0c60315d1f83b0d4a57e88629bd47c84f768d4620cd2fc4899329d42820,Mbpp/805,ab1,UNCHANGED
395a84da03774532e2addc67f5b405f150c316240815419191e9681741a3644a,Mbpp/805,ab2g,UNCHANGED
9e36051dc97cd330f8936638a347e9206a362d0f45d93a947c6bce121dc01be9,Mbpp/806,ab1,H2_ONLY
27e19ce0c590b421cff8af8730241a5ef9b0115f809f4bb59404f4192055e253,Mbpp/806,ab2g,UNCHANGED
2a16f965360d19eff7798dd70ce8bc00f0249ffc26e9a982f7450eb44e61cc24,Mbpp/807,ab1,UNCHANGED
2deaad2899a114ed7752d2b09324aee1cb8ba491a2262befcaf1d9a108620d74,Mbpp/807,ab2g,UNCHANGED
e7f208da6f0f8ff4b80e8e2199ef5668586d1d5cd6533573aada1a21ab0b5e07,Mbpp/808,ab1,H1_ONLY
9b6b3a84ffd47fca31d8fd835cd93efd11e7678b013c21bc476696ba85766fb7,Mbpp/808,ab2g,UNCHANGED
6837c63eb3db2b35bf3ec05c07e395e36a4c58cd9b1c84b530bf12c50ec7c109,Mbpp/809,ab1,UNCHANGED
e76811d3e58750ce0fdd5352a95bcb7a56c5236656d0363251ebad5d2b4ef142,Mbpp/809,ab2g,UNCHANGED
