evidence_label,model,cell_identity,dataset,task_id,condition,layers_changed,layer_combination,existing_transition_category,raw_sha256,final_sha256,raw_base_status,raw_plus_status,raw_final_pass,final_base_status,final_plus_status,final_pass,entry_point
development_candidate_not_frozen,qwen3.5:4b,0c39511848805789fd2d111b5fd4ae370878b89a9fc0dcc8ccff2d3c7631e254,MBPP+,Mbpp/753,Ab2g,H2,H2,modified_but_still_failed,f7303a5c43e98915e63dac68938786dc5ea214ae9bdf5b97286913c29b5729a1,2e526eec0672eb296809286db758cdfc5ccf8639d3000694b42a96df4810b2dc,fail,fail,False,fail,fail,False,min_k
development_candidate_not_frozen,qwen3.5:4b,11dc9a9e639f414c38a50b3b966ec55dc87319f5b63f0831e451562251039e59,MBPP+,Mbpp/118,Ab1,H2|H4,H2+H4,modified_but_still_failed,05572b7c909f5a9a32cb204bf4def6080892bb984d203c8067e49079b6877edc,bd0763248988b39d07e9025c98bad47b6fc259df260a8c61408fd1f9013fd683,pass,fail,False,pass,fail,False,string_to_list
development_candidate_not_frozen,qwen3.5:4b,1559ec29cab7255116606a351be1590a676ce3be1ac3c127a86adbe1c3b8ea1b,MBPP+,Mbpp/589,Ab1,H2|H4,H2+H4,modified_but_still_failed,8e847cb828d8b84f62bb5c4a04c8962cae1fe437cc30f1ce6d62515dbe9b964e,1cbc88ae8346784516091c9c881b64d79215d77ea216458ee6c56beab28cc9f5,pass,fail,False,pass,fail,False,perfect_squares
development_candidate_not_frozen,qwen3.5:4b,1824a4604f6acacf569af4cd2b19f18239e4b687bc575555393bb3a096c89e25,MBPP+,Mbpp/787,Ab1,H2|H4,H2+H4,modified_but_still_failed,719f3dc5114d5a55610606b99dcc7176bc8c9448f26822f2515b027550407a5c,951fedbf23564f454752cd75c7779538a98996ce972498b8e24585c36d0fa6bc,fail,pass,False,fail,pass,False,text_match_three
development_candidate_not_frozen,qwen3.5:4b,1b7b2f96b9f29e4c1c3d8e1c2a39d06bb90a2fd860cf1c83525a120156d14d91,MBPP+,Mbpp/757,Ab2g,H2,H2,modified_but_still_failed,9fff34df722f8835060ed905b158703a28eab0cd84d9fdaa306a8a8dbe2c3cfe,9c5013e29d8055959817ae0ce3e33cd1499b6b98539fd5872873775174256a38,pass,fail,False,pass,fail,False,count_reverse_pairs
development_candidate_not_frozen,qwen3.5:4b,1be75113a89e70235bb4ddcab513ba9307ef32c098a8b46b82bdac75bea5a863,MBPP+,Mbpp/264,Ab2g,H2,H2,modified_but_still_failed,51c109d5bbc2eef3de4302e8e52fa2e1b28a7efa513de608c9ac899e8fef2c56,01eef0847a49751a824af1306cafcc3c551feb4ea33de3a7192a398e6c23a8ba,fail,fail,False,fail,fail,False,dog_age
development_candidate_not_frozen,qwen3.5:4b,1dc13ecf70890997ba9abada10d60b3c843897c0ce08ae538bf1e85762782fa4,MBPP+,Mbpp/748,Ab1,H2,H2,modified_but_still_failed,819cd399169968ae06460c8daf2a0aeb73e2383d8817b9bab964432f689189de,5879f30c5c4cac9ef251b355f5eb63ee7d7d5a69e3430564927dfe5cea75801f,fail,fail,False,fail,fail,False,capital_words_spaces
development_candidate_not_frozen,qwen3.5:4b,1fe6ee735cbab8293f9eea319c542f3557c063d1c7e96b6c45831381a14a4e83,MBPP+,Mbpp/641,Ab1,H2,H2,modified_but_still_failed,8c6b45c36f06d4e6a2fbafa20e307a0ecb8b78c594634dc732e7aad032902ae2,0e24d1a57e176cede9ebff3a49226123b4ebcf5ef82fda012150bc2d7cefa020,pass,fail,False,pass,fail,False,is_nonagonal
development_candidate_not_frozen,qwen3.5:4b,3095cc873274666035ba64871cdee5830cb1333a2e7cf594d0aae86d2cc236cb,MBPP+,Mbpp/638,Ab1,H2|H4,H2+H4,modified_but_still_failed,0e939c30116677b6285c3669a89a74b3de52273fdbd416326a6a990107d0e395,8b91bb44c6c74c45e49dfb9f9f7b87f9735223d35f5c3db215244728ad00e845,fail,fail,False,fail,fail,False,wind_chill
development_candidate_not_frozen,qwen3.5:4b,3843e8bb26fdb3ea4f262fe388c7b94f6d9d109288b4f9de48a8874f0d14390b,MBPP+,Mbpp/398,Ab1,H2|H4,H2+H4,modified_but_still_failed,230f84a5d8562908930037e233c34ff2d360ead4293f017c5b5dd048919ab8a1,ddeffb8661ca180bfe4255c23ca09d0c18a4121fa21a468ffcc020cbfc7350a7,fail,fail,False,fail,fail,False,sum_of_digits
development_candidate_not_frozen,qwen3.5:4b,3b8e7da29c5d5c2a561f8bca3584c09a1c0b314442f110dac9cddb277869546e,MBPP+,Mbpp/633,Ab2g,H2,H2,modified_but_still_failed,7f3ffb3fe870c32c23aafeb88333e6108017bb78cf950b73e49f6df02c8fd3f4,16416788a49f4618d72bcee5bcf012a1267c3cf77f8e584de0d3c33b287b8a46,fail,fail,False,fail,fail,False,pair_xor_Sum
development_candidate_not_frozen,qwen3.5:4b,3fcc89ca16ff0132e7396622286e580555c9852f571e3515027eb4e7ef1d7f74,MBPP+,Mbpp/414,Ab1,H2|H4,H2+H4,modified_but_still_failed,5b51fb848e563bdc94fdefebddf8303d800e72628635cf645c60b8c593a8d0a1,26dc02e7b62f6afb39b3d5279c2fdc167c8514da9a36233fcc93077345c52eee,pass,fail,False,pass,fail,False,overlapping
development_candidate_not_frozen,qwen3.5:4b,40a272adb6de5b8b125be30d1b4f5f9611e24382b17c56f80b8af42993b158f8,MBPP+,Mbpp/791,Ab1,H2|H4,H2+H4,modified_but_still_failed,262fa1b7dfb15c0b3c595b6e8e72b89a9f45dc8ceeef969d976d3af4c548077e,a0ea49b70210bd22792ed703f668984857ab1b0dd182119fa05ef86789773610,fail,fail,False,fail,fail,False,remove_nested
development_candidate_not_frozen,qwen3.5:4b,411b6f472f6dbff0a04791ab0817fad906b7d7d5b9dafad69d982a84f94b7bb8,MBPP+,Mbpp/742,Ab2g,H2,H2,modified_but_still_failed,a0b644a8e33e8137768780d8a179364dc9fe4023aa5c63940809f43b29f4cada,24ec6b39e7503a8e5c295dbe9ab0463a6a3864030e47f0b5850003ac288fb09d,fail,fail,False,fail,fail,False,area_tetrahedron
development_candidate_not_frozen,qwen3.5:4b,4133c04bc9cb5e2d442b5c5f3ed44c7657f8c8e23b269d66bdc9339b2e2d32c0,MBPP+,Mbpp/763,Ab1,H2|H4,H2+H4,modified_but_still_failed,69b971de47a2c66706d977b52952963e0118a8b3c96399ef396347bfc69a5b99,b453874d1a2907c01aeb756fd4bbf200acd78abc78ef91d1a32f86a82911f6bb,fail,fail,False,fail,fail,False,find_min_diff
development_candidate_not_frozen,qwen3.5:4b,427ea7b84e8d70f5a80aadd891050ac1f4db7e9968ffa9f2117c1f31402cbfaa,MBPP+,Mbpp/559,Ab2g,H2,H2,modified_but_still_failed,4ed7474f83ac09687a8feb566bc29892c87b3c611a7133320ba15897512e03ab,62bd9e53fa4a03c61d8d75196e1e1c3abd54c7eab1d0c7dd6d7750ddc2baecf6,fail,fail,False,fail,fail,False,max_sub_array_sum
development_candidate_not_frozen,qwen3.5:4b,47d436faa8bd9a117eab47780e5e43d4335b965883d5491925fb781dff5cb324,MBPP+,Mbpp/771,Ab1,H2,H2,modified_but_still_failed,b70e6622e8a9f0e53de83201f2fa02786fc8c4f6e47a8379acd2956297449159,afb102f2cf5906e103b49ebc1003c7336cf964fd30f722f69c43dff3fc99cbc0,pass,fail,False,pass,fail,False,check_expression
development_candidate_not_frozen,qwen3.5:4b,4921fe6d37506c6c3dbc7e57b4a5d44655b740a59e7413aaa8eef63b845574e5,MBPP+,Mbpp/125,Ab2g,H2,H2,modified_but_still_failed,3f18a39444681789369c9209440c141834d18d4c563ae02731d2a266c2640e72,e23fea61bb1a7b16644805d611ee85d2b983df315c46d7158b6ce70f27568ce0,fail,fail,False,fail,fail,False,find_length
development_candidate_not_frozen,qwen3.5:4b,4ad9b876c30e7bb9a74e09c8654975ce19ccecaa89ac8917c161828aa25c4dfa,MBPP+,Mbpp/415,Ab1,H1,H1,modified_but_still_failed,7a9397e516f4172331396fe93ad4d6b65e299007ba4d2601c51bd1f14a4146cd,f53be38055edabd0a291995d1ac86364f9e022a3c06e2187471245ece79fffa8,fail,fail,False,fail,fail,False,max_Product
development_candidate_not_frozen,qwen3.5:4b,50d6b27321be3c04de5e8aacfb4132a8ee595f4ed4f915e5ca964798b5c64600,MBPP+,Mbpp/440,Ab2g,H2,H2,modified_but_still_failed,223a8cb19a306a8ee3d6cf2461f2454d6afd9d28645c796304d328802a96d669,4ed4a86b9137da8e69d7d1d8506357e4186be407b8ce29ab64949f49904da90d,fail,fail,False,fail,fail,False,find_adverb_position
development_candidate_not_frozen,qwen3.5:4b,57cab3a140b801f94931d3c49328ce04755d96b510e5eea8b189db88a66ce891,MBPP+,Mbpp/415,Ab2g,H2,H2,modified_but_still_failed,fd3c32358a887807419d5296b6ac78af71eb3e37c9727d3b4e9320efb14a3108,99c4bef66d4d0c6ce65e47667d712a8f6579fb4d1c5ef39c1e245435b9902e14,fail,fail,False,fail,fail,False,max_Product
development_candidate_not_frozen,qwen3.5:4b,59cd9d0c537fb201cabcdfe8aa0c65ca1ed6cc6b49b957a1759b775501e00351,MBPP+,Mbpp/131,Ab1,H2,H2,modified_but_still_failed,660fbaaaea06afe668aa9a525b7cf1c3de15a4b5eb9894a09677a84c201f6b97,0b9e71b71ec5d0d35e77dbb801bb3d2debb3e47978a36430bc889d26cd81dc78,fail,fail,False,fail,fail,False,reverse_vowels
development_candidate_not_frozen,qwen3.5:4b,5c5632f79df35eaba7e3950a6c7b50bebc2af48f811bf631b7e71337bf1e29d5,MBPP+,Mbpp/459,Ab1,H2|H4,H2+H4,modified_but_still_failed,cf7d97b508163150d4eab29bedd905f1565f85312b068285dfdde0866f1195bf,9dd4eb805ab931e20f1a4cb0905ff8e1eb056ef564c8972249f8bd6971eee046,pass,fail,False,pass,fail,False,remove_uppercase
development_candidate_not_frozen,qwen3.5:4b,5d5cfae41458e5e8ffd9721e28a9493df0f98b09cdc4605cef2c44f1b48b3b0e,MBPP+,Mbpp/16,Ab1,H2,H2,modified_but_still_failed,eca8b8ae31240c8cd290aa8a5231414a6c64d6b7baf81f38f5f1f879b0617efb,ef2e9cee2cb70cff391a830597ddf0a0e2df5047b986ee8f2edbfd524711d415,fail,fail,False,fail,fail,False,text_lowercase_underscore
development_candidate_not_frozen,qwen3.5:4b,5d8a1f7060e7ffd54de0b05b136466c584eb438d08da2adb543f4075a98fc7ce,MBPP+,Mbpp/726,Ab1,H2,H2,modified_but_still_failed,1f8204b780b60a9e1ff22d86121482859d2477997e79b843fc4031661a8a92d3,b161ba2fb828f9b10006fe4579a339f0976eede09671bf6bc4ade5d0e00757fa,fail,fail,False,fail,fail,False,multiply_elements
development_candidate_not_frozen,qwen3.5:4b,5ea4b3c0fb41b59f309172c3a9d6ba62b72fb2fcd671adab83f4ec6e22c2b9ef,MBPP+,Mbpp/739,Ab2g,H2,H2,modified_but_still_failed,a473e903af28235fe9ec4c09408e8b7ddf991f11633137caa4a75def8f2a1450,b0f8fb59cfb4d738825b37e7d37e7428b55eb0277ec7ea3ed96458bd0783f472,timeout,timeout,False,fail,fail,False,find_Index
development_candidate_not_frozen,qwen3.5:4b,6540ba88462854ec6baf7458b8dfec16b085861a54c85782ab30d3262ed0b0cb,MBPP+,Mbpp/468,Ab1,H2|H4,H2+H4,modified_but_still_failed,692b2fae3f6358999c39f845b35ccb813c2c4ef6c6174f536491e24938a1a4a7,e3668971f2f10c0ffadfbb3548fc10777c0b1bee740579b3de762f20a55466b0,fail,fail,False,fail,fail,False,max_product
development_candidate_not_frozen,qwen3.5:4b,657ef7dbbb936ccc2604cc95810e7d69042eaf55f14ecf14d9abf8377832619b,MBPP+,Mbpp/113,Ab1,H2,H2,modified_but_still_failed,8d82c21e9cd14af6bf68cf9ab06a6df22c3ff1340e21d1d1f86b355a3283af19,64e3314e29a4725c86eb988a2fd3c53d144d464a01160063c334953741d2ff82,pass,fail,False,pass,fail,False,check_integer
development_candidate_not_frozen,qwen3.5:4b,660a5559a0cd22bc72498f2e63f76da37065482c2236c9ecd4d38092b55c3be3,MBPP+,Mbpp/61,Ab1,H2,H2,modified_but_still_failed,26dbdb7e09a8e2f8d7de5f5145fd14c9bd9cbae2a5370d2e3e18dc81d5fac8bb,fb398c768e34bba9fba1eb3859c77b2ce942ee82fb3c46346c0e9ef333e1e128,fail,fail,False,fail,fail,False,count_Substrings
development_candidate_not_frozen,qwen3.5:4b,6be51b5e66e70c9cbb43af981cb6f070d4eae032d4b3b9d308335654c45a6a4e,MBPP+,Mbpp/564,Ab1,H2|H4,H2+H4,modified_but_still_failed,5de7a8a9e6d4f4d1a68b72ee6d9256857838585e4d3d57caddeda650d4960fe3,dbd90423873b2f7eb7d26799268ee64717a23e210814bd6ca09929a1c425c16b,fail,fail,False,fail,fail,False,count_Pairs
development_candidate_not_frozen,qwen3.5:4b,6e92289c5e831fbb5a0e7db06a9b0db7e579ca5f5bf358bb56f2f4605f4e7e1b,MBPP+,Mbpp/752,Ab1,H2|H4,H2+H4,modified_but_still_failed,c582a8375672f0742c842c8bc708a261fc458fb54eec963ca2f096f9cb2882f1,41051d8859995d5580297bd31489ac6fc2e184d551ff938e984dc8e0f9792fac,fail,fail,False,fail,fail,False,jacobsthal_num
development_candidate_not_frozen,qwen3.5:4b,6f7e0f1ea685837e42f736519377ef185e0f68a47e1f14830da43bc638a4d813,MBPP+,Mbpp/310,Ab1,H2,H2,modified_but_still_failed,4904eee3f5be30b15b10ad49bad9603dc65732151f36d0b949966aeda6681895,5360ddd04cb1a42aa69dcc820e901e8a53c36582847ec2d378a62b2f5e184afa,fail,fail,False,fail,fail,False,string_to_tuple
development_candidate_not_frozen,qwen3.5:4b,6fac2da52ef5dc33c6e434e3e0cbd9d43d4ee858bace58e18a8118041e21b33d,MBPP+,Mbpp/92,Ab1,H2,H2,modified_but_still_failed,3436f599de3ed7229e0c1b853921d40eb4a3757b77bdb853103ad51377906f40,55ca1b434c4554339bd0e0defc73c8cbb30266e5c3adabed945524e142e0d5ec,pass,fail,False,pass,fail,False,is_undulating
development_candidate_not_frozen,qwen3.5:4b,6fe97dc825cb4741c346a327ab14d0b4c36f06b1f5c250d8b7b6814c8e172afc,MBPP+,Mbpp/805,Ab1,H2|H4,H2+H4,modified_but_still_failed,b6b0acc39cad5f06bab6a52971a039c2e971ffdf99b9caf76ab1afda690dd648,7812bc7301bc4a09c28f332fd958dc6328b23607107766ac071ef39c6356efb1,pass,fail,False,pass,fail,False,max_sum_list
development_candidate_not_frozen,qwen3.5:4b,747e502de28632dd99548cf30873bab2ad5b1997613a19cd701be8d20476d589,MBPP+,Mbpp/421,Ab1,H2|H4,H2+H4,modified_but_still_failed,561787a624a8c71385da0d24dd180744621a58addf81164f2247a1457f075c0e,e99c5f8564fbb50e39bf79bd2f7eda569dc4b69d8ad06f4bedec194a2ad2137e,fail,fail,False,fail,fail,False,concatenate_tuple
development_candidate_not_frozen,qwen3.5:4b,74e51efed7484e6ebdad882c29bfe394ddc260838d52149607bd6018a040971c,MBPP+,Mbpp/161,Ab1,H2,H2,modified_but_still_failed,8527ad76aa95f5141abfc7ab445a6416611ee928e7bdce8a9a00f88f4d407b3a,11fce1f8e5135cb2aa2a9b32e44f8b0aa779bf67c92a3094c1b16270b50176cb,pass,fail,False,pass,fail,False,remove_elements
development_candidate_not_frozen,qwen3.5:4b,76f813d48e50a87a29ec6a3dead071c6db0b2441bd52b8da9e92b314d0db868f,MBPP+,Mbpp/311,Ab2g,H2,H2,modified_but_still_failed,5dbb7d4f4f29a1f1442d6f12f275ca92bc9f894ce006ab8cd5dfd4c5b2fd9578,40b44aaeb9d9b869f2b4d3cbe2dd80ea0d2b74d555adbb9c9bdab8e5db0b82ff,fail,fail,False,fail,fail,False,set_left_most_unset_bit
development_candidate_not_frozen,qwen3.5:4b,77e5e55e9b7e5a774494ebb8b20cf70fd67757527665057f5b6d82103ea1e5bb,MBPP+,Mbpp/626,Ab1,H1,H1,modified_but_still_failed,cef32642b66e229d84d03bc9e17747e1aea815d309e376c29dd613301f624228,af513c50373f6f40b24cacfe0fea58f83f44ac284bb1d02cf3f5ffc4c29e9e60,fail,fail,False,fail,fail,False,triangle_area
development_candidate_not_frozen,qwen3.5:4b,78ecacbefdf29cbde67cdb05e2a90250872f505d52abb6374a09e59d77f1ae13,MBPP+,Mbpp/630,Ab1,H2|H4,H2+H4,modified_but_still_failed,d99c8336b2021e9725a2a4c50862e4163c448f5b90d7f7356be9de2346db13ef,f1cf8cdecf7512fcf696c3898f0b6ae3949b26afc5d10ae116ac476e73c32601,pass,fail,False,pass,fail,False,get_coordinates
development_candidate_not_frozen,qwen3.5:4b,7be0498ce8dde652a935980d017d5e4a302fc62dbe9cad5c9c002f7a75644ce1,MBPP+,Mbpp/427,Ab1,H2|H4,H2+H4,modified_but_still_failed,4888a966cf1374cd41cff5697319d5d2e37fbc03a1c17c9f3edaa9a31b297bbe,0abd1d7b15fb9a6afc12b853670142fa884d6367d1952830d4d362b2aaeae3a9,pass,fail,False,pass,fail,False,change_date_format
development_candidate_not_frozen,qwen3.5:4b,842d4bf62f56aa0be9cd7bc547ac73df559d3c8f7787271ea3a3ee9388ff4d77,MBPP+,Mbpp/283,Ab1,H2,H2,modified_but_still_failed,041a18c9abdb17d3c5a495377d771180d34155623e03113678c49aca2aad8806,47d301b8e109250d923ad33074b5a4c176e6bd7468134a359433596eae36c966,pass,fail,False,pass,fail,False,validate
development_candidate_not_frozen,qwen3.5:4b,919012dbbe5168766cca3b8c7cb13b053d15f80ab19ff088c00fde623fd328bc,MBPP+,Mbpp/20,Ab1,H1,H1,modified_but_still_failed,5c5d89092d44b69c8ee39b6909ca4f074b4efe76a5815044930ee59e48482cf8,f2fd4a64b3f36095b388e41fb32b4c0af4dfa5f641d3d21a3559847ba30a98ed,fail,fail,False,fail,fail,False,is_woodall
development_candidate_not_frozen,qwen3.5:4b,91e4ca2d4001546af13c602458317a65a8075ff1e9c401f5ec4b326d971899ae,MBPP+,Mbpp/141,Ab2g,H2,H2,modified_but_still_failed,2353d208761690886e754a4becb8ae9baaceb206de50157feb53b4cf9c6278b7,07c7382c7860b0b504c9e38f4fd06ee8f81ca683e35495810785f41372bdceff,fail,fail,False,fail,fail,False,pancake_sort
development_candidate_not_frozen,qwen3.5:4b,9218171a7841765f8ed6adb3bdfe61d8ab173de996d7f6397eedd51bb0b86d83,HumanEval+,HumanEval/130,Ab2g,H3,H3,modified_but_still_failed,923de860d33a99b40a5d503afb6bb5c87bb48a173b0fe1e891815d6c58896997,be838c8ff0e91e0a139e7d27f43a64fa8b1d706f7d1d3f5d963fec2adc82f156,fail,fail,False,fail,fail,False,tri
development_candidate_not_frozen,qwen3.5:4b,9530875c70d70bb20281bb15f279db67a651d0d257bdde6e90c789105741a75d,MBPP+,Mbpp/806,Ab1,H2,H2,modified_but_still_failed,355824a33a7b163a8738a93a1490a2cf69383a094a960fb9fc1d952aef663cc6,314d375587105a66965df5d21b923b57b6b3244c300db3e0126ce68de003f9a7,pass,fail,False,pass,fail,False,max_run_uppercase
development_candidate_not_frozen,qwen3.5:4b,995c8e6d5663a67f03e8ea6e1f4f338de882849719786fe9897b7d380b6816a3,MBPP+,Mbpp/68,Ab1,H2|H4,H2+H4,modified_but_still_failed,e10cbe410408a09ac47cffc0b9a74a7a2c638ef184590577805d402d310aebc6,0027e5d7b51c2e8b29bf6da929677ac8b4b307299dda09e388577412ddd05a08,pass,fail,False,pass,fail,False,is_Monotonic
development_candidate_not_frozen,qwen3.5:4b,a0cb8dc43c170005b9775ed933e0014aecba6e3ef4cd6b4b617bf406757461b5,MBPP+,Mbpp/463,Ab2g,H3,H3,modified_but_still_failed,75b511bc584e6eba75fbd69919b54f72900664177ee844907c08e49897b14bc9,4646739f2033044c2d080d8e3d329420913addc9dfe0eb01aa6ff51de116764f,fail,fail,False,fail,fail,False,max_subarray_product
development_candidate_not_frozen,qwen3.5:4b,a106968374ce0e913cdc8841bde150a81bb80d6055ecd23a142f55da5e11f81b,MBPP+,Mbpp/91,Ab1,H2,H2,modified_but_still_failed,71650ed6d1603540358fbcc2cc749af92e58726822fc3352309921c226a08bd5,58b5a944802dae26d0d021222511507e159018d60d16ecb70ae8c76c0dd6cacf,fail,fail,False,fail,fail,False,find_substring
development_candidate_not_frozen,qwen3.5:4b,a939a0c19a7c767c9659c395bb4c31009a47a56b78388826583978bb29e5a49c,MBPP+,Mbpp/592,Ab1,H2|H4,H2+H4,modified_but_still_failed,613b750b7f2f6ca9d64d8d276de2df8afe669cb1c0ccfacf8d8261ec2b4791dc,ee0ded1609872a9ea44577b5f379eb358373765c0cc7b1470500ed37dd4fd7c4,fail,fail,False,fail,fail,False,sum_Of_product
development_candidate_not_frozen,qwen3.5:4b,a97772b8e5112ba7efce10fc11465ad692aa96ac44f6dc1d1121a365baa8a281,MBPP+,Mbpp/735,Ab1,H2|H4,H2+H4,modified_but_still_failed,dc4af7eea59a2ca945db669adc73a567e085ecc1ca3b3321d7a98067fad8f3b0,ef78ed5bf13b07615d963d3d570faa6e4508d1e4f6fdfa57a167cb6e129a0684,pass,fail,False,pass,fail,False,toggle_middle_bits
development_candidate_not_frozen,qwen3.5:4b,aad5d10db8f8264a5d136008349d68ab5abae81dec9678f9ea634c3f52ba63a3,MBPP+,Mbpp/287,Ab1,H2,H2,blocker_removed_but_incorrect,19c7775465f57cb337fe15866b8fa2e90c4ff3a3daf0ab7eab4c929a2247fd93,397347eec73c4e65ec91666748c6f03537559cdf68b0681e5f6a68765ff69984,fail,fail,False,pass,fail,False,square_Sum
development_candidate_not_frozen,qwen3.5:4b,ad2eab78ee906596a153a0231675adeb900217d84870d03f04f91693ea434b5d,MBPP+,Mbpp/264,Ab1,H2,H2,modified_but_still_failed,bc07368fbef239b79975af2dd93bd5e731e9c1e87992d31b65b069786bc3de47,ec49e16ea72a7f3072d769304c50d11f91823c39c38fb9b081e0d602a9931040,fail,fail,False,fail,fail,False,dog_age
development_candidate_not_frozen,qwen3.5:4b,ad500f780bed25cf9153bfb7dc6da17cac2c73f308808124ee8ed6b5b6eb489b,MBPP+,Mbpp/235,Ab2g,H2,H2,modified_but_still_failed,9183ea0aed25fdd650f9fc9863d165be435ab79deeb7151acb1c03ab2992b3ba,a804fe7dcbcf1020fcc3e24ecd33f8e645262bc0d997981039713dca67964a3e,fail,fail,False,fail,fail,False,even_bit_set_number
development_candidate_not_frozen,qwen3.5:4b,afcc4e37f8c5a9b9844dc6e8b785c5d29f73bb7d9df0aaaf52d50fa0e5bcabad,MBPP+,Mbpp/145,Ab1,H1,H1,modified_but_still_failed,03f8f0e0d4bd31fda1375f8726ae16cfb244157146ceef598513b62e1a732f80,856a54866b7dd64dc0649790804a426fe576b41ed83a24b8dde24049ff355035,fail,fail,False,fail,fail,False,max_Abs_Diff
development_candidate_not_frozen,qwen3.5:4b,b1b63c274385e8fec40a5f79144d0b44ac615dedd08e59e537299b437ae46529,MBPP+,Mbpp/741,Ab2g,H2,H2,modified_but_still_failed,29ea397fd0f16affd4bdacb7601308cdd859463bef34d70a562bfb94471b227f,9a6abc44319cedc6780642abb27847de5a3c4b2cfb385b06deb475b4a2143c2b,pass,fail,False,pass,fail,False,all_Characters_Same
development_candidate_not_frozen,qwen3.5:4b,b337739c45b9fff1d1e2ef6f26504b2a586ba076ecfd697aeb0ee67718da066e,MBPP+,Mbpp/129,Ab1,H2|H4,H2+H4,modified_but_still_failed,8da4316256bad2b4edabd249084e0a43fc89bf721a94387a85f5e83ed75ab64d,9eb774f0452b2f4811225154f042eaae072ac68a3b28ee7379008d398b3bf2ca,pass,fail,False,pass,fail,False,magic_square_test
development_candidate_not_frozen,qwen3.5:4b,b7a3a239d88253fc358f8f8d5c2458c7694ef0dd13df7f8fa90ad7c44043b8f7,MBPP+,Mbpp/310,Ab2g,H2,H2,modified_but_still_failed,b1eb2f06e0c316436f327a9f6bfb56f53e6f19395601c1939193f2f16d91caf6,38a13e543c4c6e69bf5f6b7424ae28f7ad27a09d114fd26d2d074633c81730f1,fail,fail,False,fail,fail,False,string_to_tuple
development_candidate_not_frozen,qwen3.5:4b,b7d7ca6e90c0ffb6010f83335cc06880dec3b78ec44e5e8b23e48f4e29998c78,MBPP+,Mbpp/752,Ab2g,H2,H2,modified_but_still_failed,5cde8de10cc631c9d300e1a17a55b09eef5863f324c7386222b39490b263eb32,5134ecd43021ecf24bb696b73bd81ad447966405b4f6c94a6a778174ffb2405d,fail,fail,False,fail,fail,False,jacobsthal_num
development_candidate_not_frozen,qwen3.5:4b,ba0724a9cda79ded66dce2759658931d74d33ef982b11654b0be8f94cb1792b2,MBPP+,Mbpp/90,Ab1,H1,H1,modified_but_still_failed,daf25637f61aa19f89874e6cfc2d74a1dc42f69aec5133e6e911c5555d814022,d99d1ba4df4bd8b74a3cbe518b0616b03cd9d80287ebd7f0b16dd9e5379e82ea,fail,fail,False,fail,fail,False,len_log
development_candidate_not_frozen,qwen3.5:4b,bddf9e38c7c7755d459ec6dd1100bef13b41b7422934d0e0b90aa1d5f39f92f1,MBPP+,Mbpp/93,Ab1,H2,H2,modified_but_still_failed,34812caecc1614659cae9ea987ad8a85fdaea649971440d670011fbdd708b31c,7788b89d6655c1b0944c225ef682f7f47ec1cfe44369b2048f2b843daff28d9d,pass,fail,False,pass,fail,False,power
development_candidate_not_frozen,qwen3.5:4b,c8085f63174884a1413031c2ed095ed582fd3b79dc2bbee54a0255b46f4e85e0,MBPP+,Mbpp/102,Ab1,H2,H2,modified_but_still_failed,f9bd8c3930cd920813f5eaf187d1bb1212b8dabe735308511255adebf47ad519,8df5711a916f73ac996f30d64d8541bfa251cffc9644b719833a440ebf8dfb68,pass,fail,False,pass,fail,False,snake_to_camel
development_candidate_not_frozen,qwen3.5:4b,c8a2dc636491ee3ff6fbf08931dfc0d4e791e038a598976be4ce13fbdaabe7c5,MBPP+,Mbpp/724,Ab1,H2|H4,H2+H4,modified_but_still_failed,5a87cbe9fc240580f5626e04811bde08f2122c74ecc3112d836d09f14746b9fe,25ef75c784334fbfe41c77d0150170075124c76bfed08ae4626a8f9363048fa4,pass,fail,False,pass,fail,False,power_base_sum
development_candidate_not_frozen,qwen3.5:4b,caa59b203bf8adf74f89b00575302a86866cb3d994c74a6d694020be3652ae1a,MBPP+,Mbpp/429,Ab2g,H1,H1,modified_but_still_failed,757bfe95766c16909ac4dc9989be5081a47079b72116ba3b86d3fdb92ea181cc,fdbeff63ee454756d0a4d3c0cdb52cd1f6ce3f0bd6517abcb61390edb7bc8add,fail,fail,False,fail,fail,False,and_tuples
development_candidate_not_frozen,qwen3.5:4b,d0dc4066dcca47104abb73596e1e560bb6a4dc38b4c7f03dd8a97bf6d8350c5c,MBPP+,Mbpp/576,Ab2g,H2,H2,modified_but_still_failed,eb1b7b6e42b21d8074b2379fd6b507e5a6796f5f2debde090edc601f1b498362,fcbaab24bca9181cbd8a9ba15b157c7724b123d4b7461edc35f735b26ac347fc,fail,fail,False,fail,fail,False,is_Sub_Array
development_candidate_not_frozen,qwen3.5:4b,d1c2e590bb019c40dcbf084c28a34c2832fa788110340b70a2ff298a75d72829,MBPP+,Mbpp/94,Ab1,H1,H1,blocker_removed_but_incorrect,dd94112f48c179ac96ae381f9fbc8593f4b9a4f99d8c834fe7de67b18bae6558,0ccb27f0cf8282bee8af7dd53d9cd43157c1d877acaa9f01176477603b794bee,fail,fail,False,pass,fail,False,index_minimum
development_candidate_not_frozen,qwen3.5:4b,d39e5913d1ebd7eb71f2497c36f1a514b7a1e88ef5ce7bee65287a238bbd21d3,MBPP+,Mbpp/267,Ab1,H2,H2,modified_but_still_failed,a1263edbc5714abb44685ee81d2cfac74f188d233e8f9140e7ada35817a5e59c,2a2d715177abf635fa821c2a1b00ec8a99304f074235aa813d1456b36884139a,pass,fail,False,pass,fail,False,square_Sum
development_candidate_not_frozen,qwen3.5:4b,d43270b91bd877e64a7c31256254c13ea9eca2978a7695174b3325cc14827140,MBPP+,Mbpp/244,Ab1,H1,H1,blocker_removed_but_incorrect,9543878f47ed6ea2dd9e37b97386ad9aa72e0840fa58049a567abdd7bee46a9a,3207dcfcd6fc1f6214e6b085ec6add94181283f7f99d5f3bba08e7b0bddcd1e1,fail,fail,False,pass,fail,False,next_Perfect_Square
development_candidate_not_frozen,qwen3.5:4b,d4aab2c9843658199098df8489fa924601400b8c963542fb8053825a5d0e2e69,MBPP+,Mbpp/239,Ab1,H2,H2,modified_but_still_failed,02a048287b061eb896ec482a79aa8286790434ca6bfc66aa49d5d3f081c2b706,99810dedbc582905b1e2cc75f2af7735e15e64f3f845373837068f28144ff334,fail,fail,False,fail,fail,False,get_total_number_of_sequences
development_candidate_not_frozen,qwen3.5:4b,e0b8f91ce4abdd1c007df8e8b4ed9f94aa31852a0497ed150d7c20256c515bac,MBPP+,Mbpp/99,Ab1,H2|H4,H2+H4,modified_but_still_failed,9d3afbdffd456dd5364746d60223de748b02e322153cc048754466f95654c3c9,99624754a7c7c74b7446c7e5313f62f21f841cabeab59fd89bd84ec150bd976d,pass,fail,False,pass,fail,False,decimal_to_binary
development_candidate_not_frozen,qwen3.5:4b,e9ebcb86361b374c466be2c83a8d50565c4b645d492718ea8648530d91870762,MBPP+,Mbpp/749,Ab1,H2,H2,modified_but_still_failed,c86f4d0b9dfade48c754aca48f04c3901548c0b8e60173fe1f9e18dcf995fb04,1d1dc2c324dedc6541365ea21866e0a9d3e9ff431c5fb508262832ce6ef4431b,fail,fail,False,fail,fail,False,sort_numeric_strings
development_candidate_not_frozen,qwen3.5:4b,eec489abe95a78d320fafdf82de770998158f2d0a2f017578a1a2382106152bd,MBPP+,Mbpp/301,Ab2g,H2,H2,modified_but_still_failed,55e494a7a01d198fd75cf528467b6a36c87aab87b5f500f2a207ae5aa327c2b9,0168d8a29c05b00cef12898128286907740f14b3520bb71df5cf2b77b5d3d1a8,fail,fail,False,fail,fail,False,dict_depth
development_candidate_not_frozen,qwen3.5:4b,efd482d2f6c82187b55b21ed0998cd7c1c9fa372c677ea6fe99c72b4ec312230,MBPP+,Mbpp/126,Ab2g,H1,H1,modified_but_still_failed,b1b89b22db91427b1e683fc8945adfc4801b8e7b87933bf8073f8c074e8dad11,3d7c3a2d455c48966f19b2fc8ea4cf6b02734b08673808b13f5611788a2b829e,fail,fail,False,fail,fail,False,sum
development_candidate_not_frozen,qwen3.5:4b,f0851613618db12200870f0ba42ebbf4205b1e613e1444db901c1312ff5c34fe,MBPP+,Mbpp/781,Ab2g,H2,H2,modified_but_still_failed,aee19de6cca658e8a592a0ba68dc2111714aec8bce29e9087cf940c73be1dea4,a1a3c363a35d1b2aadc7096705d2e38fbfbd8ccc07832e85f4c768b3ba3a14f8,fail,fail,False,fail,fail,False,count_divisors
development_candidate_not_frozen,qwen3.5:4b,f35fd11c9a01117da5a889efedc1a00691bc95314589ac632d833bacb7bd91a0,MBPP+,Mbpp/294,Ab1,H2|H4,H2+H4,modified_but_still_failed,32ebc9b107928af5181b02bdbd3fdc98e86819a383281dba232c29515fa71a90,1550dca8b57efa0566ec024430e24650f8cdc1a3fd88c28a8ecb8fd303f49f9d,pass,fail,False,pass,fail,False,max_val
development_candidate_not_frozen,qwen3.5:4b,f50ed37c188079ff82fdd1281a5f56973cfd21c0ea1718ba026af004b25187b0,MBPP+,Mbpp/579,Ab1,H2|H4,H2+H4,modified_but_still_failed,d18183902b1fd4d7d140b30b5d667715a5405cf88ab86569d9cde7a57cc73198,f4bd0a5509b815ab2766f83fe0b0dc3354cd0532b6ebb575a22dd2e2492809ee,pass,fail,False,pass,fail,False,find_dissimilar
development_candidate_not_frozen,qwen3.5:4b,f57bbba819f4dc1154c567cc61be039bffac49c4a9e4c38f7586912fea936136,MBPP+,Mbpp/790,Ab1,H2|H4,H2+H4,modified_but_still_failed,701d4df8b8bd91efafe153bfd71bf57fd3941422fa289f53454488218a1bb674,21a30a5bcdc5457e1a2d5f725a86de2acf03e87317324227e3c2a538b6c66ce4,pass,fail,False,pass,fail,False,even_position
development_candidate_not_frozen,qwen3.5:4b,f7229b688aeb8105acb5f1095361e3c22e3a2e400acaca6b43483009b56244f5,MBPP+,Mbpp/773,Ab1,H1,H1,modified_but_still_failed,6a5784ead58017c961186a165776e5784ce96a7c970e136e4e79e677cc6a4967,c381ee31e82112858e2d1f0ea41a70ab67105993c67461858c605e4c069a41c0,fail,fail,False,fail,fail,False,occurance_substring
development_candidate_not_frozen,qwen3.5:4b,ff220bc3376524ced8e81ddc1d3796c39236230bdc5bb000d000a3ae0abc3dbc,MBPP+,Mbpp/259,Ab1,H2|H4,H2+H4,modified_but_still_failed,47e97620eb5bf4dac9ea935cd03655fb98b8894eed614edefd005617539876a8,58a66686ebcba77dec2cdf7b347b41f9ec1d485337adbbb5a780ec285e422447,fail,fail,False,fail,fail,False,maximize_elements
development_candidate_not_frozen,qwen3.5:9b,0176179d3dc7a99c3c35f2c35e18d8eec41587ba10125e1bc12e8f2469442969,MBPP+,Mbpp/244,Ab1,H1,H1,blocker_removed_but_incorrect,5b5a3937cf1f151163998982840fdda422e73312972a7f6b4a90824e05ee5824,c784acf246484c3989bf7b2699396711ae12ea3ba064c4275383264e29bed759,fail,fail,False,pass,fail,False,next_Perfect_Square
development_candidate_not_frozen,qwen3.5:9b,017e1fad044d8d6224f8f13c9834191dfec39ef529d9253b0a078b6d41afe169,MBPP+,Mbpp/126,Ab2g,H1,H1,modified_but_still_failed,d1b802f495a5fbde3ca4a5e070e2760510de7f70cef119fc6a80923089b39a1d,515711c217f7f94d278839371fc62c1e9579d246fe852da3d6d49c0693538bf4,fail,fail,False,fail,fail,False,sum
development_candidate_not_frozen,qwen3.5:9b,02dddbfe78329bc585aadcff6b9dd6d24727cd3abaa1ef779787b46a40493f32,MBPP+,Mbpp/787,Ab2g,H2,H2,modified_but_still_failed,c1bf48f1525904c097e2742882be35de103a745993312317555aaf8873179aae,354b647454a2d08d64f33a5b168ddb2dc5bbc445326b28a90240322fa3085f0e,fail,fail,False,fail,fail,False,text_match_three
development_candidate_not_frozen,qwen3.5:9b,0ff06ac3f84e42e485c24386d09430e3c8a10b745f5fc157ad5e3811218eef51,MBPP+,Mbpp/735,Ab2g,H2,H2,modified_but_still_failed,44e02fe626dcfe9b4e731b1d75377bb3ef5df3750aaec4815b03c9f309d6de4e,dd4a2e43cdd4b0aac821fda52deda51aaca3583a10dd899271c80f19ea6bd2e0,pass,fail,False,pass,fail,False,toggle_middle_bits
development_candidate_not_frozen,qwen3.5:9b,123ed6f2e3ed8f2f9d9a57115f002bbd8aece3ecdacd24590236dd96eafb231e,MBPP+,Mbpp/453,Ab1,H1,H1,modified_but_still_failed,018eab894b909b896e4c353113fadab02fb1d0036f9d2980abea9b03aec5c1ef,0ad498ff4c5104bb430a7ae91ab8cf69bec5535395effa6585a2eb1737580d75,fail,fail,False,fail,fail,False,sumofFactors
development_candidate_not_frozen,qwen3.5:9b,12c20c397eb19127892b6d5494292e33220d5c64130cc3705458461a982ef840,MBPP+,Mbpp/11,Ab2g,H2,H2,modified_but_still_failed,42b9208ad52aaa5fdfbad0023ed737310273167c0d9c1022208b11d914aa8e6e,08223f2e3fc442467f058b104c9214aac2ed5b160f962fd1f5ac2176a1169f16,fail,fail,False,fail,fail,False,remove_Occ
development_candidate_not_frozen,qwen3.5:9b,1e17adc933800d58553321678bc43ae569d65f3430a0c4d54456f315d08005a3,MBPP+,Mbpp/235,Ab2g,H2,H2,modified_but_still_failed,7f2fb2eb8d406451b20c72e8f4b4f778fb3a0be92b5340405bd4242a68d4bd7f,30ff3416fd52c19532bd4830d285fe80a399e78277446421456d596ab386578d,fail,fail,False,fail,fail,False,even_bit_set_number
development_candidate_not_frozen,qwen3.5:9b,20e59bfa7bd4f62093ea72d52eef9968d94d806f7057475dabe33c30175c813f,MBPP+,Mbpp/145,Ab1,H1,H1,blocker_removed_but_incorrect,9efea8d6821e5d30b943d6ad07e90e2bafb3804faa18c4b0a35129a8051fcbbf,eb9a7fb057ff1b5bf49a342230db9ba0a407b0f9a6d91ea390be64d45f4ba59c,fail,fail,False,pass,fail,False,max_Abs_Diff
development_candidate_not_frozen,qwen3.5:9b,2e1e16b1b2bacd78ec12c909af620a74f0da10c1b4a44fe863a3ef86ad92f04a,MBPP+,Mbpp/441,Ab1,H1,H1,blocker_removed_but_incorrect,11b098b6ed463a8dd6ec2cf249458a19fc03c4f8460b2caa4b3ece825eb2bcc1,4df317f9d7d4b2812d1ee7ea1bd7e695bdab23ed1c28ab3f096500ed6c49dea6,fail,fail,False,pass,fail,False,surfacearea_cube
development_candidate_not_frozen,qwen3.5:9b,301ae6ab1b3365052edb8f84a97db8f5f656552fa862580a14d3d6c22486bf74,MBPP+,Mbpp/102,Ab1,H2|H4,H2+H4,modified_but_still_failed,c70e89d9abcf0c950614ff2fb2c97462d478de0370ca24dda74ace12e03b988f,2ce4f698d3ceab19eca7b0947defb9194e95369df2037e65e4975bc1aa0d5976,pass,fail,False,pass,fail,False,snake_to_camel
development_candidate_not_frozen,qwen3.5:9b,3a13739293ae67c142b90e6d5ca61171f8cd310a085f24756563f69e1bfc9da8,MBPP+,Mbpp/84,Ab1,H2,H2,modified_but_still_failed,103e51f069b73d3b813d06e810661bd285378647f3b85293468a5b156fce8f06,ca389d054cfb794f2ed55ae65e42cf9f50fe566b99be2106211cd68df74ddbcb,fail,fail,False,fail,fail,False,sequence
development_candidate_not_frozen,qwen3.5:9b,525dc27ae4ef62b99d4fc6f5bbbca89fb64a12310a0bbfc639402d7f57bb6418,MBPP+,Mbpp/558,Ab1,H2,H2,modified_but_still_failed,eac76c4cdd6ed3765779701c36875917766f849ffc7286022fce58764459a25a,59cd36c9e17e2092cb043fb369f5c2f5e07cec61247b74ec4ce3d0e1463e5ad9,pass,fail,False,pass,fail,False,digit_distance_nums
development_candidate_not_frozen,qwen3.5:9b,54a32f03e8e41bf2591e30ab3937651207a0f57429d54af6d2b8082c610a74b5,MBPP+,Mbpp/433,Ab1,H2,H2,modified_but_still_failed,857dcf87b4ef432fb6805e55ef0a2657659ffd9afa16e1644f50e4b9176b42e9,06233a2b8d7e09de2078792e4729ef82315f2f9b737b721256516cbd523dc869,pass,fail,False,pass,fail,False,check_greater
development_candidate_not_frozen,qwen3.5:9b,56aefc0a11de0349a87c86e0e6a54483503af70b7479ee0f7706a54287d2b573,MBPP+,Mbpp/310,Ab1,H2,H2,modified_but_still_failed,aefbcd779ad61c3b80fefa6a3a7e7b19700ca50b2178b7374de33e19ca4972e3,950d482d669eeaa6e9e62b97898b30406f055608da61ce5d60f6048e667a4843,fail,fail,False,fail,fail,False,string_to_tuple
development_candidate_not_frozen,qwen3.5:9b,5cc4e95352c7014fbe72562baa789b79d158e79d8efe023f037d580a4909e957,MBPP+,Mbpp/735,Ab1,H2,H2,modified_but_still_failed,8a8e2b5ee9c757e3d121998235dcecdc682fc2a0b311866652bf18c8e30c6993,51248b0c2ece0475b2046d89909a3e4eb0c715db00bfb171701721e19c05dd1e,pass,fail,False,pass,fail,False,toggle_middle_bits
development_candidate_not_frozen,qwen3.5:9b,5daf5492b9436d14e24793c0e4c2408c26bf9c69983a48d072dc44078039d8eb,MBPP+,Mbpp/641,Ab1,H2,H2,modified_but_still_failed,bc96329073e874f2575409c5d8028c6b8b6f6a923a1bce39fea994b3e87be66c,e7a26b16594b922add0cd264956710ad64c065c0ecaf2d8b5697b25cc6a0b633,pass,fail,False,pass,fail,False,is_nonagonal
development_candidate_not_frozen,qwen3.5:9b,5e6253c28a5ba0b93214d4c3c400b2e88078f7e26a13dbb85db298ea56162919,MBPP+,Mbpp/639,Ab1,H1,H1,blocker_removed_but_incorrect,6d73f583f10fd60564b6294f40d97200b53d74e9ece4102dd4a6cf30ce6aa654,4a7bfc13d0b1d8ccd3832f9dda5483a030aec6adbe333cc4ab8ab22ed930634c,fail,fail,False,pass,fail,False,sample_nam
development_candidate_not_frozen,qwen3.5:9b,61dc56d8b14bca4e6a654afed31a5e239c64c1a32e8b6c90b3038489b6ab7767,MBPP+,Mbpp/161,Ab1,H2,H2,modified_but_still_failed,bece5cc9fa02432e305a0d00d320e4ec6627f37dc247070747f881e6ec6a194b,a4254887a44153676eba88b278da87ec0b8ad9e75a92c627e8bd73ed94d2419e,pass,fail,False,pass,fail,False,remove_elements
development_candidate_not_frozen,qwen3.5:9b,69052cf2148bbcf226314822f1f79e253d85b884f0a2ca589935186db95bb754,MBPP+,Mbpp/626,Ab1,H1,H1,modified_but_still_failed,3aaa9181361d99fa259d796ca4c754b16054bdf4f7bf608c649be0cd7c2c1c35,a5e571cfb5332971e7055393558a85c7f4cafa34b0e917908c6db4606d779a88,fail,fail,False,fail,fail,False,triangle_area
development_candidate_not_frozen,qwen3.5:9b,698863d2febfba586c3e3fdf06a2e97936f074f7d35b151beff5961d64daab43,MBPP+,Mbpp/451,Ab1,H2|H4,H2+H4,modified_but_still_failed,13d79c04f1bb1c345495d42ace4d2d83b6b7f39b03a36758fc63255d39565d95,e5ae6ea2ca196e22c1932958cdbb9635795cedf48a010207182e358005e4b05d,pass,fail,False,pass,fail,False,remove_whitespaces
development_candidate_not_frozen,qwen3.5:9b,7b8604300205112e60affe9ac873de23611fd2513e8e91ff4f55e3f9768c6cbf,MBPP+,Mbpp/7,Ab1,H1,H1,blocker_removed_but_incorrect,cfe0850fd9e940d2f159df649a89468fa274284172a24d1b8ae2e19a5e5f9d75,b6d6e803ac0df23cec141b823f38f3fc693492ecf2e3f1f2dc02479ebc66db54,fail,fail,False,pass,fail,False,find_char_long
development_candidate_not_frozen,qwen3.5:9b,7e088dd1b51c15e97697727fc8d36f1245309ff03ccf889f41c1473cc9274018,MBPP+,Mbpp/630,Ab1,H2|H4,H2+H4,modified_but_still_failed,e3d35761972cdb5abf8a8579ba0fe8862d88bf484d3b6beebd4f83cde17a4b96,fb8a22c48582e175da15719ce4f14c23a1552eaa5cc9bdccb19672d5187944b3,pass,fail,False,pass,fail,False,get_coordinates
development_candidate_not_frozen,qwen3.5:9b,7fc67afb8038326d0c2f9881d8399782413fc4ed46331e1fa5891029f7506662,MBPP+,Mbpp/116,Ab1,H2|H4,H2+H4,modified_but_still_failed,213defaece525a03d084888c0e1914e30f3f3b34fe56433c7c7d57422969bdcc,971c9b4df62c6a009b98af660fd802f3f8c38fe45c76e10830706ed900f922ee,pass,fail,False,pass,fail,False,tuple_to_int
development_candidate_not_frozen,qwen3.5:9b,80c65616b2e3b080b94b630a851d9886a7b48aecdd8b20a0ca34b41b8fe78b47,MBPP+,Mbpp/771,Ab1,H2|H4,H2+H4,modified_but_still_failed,3eddee401ac6a67a130742a8448131b7d58cb3abd03bb5c5946ae9d17b886541,60bb971bd578e62c42c250cfebc91a60e8f23dec8048b27a5045b4e5cc74cf2f,pass,fail,False,pass,fail,False,check_expression
development_candidate_not_frozen,qwen3.5:9b,8219cc30a985041e630d53d91c0d26a58ec173dec3ae761dc604036c3db99e26,MBPP+,Mbpp/777,Ab1,H2,H2,modified_but_still_failed,9107d1a8d6b41ac891240c652298cd37eab0b3bb98903300497d9d1a9600c526,42f36441bdb9e03c4b652caf542871516a1e325efa38724751cb775f078c815a,fail,fail,False,fail,fail,False,find_sum
development_candidate_not_frozen,qwen3.5:9b,8416e8a39473b651fc17388697ddc65b1037c9138bca3f8a25ec010264716d0f,MBPP+,Mbpp/305,Ab1,H1,H1,blocker_removed_but_incorrect,498ce250aaf57a31b017718f77f3b4a1e51ce4f6e436c8558dda5958cd020aee,954050ad33b0e46f6e26dadbd54b83b9600016e1104e97bf864400ab8918f532,fail,fail,False,pass,fail,False,start_withp
development_candidate_not_frozen,qwen3.5:9b,8c39f158f475a79ea47309ea438e3f6ceb973258b75a89d027f56e0af9241ab2,MBPP+,Mbpp/413,Ab2g,H2,H2,modified_but_still_failed,16910bf7b192a5dc1f5ccdc20ae2bc7c0199bcf329e82592065b81b62920b1d6,9cc3df1248898ba6a9e50c428432184befa25c02576ae5e85220c8088af7c39c,fail,fail,False,fail,fail,False,extract_nth_element
development_candidate_not_frozen,qwen3.5:9b,904a9eef4242d3bd27ab0ef2405d0f240ffb12138392725988298e06108d971b,MBPP+,Mbpp/597,Ab1,H2|H4,H2+H4,modified_but_still_failed,2f33cb4ea4dc1be23ee70c3d4c7cf566333f760900d144c33019f0598fece6c9,c05132288e060598ebe1889fd5c52eee2e0a14b471604b2bf7588ae02b2a2a15,fail,fail,False,fail,fail,False,find_kth
development_candidate_not_frozen,qwen3.5:9b,916d0d2a37a3828821287323a0848e58a9a246eaaf306d8b0c2813c5d98ed5ff,MBPP+,Mbpp/68,Ab1,H1,H1,modified_but_still_failed,fff5fc2c63fab7e42dc98996a5a3ea88abffd7ae9db3971a57f546d894b09f61,5145a707f13485c3a12bce3cdf731bf7454c2507f6e7d14229744e6a72c0c27f,fail,fail,False,fail,fail,False,is_Monotonic
development_candidate_not_frozen,qwen3.5:9b,9cc4c87a9b7cb5c2459bc1bacd61f44d6ff24cef2f1d4c38e1ceb476647038fc,MBPP+,Mbpp/287,Ab1,H2,H2,modified_but_still_failed,12b5e335aba9d34e5a0d34f036ec39451eaaee1a160917e08becec46b7c170fa,f2777abb2c035c71c700d2ca9f36e7014a62c81da58990061a72f3e2b943ba5f,pass,fail,False,pass,fail,False,square_Sum
development_candidate_not_frozen,qwen3.5:9b,9e36051dc97cd330f8936638a347e9206a362d0f45d93a947c6bce121dc01be9,MBPP+,Mbpp/806,Ab1,H2,H2,modified_but_still_failed,7be342bdd3ed8338c18bfdafc123bc5047b697388d7a1f424a7971409e29c2c8,8dc0afac516d6c6ae598d383fe56688c359cb7547db69542c9b5ad0d3b721681,pass,fail,False,pass,fail,False,max_run_uppercase
development_candidate_not_frozen,qwen3.5:9b,a02e8fafd11fd06e0458d1e111c86e10b6430648f656136637bcbad60feaa982,MBPP+,Mbpp/129,Ab1,H2,H2,modified_but_still_failed,2d21cbdbfb98f065b1a866bf3674088716e9acb5f30c2bdcaa9e06e90c26b8f8,4ab78b30d4e90e75354d18e49210f1f31d29ac3d1dea70a65f23615e980724d2,pass,fail,False,pass,fail,False,magic_square_test
development_candidate_not_frozen,qwen3.5:9b,a3b757a6089e62fd46067dfaed1192f1e5c1c19f692a57fc7b36aa9316711640,MBPP+,Mbpp/556,Ab1,H2,H2,modified_but_still_failed,4f5deb47cd1b6fb7684c8a0c74f431f9ed3d86766f044584a2ad8bb02efc7ce6,c46d14fe8239d71ff1a36fbfa7215887b3b3f9a93dc20c94ed9226a673e68be2,pass,fail,False,pass,fail,False,find_Odd_Pair
development_candidate_not_frozen,qwen3.5:9b,abaacfd73db83baef8e9d686890936fbba0cb372f97ca9503c6f9b9d3c7f3518,MBPP+,Mbpp/446,Ab1,H1,H1,modified_but_still_failed,6a26f76d4ce045266c9307fd605473a3a81a646b1d0076318ecd381507963dac,f671ca6a5804518902e93e3d6e2abd026bc96aba7b08cfaa0e2219e9e58df340,fail,fail,False,fail,fail,False,count_Occurrence
development_candidate_not_frozen,qwen3.5:9b,ad1b2d97b043fdb875963cc1d030b63e0c423abedd9334ee39efa5921b1f6196,MBPP+,Mbpp/639,Ab2g,H1,H1,blocker_removed_but_incorrect,020a079e0327314f9545da929b2cdfec936d8c901618f3a4718f91b72bab6821,d84acf6f3dc75e992e0a538bc2878a52d8859c1487df888cb9565075ac415f0a,fail,fail,False,pass,fail,False,sample_nam
development_candidate_not_frozen,qwen3.5:9b,b7c1352f0d90b440066c6c8bf391e4916ed8fc59e5b6b9fb189c1ab015410a9d,MBPP+,Mbpp/71,Ab1,H2|H4,H2+H4,modified_but_still_failed,813f40278da8f53467fa2043af44db0a715f97c21805a61969b2e224d8e4537a,f6ec484ec1dac96694f1f9e0cdd6989014de92e93edabaf9a65fa9baa1060ba2,fail,fail,False,fail,pass,False,comb_sort
development_candidate_not_frozen,qwen3.5:9b,b97f03dfae3379cbbb79e0d28150b311a7d88864a2105ea8a7f270efe46b7fe1,MBPP+,Mbpp/780,Ab2g,H2,H2,modified_but_still_failed,30f0c02f2d7d8af0f0b1444481d7d7ac23c90c25c5d912efd419129bb7b267b2,9d034dbc7109eb7021a9a0283d872eeb5fbecdbce9be151cc109e219e8675952,fail,fail,False,fail,fail,False,find_combinations
development_candidate_not_frozen,qwen3.5:9b,c5d7479b0d4b26f26bd456631f1580a4e3b20a674813a2db31f9dbd04d8c1de0,MBPP+,Mbpp/556,Ab2g,H2,H2,modified_but_still_failed,8b67042003a4ffba6931a2ac6d76af231fb935014f2c8b4acd9a01581dc8c210,dbf43a7b9ef6be47bbbe39f3b3da200211e2859983b568537cb8d134bf925932,pass,fail,False,pass,fail,False,find_Odd_Pair
development_candidate_not_frozen,qwen3.5:9b,c97d3d0f292f3ffb7c25e815817fe201a15620f7aef7f7e9955d4ac7f90fe46e,MBPP+,Mbpp/80,Ab1,H2,H2,modified_but_still_failed,326621bf2d602f25abadec403a9e4ecc1eb721cdbc8bf9c78728356609199852,b24c4c25ccb06ee0659c33cb5c08ee295a36f96dc35c031b01272efa5c2e441b,pass,fail,False,pass,fail,False,tetrahedral_number
development_candidate_not_frozen,qwen3.5:9b,cb05f5588239fa81abc86d3e527560579cbc340388821c96fc4d6a01733c73c7,MBPP+,Mbpp/20,Ab1,H2,H2,modified_but_still_failed,e246bc0e3b08f05dc1736143ba51a6704a6019bf80a1f09de2410d2e636a8eff,9a9e40679cbb566aaf357960754aecfae2c9f350c58fffb46528824ef6d8985d,fail,fail,False,fail,fail,False,is_woodall
development_candidate_not_frozen,qwen3.5:9b,d56efbbfe51d9c7ccb9968255c2a1b1b56dd9fff9841ce51117fd7600c85ee21,MBPP+,Mbpp/267,Ab1,H1,H1,blocker_removed_but_incorrect,da7e67b1b49fd9859b2fbf08959d5bd0190fdd3e111dab74dd9f5ed43495d2e2,a6f494a79d2291b62bac70237d7a140540b4e4c1bcc3f8c443b703126b5b6ae2,fail,fail,False,pass,fail,False,square_Sum
development_candidate_not_frozen,qwen3.5:9b,d765a6f321ba021cca8be0139a8ebdd10b4b2977ea913b77ccf98f0736e6d9a3,MBPP+,Mbpp/594,Ab1,H2|H4,H2+H4,modified_but_still_failed,fd5c86c4f0c56ff1fd406ed9744ddd8c5eabe5cceda610d67039eed19ec73eff,70d9aa47e938209c0ce00b63a680315ed17e4e81798f1074f96822ccebaaae98,fail,fail,False,fail,fail,False,diff_even_odd
development_candidate_not_frozen,qwen3.5:9b,d95b2b435e9ffa9f2ae8fabae5c912cbe3a847be0634b462911a04dba4b681d3,MBPP+,Mbpp/620,Ab2g,H2,H2,modified_but_still_failed,a22c5d1e77c8d6b66eac0dec734df6a3663eec9f7681f32698f20458769406bf,1cd0ad04e5cd4b13874139353740994a915220492d4f2019a6b9812ee2c1b64f,pass,fail,False,pass,fail,False,largest_subset
development_candidate_not_frozen,qwen3.5:9b,dcfe58b4ca78fe3a3fb5f40ef6d08e8c035c9d304a6a2e1229b1b4900b032bab,MBPP+,Mbpp/786,Ab2g,H2,H2,modified_but_still_failed,80ccd3c32ee6742927f331debf8be29a8b5183d8263324cfed42ad6380da1320,e4cb81705a262b90dee422439cba3e558311a7dbbd34f9cdc61d94b9795185e8,pass,fail,False,pass,fail,False,right_insertion
development_candidate_not_frozen,qwen3.5:9b,decf448cc94d44887254aec489845e2650d3510e930f2a6579d7b1f80a67a611,MBPP+,Mbpp/406,Ab1,H1,H1,modified_but_still_failed,846674dd8bd4fb73027bab29f456e06e203fcc2ec5aa7c8664cde901be21e193,e6cb37b594890fe51a9c7c89eae82aed6c683fc39c858b978793ac5e0a35ba75,fail,fail,False,fail,fail,False,find_Parity
development_candidate_not_frozen,qwen3.5:9b,e561f117aa8283cab6d064d71556462713d309f5d6426f04afa45f5746065777,MBPP+,Mbpp/755,Ab1,H2,H2,modified_but_still_failed,dd1c8664a90af0f9620d0a1509d85b7b7b1b5f75eb893a59f574204b430da7e5,9f105dd6e2aab82f3a1c57d07c0ad05bcc6c46b2db559315d91bfd75a22e9e3a,fail,fail,False,fail,fail,False,second_smallest
development_candidate_not_frozen,qwen3.5:9b,ea5f5b605ab153af689fa672d267827978186622d6ac54578fea9ef71c9e5a02,MBPP+,Mbpp/721,Ab1,H1,H1,modified_but_still_failed,e6d6257feb2927689ad0bc290a7e17e327a95c4135d969b7036fbe0a0cc60223,e55ce3e6c1f5037c0c4a3301620d7156fb9917f33f53d2719a58a0a971618ed2,fail,fail,False,fail,fail,False,maxAverageOfPath
development_candidate_not_frozen,qwen3.5:9b,eb5fd2adcec37075af0b41f9c41f1288c633dbc118e66c25ef01b6935ae563f2,MBPP+,Mbpp/74,Ab1,H1,H1,blocker_removed_but_incorrect,e091d5ad18da74efc844bd92b2fd2ab6e6254b3e2dafe48eda7b28afb185aab3,66c9e817877d07d72511c710c74409dad00d34fb965c31875dfdb843b1fc169b,fail,fail,False,pass,fail,False,is_samepatterns
development_candidate_not_frozen,qwen3.5:9b,ed2b93d14451c2d2e941fc1bd932375fc5afb25cee147a360ae083ef39a2ba48,MBPP+,Mbpp/468,Ab2g,H2,H2,modified_but_still_failed,50ff307c117abba4d97be23990de150361e98c4f3a792f795b11bd5ad5336a88,7d36310863d4e6160ed8b3d7dc1a001809e449f1584cae80d8b4df310922e642,fail,fail,False,fail,fail,False,max_product
development_candidate_not_frozen,qwen3.5:9b,ee6dff45efd17053452ade9ec6a8bae1c7fbcdaf7d5555e02a9f7c422f4c05b3,MBPP+,Mbpp/90,Ab1,H1,H1,modified_but_still_failed,8598e930ea699ebd5799a60e3330cd8d057f7ee89cc216a42d90fe642bbb98b6,bb619eec377659f40f8297b0f2c48b439df3eff6051dc119fb40682d81e47a10,fail,fail,False,fail,fail,False,len_log
development_candidate_not_frozen,qwen3.5:9b,f3573931be5414a1b9a16ea972e82ac3ecccbac7fbc56cbfdeef23edac47d8d9,MBPP+,Mbpp/579,Ab1,H2,H2,modified_but_still_failed,9e35b9573a752665e48e4d5165f014789d24f36898e62bc1da9d6857e9c9ceed,8f4f3704f38d97193d72a2f54c144c47806d084b3645f729f6ad4d19276dddbb,pass,fail,False,pass,fail,False,find_dissimilar
development_candidate_not_frozen,qwen3.5:9b,f6a80fc4ed96e928a77c263069c691e61e44cf7841e26a4d37116370e07ab080,MBPP+,Mbpp/410,Ab1,H2|H4,H2+H4,modified_but_still_failed,e5a1012251ac733a24f4b355fc1b1b84aad8f91e71199de7fc580e20461c449a,521038d38a7417235a8ab78371d88e01230107c03a388f94321724876447f8fd,pass,fail,False,pass,fail,False,min_val
