cell_index,cell_identity,model_role,model_tag,model_digest,quantization,task_id,seed,sample_index,condition_id,official_prompt_sha256,complete_prompt_sha256,execution_state
1,e7e9ed00940f3c99260d90758276a3654ee34d80d85177227d8a068e92b1491d,transfer_only,qwen3.5:4b,2a654d98e6fba55d452b7043684e9b57a947e393bbffa62485a7aac05ee4eefd,Q4_K_M,Mbpp/633,11,1,Ab2gA-short-v1-Raw,cb350017a80f155027dc1cbca6c15d8be2438690569db4f44e45bc921b3c56ea,43b48cfffe140cf60a4f2b5a54c515cacd97b33d7737514d40258d0cf61ca8c7,preregistered_not_executed
2,2b11fbf972478adf4b2c2ac0b2509c2f955915eba49b05d26b2debecea05a6e5,transfer_only,qwen3.5:4b,2a654d98e6fba55d452b7043684e9b57a947e393bbffa62485a7aac05ee4eefd,Q4_K_M,Mbpp/633,22,2,Ab2gA-short-v1-Raw,cb350017a80f155027dc1cbca6c15d8be2438690569db4f44e45bc921b3c56ea,43b48cfffe140cf60a4f2b5a54c515cacd97b33d7737514d40258d0cf61ca8c7,preregistered_not_executed
3,5cefba59f2a915e6663e8120bdaec8464c4a0fab1f327f57781d86338243220a,transfer_only,qwen3.5:4b,2a654d98e6fba55d452b7043684e9b57a947e393bbffa62485a7aac05ee4eefd,Q4_K_M,Mbpp/633,33,3,Ab2gA-short-v1-Raw,cb350017a80f155027dc1cbca6c15d8be2438690569db4f44e45bc921b3c56ea,43b48cfffe140cf60a4f2b5a54c515cacd97b33d7737514d40258d0cf61ca8c7,preregistered_not_executed
4,0f1fd0bb5b45bed108ca2bdbb52b81adeaa74b4c1c17538833d55a77f414ae19,transfer_only,qwen3.5:4b,2a654d98e6fba55d452b7043684e9b57a947e393bbffa62485a7aac05ee4eefd,Q4_K_M,Mbpp/633,44,4,Ab2gA-short-v1-Raw,cb350017a80f155027dc1cbca6c15d8be2438690569db4f44e45bc921b3c56ea,43b48cfffe140cf60a4f2b5a54c515cacd97b33d7737514d40258d0cf61ca8c7,preregistered_not_executed
5,a95b71ce9766469ce1aca271c736edccb87cbcaeadc03528e572b5021f11dc4c,transfer_only,qwen3.5:4b,2a654d98e6fba55d452b7043684e9b57a947e393bbffa62485a7aac05ee4eefd,Q4_K_M,Mbpp/633,55,5,Ab2gA-short-v1-Raw,cb350017a80f155027dc1cbca6c15d8be2438690569db4f44e45bc921b3c56ea,43b48cfffe140cf60a4f2b5a54c515cacd97b33d7737514d40258d0cf61ca8c7,preregistered_not_executed
6,bfcf788049d196015dd884a820d6d6fa4f8ccf128a8b2e9ed97955cb241aa724,transfer_only,qwen3.5:4b,2a654d98e6fba55d452b7043684e9b57a947e393bbffa62485a7aac05ee4eefd,Q4_K_M,Mbpp/769,11,1,Ab2gA-short-v1-Raw,a673d75d69182286d078aab6966a6a17502593753fb9228ffdef8130e49fcc5b,ff0fbd6a8f2fb48d8b6d6103f94b5aedc857c424ee1b4320cbdcb29ba8b6d0aa,preregistered_not_executed
7,42528f73bcab7132398d0a47db86acb1c587fe5805173c21c621f4805fd3aed4,transfer_only,qwen3.5:4b,2a654d98e6fba55d452b7043684e9b57a947e393bbffa62485a7aac05ee4eefd,Q4_K_M,Mbpp/769,22,2,Ab2gA-short-v1-Raw,a673d75d69182286d078aab6966a6a17502593753fb9228ffdef8130e49fcc5b,ff0fbd6a8f2fb48d8b6d6103f94b5aedc857c424ee1b4320cbdcb29ba8b6d0aa,preregistered_not_executed
8,824aed71a2d2b8589586d52e2799c77f4946aa8530b81ad8c2d734359b67682c,transfer_only,qwen3.5:4b,2a654d98e6fba55d452b7043684e9b57a947e393bbffa62485a7aac05ee4eefd,Q4_K_M,Mbpp/769,33,3,Ab2gA-short-v1-Raw,a673d75d69182286d078aab6966a6a17502593753fb9228ffdef8130e49fcc5b,ff0fbd6a8f2fb48d8b6d6103f94b5aedc857c424ee1b4320cbdcb29ba8b6d0aa,preregistered_not_executed
9,3ea4738a8ed4d401409e4fafd94c8ec449011a6b141e26083e629da7b0867e8d,transfer_only,qwen3.5:4b,2a654d98e6fba55d452b7043684e9b57a947e393bbffa62485a7aac05ee4eefd,Q4_K_M,Mbpp/769,44,4,Ab2gA-short-v1-Raw,a673d75d69182286d078aab6966a6a17502593753fb9228ffdef8130e49fcc5b,ff0fbd6a8f2fb48d8b6d6103f94b5aedc857c424ee1b4320cbdcb29ba8b6d0aa,preregistered_not_executed
10,fbd8d553e45eb06ec9a4efdfd246df291748e482681daaa30a2a107b0a67ab45,transfer_only,qwen3.5:4b,2a654d98e6fba55d452b7043684e9b57a947e393bbffa62485a7aac05ee4eefd,Q4_K_M,Mbpp/769,55,5,Ab2gA-short-v1-Raw,a673d75d69182286d078aab6966a6a17502593753fb9228ffdef8130e49fcc5b,ff0fbd6a8f2fb48d8b6d6103f94b5aedc857c424ee1b4320cbdcb29ba8b6d0aa,preregistered_not_executed
11,07d0c4d4255039f00e6e4693dc155a1257befed44d3ce87e986cddf51ae4c251,transfer_only,qwen3.5:4b,2a654d98e6fba55d452b7043684e9b57a947e393bbffa62485a7aac05ee4eefd,Q4_K_M,Mbpp/453,11,1,Ab2gA-short-v1-Raw,97bc92ad76e21b2c5d95b3f078e127b81c48c86e1e26e1e1ca13e27993b5e498,df2df39741be011ad87f3700f7cf317dfb55aedb945e273573758454975fb5dd,preregistered_not_executed
12,db57a8050f30d96e6f7b49e9aaefab96fc639954e209150b8acf4081ea67750d,transfer_only,qwen3.5:4b,2a654d98e6fba55d452b7043684e9b57a947e393bbffa62485a7aac05ee4eefd,Q4_K_M,Mbpp/453,22,2,Ab2gA-short-v1-Raw,97bc92ad76e21b2c5d95b3f078e127b81c48c86e1e26e1e1ca13e27993b5e498,df2df39741be011ad87f3700f7cf317dfb55aedb945e273573758454975fb5dd,preregistered_not_executed
13,fcbcceeb38181638def86dc1a2f08bd7d43c0eef10e28a8ea313cac27b77474f,transfer_only,qwen3.5:4b,2a654d98e6fba55d452b7043684e9b57a947e393bbffa62485a7aac05ee4eefd,Q4_K_M,Mbpp/453,33,3,Ab2gA-short-v1-Raw,97bc92ad76e21b2c5d95b3f078e127b81c48c86e1e26e1e1ca13e27993b5e498,df2df39741be011ad87f3700f7cf317dfb55aedb945e273573758454975fb5dd,preregistered_not_executed
14,fc55c2dcfbbf6028b9254961f7cacfd138a648dd3501f4eceaea0cb414777f2f,transfer_only,qwen3.5:4b,2a654d98e6fba55d452b7043684e9b57a947e393bbffa62485a7aac05ee4eefd,Q4_K_M,Mbpp/453,44,4,Ab2gA-short-v1-Raw,97bc92ad76e21b2c5d95b3f078e127b81c48c86e1e26e1e1ca13e27993b5e498,df2df39741be011ad87f3700f7cf317dfb55aedb945e273573758454975fb5dd,preregistered_not_executed
15,50925ed61102f1d86acb02d7036bec8e1da879519608578bfaec27836beedead,transfer_only,qwen3.5:4b,2a654d98e6fba55d452b7043684e9b57a947e393bbffa62485a7aac05ee4eefd,Q4_K_M,Mbpp/453,55,5,Ab2gA-short-v1-Raw,97bc92ad76e21b2c5d95b3f078e127b81c48c86e1e26e1e1ca13e27993b5e498,df2df39741be011ad87f3700f7cf317dfb55aedb945e273573758454975fb5dd,preregistered_not_executed
16,90f2d45924d50c50d298b586254e0e89b5fbbc49e65968f00dda30f1f5bb5f5c,transfer_only,qwen3.5:4b,2a654d98e6fba55d452b7043684e9b57a947e393bbffa62485a7aac05ee4eefd,Q4_K_M,Mbpp/259,11,1,Ab2gA-short-v1-Raw,00605f9eedcd72edbde33f5487fddcd935294688fae8bea23ed86d2a6603f706,1a60e402f2df72eb38e0368e4ee9dcee320b701bd896cf6f723fd268cc561c74,preregistered_not_executed
17,be5bdd44a14fe7a51ae7d6fd954e9f33dca0254cdc49bfa8a0f8c1314ddb5863,transfer_only,qwen3.5:4b,2a654d98e6fba55d452b7043684e9b57a947e393bbffa62485a7aac05ee4eefd,Q4_K_M,Mbpp/259,22,2,Ab2gA-short-v1-Raw,00605f9eedcd72edbde33f5487fddcd935294688fae8bea23ed86d2a6603f706,1a60e402f2df72eb38e0368e4ee9dcee320b701bd896cf6f723fd268cc561c74,preregistered_not_executed
18,d7c8eccf456fc679009c9abf2b3013d15705a2768f744b72d32cf3b7c74f4bf7,transfer_only,qwen3.5:4b,2a654d98e6fba55d452b7043684e9b57a947e393bbffa62485a7aac05ee4eefd,Q4_K_M,Mbpp/259,33,3,Ab2gA-short-v1-Raw,00605f9eedcd72edbde33f5487fddcd935294688fae8bea23ed86d2a6603f706,1a60e402f2df72eb38e0368e4ee9dcee320b701bd896cf6f723fd268cc561c74,preregistered_not_executed
19,9ae35177eb55264484fe40a74bf473e0b15fb4495e74783ae394de543ab7b930,transfer_only,qwen3.5:4b,2a654d98e6fba55d452b7043684e9b57a947e393bbffa62485a7aac05ee4eefd,Q4_K_M,Mbpp/259,44,4,Ab2gA-short-v1-Raw,00605f9eedcd72edbde33f5487fddcd935294688fae8bea23ed86d2a6603f706,1a60e402f2df72eb38e0368e4ee9dcee320b701bd896cf6f723fd268cc561c74,preregistered_not_executed
20,d4b5a0654b40ead3c0765bb512218ede758d9ef423a5786730988c277b2a9323,transfer_only,qwen3.5:4b,2a654d98e6fba55d452b7043684e9b57a947e393bbffa62485a7aac05ee4eefd,Q4_K_M,Mbpp/259,55,5,Ab2gA-short-v1-Raw,00605f9eedcd72edbde33f5487fddcd935294688fae8bea23ed86d2a6603f706,1a60e402f2df72eb38e0368e4ee9dcee320b701bd896cf6f723fd268cc561c74,preregistered_not_executed
21,10458ea701e0497f798546a1b6e7dee3d785e99428302f89452bff8db9563065,transfer_only,qwen3.5:4b,2a654d98e6fba55d452b7043684e9b57a947e393bbffa62485a7aac05ee4eefd,Q4_K_M,Mbpp/739,11,1,Ab2gA-short-v1-Raw,0ec2b1a3d5e5ca292a0bef8b38dc7cab7d89c1f7ef034d58f23ea006ac0f89bd,52a03613f3b9eb72c256df1a6cf773150bdae6b3081bcedb788bc7a8a6f629c1,preregistered_not_executed
22,88b4f6bf32fab4b5f011477f200708ef5318f7c0b8b76ff2a0cbcacd5ba586d9,transfer_only,qwen3.5:4b,2a654d98e6fba55d452b7043684e9b57a947e393bbffa62485a7aac05ee4eefd,Q4_K_M,Mbpp/739,22,2,Ab2gA-short-v1-Raw,0ec2b1a3d5e5ca292a0bef8b38dc7cab7d89c1f7ef034d58f23ea006ac0f89bd,52a03613f3b9eb72c256df1a6cf773150bdae6b3081bcedb788bc7a8a6f629c1,preregistered_not_executed
23,79918f1156ef2be2cb9c3cf20d6e5cbb81e8cfe0003b8a37b16887f4c46948d0,transfer_only,qwen3.5:4b,2a654d98e6fba55d452b7043684e9b57a947e393bbffa62485a7aac05ee4eefd,Q4_K_M,Mbpp/739,33,3,Ab2gA-short-v1-Raw,0ec2b1a3d5e5ca292a0bef8b38dc7cab7d89c1f7ef034d58f23ea006ac0f89bd,52a03613f3b9eb72c256df1a6cf773150bdae6b3081bcedb788bc7a8a6f629c1,preregistered_not_executed
24,6e211bb4c532a412fc54bf02327c2f3b415f3c307efe93313e8679be61ffb52a,transfer_only,qwen3.5:4b,2a654d98e6fba55d452b7043684e9b57a947e393bbffa62485a7aac05ee4eefd,Q4_K_M,Mbpp/739,44,4,Ab2gA-short-v1-Raw,0ec2b1a3d5e5ca292a0bef8b38dc7cab7d89c1f7ef034d58f23ea006ac0f89bd,52a03613f3b9eb72c256df1a6cf773150bdae6b3081bcedb788bc7a8a6f629c1,preregistered_not_executed
25,d06461ada1eda5d2413817a1d22c0b782a1cea08946c8f5444ce36ab0d26b2d7,transfer_only,qwen3.5:4b,2a654d98e6fba55d452b7043684e9b57a947e393bbffa62485a7aac05ee4eefd,Q4_K_M,Mbpp/739,55,5,Ab2gA-short-v1-Raw,0ec2b1a3d5e5ca292a0bef8b38dc7cab7d89c1f7ef034d58f23ea006ac0f89bd,52a03613f3b9eb72c256df1a6cf773150bdae6b3081bcedb788bc7a8a6f629c1,preregistered_not_executed
26,12226f8cf8d6849b7bcb442b86c7710f63e819c9a826893a4d3c4d73b95fe8a3,transfer_only,qwen3.5:4b,2a654d98e6fba55d452b7043684e9b57a947e393bbffa62485a7aac05ee4eefd,Q4_K_M,Mbpp/124,11,1,Ab2gA-short-v1-Raw,2957d0db621ac0cdeeba9dcc09f0feb550f26b439a1dd184d304e071313dea31,2a47b99596b49f49f7e5febdb4e4dc773cc827fbef8020e7650382ed8d950e4f,preregistered_not_executed
27,c33e905e638d42aefddd38f9d3aba87a10509576008169d72cb06140ff003428,transfer_only,qwen3.5:4b,2a654d98e6fba55d452b7043684e9b57a947e393bbffa62485a7aac05ee4eefd,Q4_K_M,Mbpp/124,22,2,Ab2gA-short-v1-Raw,2957d0db621ac0cdeeba9dcc09f0feb550f26b439a1dd184d304e071313dea31,2a47b99596b49f49f7e5febdb4e4dc773cc827fbef8020e7650382ed8d950e4f,preregistered_not_executed
28,b87eb0ea813d51f7a70f687f46c485effbcc5e5201da4ee9f164d898b7e423b9,transfer_only,qwen3.5:4b,2a654d98e6fba55d452b7043684e9b57a947e393bbffa62485a7aac05ee4eefd,Q4_K_M,Mbpp/124,33,3,Ab2gA-short-v1-Raw,2957d0db621ac0cdeeba9dcc09f0feb550f26b439a1dd184d304e071313dea31,2a47b99596b49f49f7e5febdb4e4dc773cc827fbef8020e7650382ed8d950e4f,preregistered_not_executed
29,13e4ab7dcb1656fc91ea7e4a30708ef9bb6f4986077864c94d52b223bc17b693,transfer_only,qwen3.5:4b,2a654d98e6fba55d452b7043684e9b57a947e393bbffa62485a7aac05ee4eefd,Q4_K_M,Mbpp/124,44,4,Ab2gA-short-v1-Raw,2957d0db621ac0cdeeba9dcc09f0feb550f26b439a1dd184d304e071313dea31,2a47b99596b49f49f7e5febdb4e4dc773cc827fbef8020e7650382ed8d950e4f,preregistered_not_executed
30,02f0cf80534c6a46c72567fc88ab6f12914a8873164719af38f735dbd38fb6b8,transfer_only,qwen3.5:4b,2a654d98e6fba55d452b7043684e9b57a947e393bbffa62485a7aac05ee4eefd,Q4_K_M,Mbpp/124,55,5,Ab2gA-short-v1-Raw,2957d0db621ac0cdeeba9dcc09f0feb550f26b439a1dd184d304e071313dea31,2a47b99596b49f49f7e5febdb4e4dc773cc827fbef8020e7650382ed8d950e4f,preregistered_not_executed
31,0e257df2df93834ad8286ac14adc2164c8f1ab504699db2d35175a361c228010,transfer_only,qwen3.5:4b,2a654d98e6fba55d452b7043684e9b57a947e393bbffa62485a7aac05ee4eefd,Q4_K_M,Mbpp/72,11,1,Ab2gA-short-v1-Raw,126192b19271139ccd7e114688f8bb4bf5315c848485fbf01d5313876cbbd409,33973d187491349f677374dea76d97c5ea8ef9361d9885fbe6a7893eee13ff2c,preregistered_not_executed
32,89eaecb6e88ba9c9984081c6118026a7cb343fc0c092f9bfc21da1d78977eff8,transfer_only,qwen3.5:4b,2a654d98e6fba55d452b7043684e9b57a947e393bbffa62485a7aac05ee4eefd,Q4_K_M,Mbpp/72,22,2,Ab2gA-short-v1-Raw,126192b19271139ccd7e114688f8bb4bf5315c848485fbf01d5313876cbbd409,33973d187491349f677374dea76d97c5ea8ef9361d9885fbe6a7893eee13ff2c,preregistered_not_executed
33,0273f9721d5c4b48782f8afd05aae083ddb11fd276f6ef67ffa0d5f243a4529f,transfer_only,qwen3.5:4b,2a654d98e6fba55d452b7043684e9b57a947e393bbffa62485a7aac05ee4eefd,Q4_K_M,Mbpp/72,33,3,Ab2gA-short-v1-Raw,126192b19271139ccd7e114688f8bb4bf5315c848485fbf01d5313876cbbd409,33973d187491349f677374dea76d97c5ea8ef9361d9885fbe6a7893eee13ff2c,preregistered_not_executed
34,2f7404bcb3e11afbcef1c17967479f572bc6840fa37d169f7bf54eeebc94eaad,transfer_only,qwen3.5:4b,2a654d98e6fba55d452b7043684e9b57a947e393bbffa62485a7aac05ee4eefd,Q4_K_M,Mbpp/72,44,4,Ab2gA-short-v1-Raw,126192b19271139ccd7e114688f8bb4bf5315c848485fbf01d5313876cbbd409,33973d187491349f677374dea76d97c5ea8ef9361d9885fbe6a7893eee13ff2c,preregistered_not_executed
35,e94f6af8e235af7451d60b406b8cb8eed68bf8885160a5e42388964dd48a8c50,transfer_only,qwen3.5:4b,2a654d98e6fba55d452b7043684e9b57a947e393bbffa62485a7aac05ee4eefd,Q4_K_M,Mbpp/72,55,5,Ab2gA-short-v1-Raw,126192b19271139ccd7e114688f8bb4bf5315c848485fbf01d5313876cbbd409,33973d187491349f677374dea76d97c5ea8ef9361d9885fbe6a7893eee13ff2c,preregistered_not_executed
36,91e2046df9dd9236a9fcaaa6648b20359b9bd5a1052c221eb290ae28a5806197,transfer_only,qwen3.5:4b,2a654d98e6fba55d452b7043684e9b57a947e393bbffa62485a7aac05ee4eefd,Q4_K_M,Mbpp/792,11,1,Ab2gA-short-v1-Raw,a9b86481088c9d65514f5f93b1b17ad354901c62e3993ac781a6eeb06d9f5afe,8fffbd4b8d809e0d6fc1afafecad7d01e05fe523d2fcd97da39d776100ff07ba,preregistered_not_executed
37,e6a8b0417f649a38a88a75ae1448de1b7033161261fad40b41612f4b5020922c,transfer_only,qwen3.5:4b,2a654d98e6fba55d452b7043684e9b57a947e393bbffa62485a7aac05ee4eefd,Q4_K_M,Mbpp/792,22,2,Ab2gA-short-v1-Raw,a9b86481088c9d65514f5f93b1b17ad354901c62e3993ac781a6eeb06d9f5afe,8fffbd4b8d809e0d6fc1afafecad7d01e05fe523d2fcd97da39d776100ff07ba,preregistered_not_executed
38,e4e962c1b9a2633794161e6c00735129c0343aab573264b43450cbc28fc4fcc4,transfer_only,qwen3.5:4b,2a654d98e6fba55d452b7043684e9b57a947e393bbffa62485a7aac05ee4eefd,Q4_K_M,Mbpp/792,33,3,Ab2gA-short-v1-Raw,a9b86481088c9d65514f5f93b1b17ad354901c62e3993ac781a6eeb06d9f5afe,8fffbd4b8d809e0d6fc1afafecad7d01e05fe523d2fcd97da39d776100ff07ba,preregistered_not_executed
39,6c4e0d944e8b9d4a8b7fabfa99c84c76b3823e91fc5f77c8aa01ec7c7e8bdcf6,transfer_only,qwen3.5:4b,2a654d98e6fba55d452b7043684e9b57a947e393bbffa62485a7aac05ee4eefd,Q4_K_M,Mbpp/792,44,4,Ab2gA-short-v1-Raw,a9b86481088c9d65514f5f93b1b17ad354901c62e3993ac781a6eeb06d9f5afe,8fffbd4b8d809e0d6fc1afafecad7d01e05fe523d2fcd97da39d776100ff07ba,preregistered_not_executed
40,c3ab242ebce8bd6a62fcc36a5a114584de528a7f32a96cd2389ec9299c388f05,transfer_only,qwen3.5:4b,2a654d98e6fba55d452b7043684e9b57a947e393bbffa62485a7aac05ee4eefd,Q4_K_M,Mbpp/792,55,5,Ab2gA-short-v1-Raw,a9b86481088c9d65514f5f93b1b17ad354901c62e3993ac781a6eeb06d9f5afe,8fffbd4b8d809e0d6fc1afafecad7d01e05fe523d2fcd97da39d776100ff07ba,preregistered_not_executed
41,e2060293c0c0eef50107661f655aadf854bde98cffdd829d4146a136140c3755,transfer_only,qwen3.5:4b,2a654d98e6fba55d452b7043684e9b57a947e393bbffa62485a7aac05ee4eefd,Q4_K_M,Mbpp/435,11,1,Ab2gA-short-v1-Raw,05c8915ec5865828637058c4b42e22a4f3454de64af791b627ce60df6eddfe7b,0307ef1574b8358796be62a7a27fd7c00e58d0d3068fd9a9d3fdecbb41dcdd5b,preregistered_not_executed
42,18f5f6bc2f25ac1985c03f0c84803328ec4f04e9eb934db1efdbfac597d01f2b,transfer_only,qwen3.5:4b,2a654d98e6fba55d452b7043684e9b57a947e393bbffa62485a7aac05ee4eefd,Q4_K_M,Mbpp/435,22,2,Ab2gA-short-v1-Raw,05c8915ec5865828637058c4b42e22a4f3454de64af791b627ce60df6eddfe7b,0307ef1574b8358796be62a7a27fd7c00e58d0d3068fd9a9d3fdecbb41dcdd5b,preregistered_not_executed
43,9222931c030ea5e447b567b7deae815b7237a415e4c393112bc9f23f4b6a7958,transfer_only,qwen3.5:4b,2a654d98e6fba55d452b7043684e9b57a947e393bbffa62485a7aac05ee4eefd,Q4_K_M,Mbpp/435,33,3,Ab2gA-short-v1-Raw,05c8915ec5865828637058c4b42e22a4f3454de64af791b627ce60df6eddfe7b,0307ef1574b8358796be62a7a27fd7c00e58d0d3068fd9a9d3fdecbb41dcdd5b,preregistered_not_executed
44,b536ccb10980410cc8bfc280cde7bb75813fbff0821b5c5fabd55aad48dfeeb8,transfer_only,qwen3.5:4b,2a654d98e6fba55d452b7043684e9b57a947e393bbffa62485a7aac05ee4eefd,Q4_K_M,Mbpp/435,44,4,Ab2gA-short-v1-Raw,05c8915ec5865828637058c4b42e22a4f3454de64af791b627ce60df6eddfe7b,0307ef1574b8358796be62a7a27fd7c00e58d0d3068fd9a9d3fdecbb41dcdd5b,preregistered_not_executed
45,4bfd9db8ac3e7373ecbb068d87424b26243558d6fe4eab3771b70d099e51e424,transfer_only,qwen3.5:4b,2a654d98e6fba55d452b7043684e9b57a947e393bbffa62485a7aac05ee4eefd,Q4_K_M,Mbpp/435,55,5,Ab2gA-short-v1-Raw,05c8915ec5865828637058c4b42e22a4f3454de64af791b627ce60df6eddfe7b,0307ef1574b8358796be62a7a27fd7c00e58d0d3068fd9a9d3fdecbb41dcdd5b,preregistered_not_executed
46,4f96c57b1618372f263d31ec781ee1294894687b2124b287e3434f74f69104ad,transfer_only,qwen3.5:4b,2a654d98e6fba55d452b7043684e9b57a947e393bbffa62485a7aac05ee4eefd,Q4_K_M,Mbpp/597,11,1,Ab2gA-short-v1-Raw,fdeaad15fc47c9c468fbac7e5bc79984b7f9cd5de302aa94c137fb963020a8ec,0e9ed27cca47fd451ba5cbcb599277ba5272908129478eef0ce72e2556aaca9d,preregistered_not_executed
47,d681a8cb5fa7135950b12f866fafda8e8c64717dfbe181dda5b1c99c7e6aefec,transfer_only,qwen3.5:4b,2a654d98e6fba55d452b7043684e9b57a947e393bbffa62485a7aac05ee4eefd,Q4_K_M,Mbpp/597,22,2,Ab2gA-short-v1-Raw,fdeaad15fc47c9c468fbac7e5bc79984b7f9cd5de302aa94c137fb963020a8ec,0e9ed27cca47fd451ba5cbcb599277ba5272908129478eef0ce72e2556aaca9d,preregistered_not_executed
48,e5bbc29d70be9212adff1525987edee3fcdf787eec6b2f3a9c3fef6840c9cdec,transfer_only,qwen3.5:4b,2a654d98e6fba55d452b7043684e9b57a947e393bbffa62485a7aac05ee4eefd,Q4_K_M,Mbpp/597,33,3,Ab2gA-short-v1-Raw,fdeaad15fc47c9c468fbac7e5bc79984b7f9cd5de302aa94c137fb963020a8ec,0e9ed27cca47fd451ba5cbcb599277ba5272908129478eef0ce72e2556aaca9d,preregistered_not_executed
49,e78ecc861e14682f01bbf1678fb2e86c583254936f09f0d26ccfcb29c5fe20ce,transfer_only,qwen3.5:4b,2a654d98e6fba55d452b7043684e9b57a947e393bbffa62485a7aac05ee4eefd,Q4_K_M,Mbpp/597,44,4,Ab2gA-short-v1-Raw,fdeaad15fc47c9c468fbac7e5bc79984b7f9cd5de302aa94c137fb963020a8ec,0e9ed27cca47fd451ba5cbcb599277ba5272908129478eef0ce72e2556aaca9d,preregistered_not_executed
50,0aa749326160092ba84b8e531bc88bf88f89e61b62c21ff665e23f3436a8f997,transfer_only,qwen3.5:4b,2a654d98e6fba55d452b7043684e9b57a947e393bbffa62485a7aac05ee4eefd,Q4_K_M,Mbpp/597,55,5,Ab2gA-short-v1-Raw,fdeaad15fc47c9c468fbac7e5bc79984b7f9cd5de302aa94c137fb963020a8ec,0e9ed27cca47fd451ba5cbcb599277ba5272908129478eef0ce72e2556aaca9d,preregistered_not_executed
51,022c6e751b7823383b9bfff65cf6000e2d146721d286e0e60d44b862ab2fba70,transfer_only,qwen3.5:4b,2a654d98e6fba55d452b7043684e9b57a947e393bbffa62485a7aac05ee4eefd,Q4_K_M,Mbpp/732,11,1,Ab2gA-short-v1-Raw,88d0a26aa66bb9af22e1d24c035a625c55a6b05d8603e23d2604aefafecba45b,710dcc6f00145de4ed1cc5efe4c848ca1ab7152381be6e92e7c5188f7c026cae,preregistered_not_executed
52,3b5a48cbd2526497c5eb2b949511d9e4313a4d7549825f9ee211a8d5b05c1c4d,transfer_only,qwen3.5:4b,2a654d98e6fba55d452b7043684e9b57a947e393bbffa62485a7aac05ee4eefd,Q4_K_M,Mbpp/732,22,2,Ab2gA-short-v1-Raw,88d0a26aa66bb9af22e1d24c035a625c55a6b05d8603e23d2604aefafecba45b,710dcc6f00145de4ed1cc5efe4c848ca1ab7152381be6e92e7c5188f7c026cae,preregistered_not_executed
53,cdcea5ff96d8bdb9cc11119cc977208da2956596cf65b4fd8af08aebf118109b,transfer_only,qwen3.5:4b,2a654d98e6fba55d452b7043684e9b57a947e393bbffa62485a7aac05ee4eefd,Q4_K_M,Mbpp/732,33,3,Ab2gA-short-v1-Raw,88d0a26aa66bb9af22e1d24c035a625c55a6b05d8603e23d2604aefafecba45b,710dcc6f00145de4ed1cc5efe4c848ca1ab7152381be6e92e7c5188f7c026cae,preregistered_not_executed
54,4c3790d2c68facea433d5684438b2c6ca869da2b82346a99630ea4d0337d6255,transfer_only,qwen3.5:4b,2a654d98e6fba55d452b7043684e9b57a947e393bbffa62485a7aac05ee4eefd,Q4_K_M,Mbpp/732,44,4,Ab2gA-short-v1-Raw,88d0a26aa66bb9af22e1d24c035a625c55a6b05d8603e23d2604aefafecba45b,710dcc6f00145de4ed1cc5efe4c848ca1ab7152381be6e92e7c5188f7c026cae,preregistered_not_executed
55,80f7b61348bd157bf145d65bcd8a2c5241bb0a28c249f0f0b233410f770e64b8,transfer_only,qwen3.5:4b,2a654d98e6fba55d452b7043684e9b57a947e393bbffa62485a7aac05ee4eefd,Q4_K_M,Mbpp/732,55,5,Ab2gA-short-v1-Raw,88d0a26aa66bb9af22e1d24c035a625c55a6b05d8603e23d2604aefafecba45b,710dcc6f00145de4ed1cc5efe4c848ca1ab7152381be6e92e7c5188f7c026cae,preregistered_not_executed
56,0b007a3bdbf9a834d01e704990007ed5c0ef5885941f9459de90d5d9fa4f34ba,transfer_only,qwen3.5:4b,2a654d98e6fba55d452b7043684e9b57a947e393bbffa62485a7aac05ee4eefd,Q4_K_M,Mbpp/721,11,1,Ab2gA-short-v1-Raw,8861076bbffb5774ac8a3a60de3d5b8a46d4d7d23cba3cfbed7e5001cd535f3a,2b016f7e81a35b61384b7ab97154a3a9f894d705ba17c3dbb3cbb11e4f29d6ae,preregistered_not_executed
57,31bce81187e62744943c93b852158a6ff6c7f7589bd28b0a7971e462ddd2ea05,transfer_only,qwen3.5:4b,2a654d98e6fba55d452b7043684e9b57a947e393bbffa62485a7aac05ee4eefd,Q4_K_M,Mbpp/721,22,2,Ab2gA-short-v1-Raw,8861076bbffb5774ac8a3a60de3d5b8a46d4d7d23cba3cfbed7e5001cd535f3a,2b016f7e81a35b61384b7ab97154a3a9f894d705ba17c3dbb3cbb11e4f29d6ae,preregistered_not_executed
58,32de9aa9deb437ada489af16ce776528ba4824446836a5b8ed1d317310aa6ac2,transfer_only,qwen3.5:4b,2a654d98e6fba55d452b7043684e9b57a947e393bbffa62485a7aac05ee4eefd,Q4_K_M,Mbpp/721,33,3,Ab2gA-short-v1-Raw,8861076bbffb5774ac8a3a60de3d5b8a46d4d7d23cba3cfbed7e5001cd535f3a,2b016f7e81a35b61384b7ab97154a3a9f894d705ba17c3dbb3cbb11e4f29d6ae,preregistered_not_executed
59,d4a051b182c12a1a1566e36b83d493223454c1dcbb0f1a4b5e364d9fed8845b1,transfer_only,qwen3.5:4b,2a654d98e6fba55d452b7043684e9b57a947e393bbffa62485a7aac05ee4eefd,Q4_K_M,Mbpp/721,44,4,Ab2gA-short-v1-Raw,8861076bbffb5774ac8a3a60de3d5b8a46d4d7d23cba3cfbed7e5001cd535f3a,2b016f7e81a35b61384b7ab97154a3a9f894d705ba17c3dbb3cbb11e4f29d6ae,preregistered_not_executed
60,145225c05b8eece02e4be5260cd36f86c63bb5244185b20ab3fb260c21682cb2,transfer_only,qwen3.5:4b,2a654d98e6fba55d452b7043684e9b57a947e393bbffa62485a7aac05ee4eefd,Q4_K_M,Mbpp/721,55,5,Ab2gA-short-v1-Raw,8861076bbffb5774ac8a3a60de3d5b8a46d4d7d23cba3cfbed7e5001cd535f3a,2b016f7e81a35b61384b7ab97154a3a9f894d705ba17c3dbb3cbb11e4f29d6ae,preregistered_not_executed
61,f73163763022b40f0551e9ae4e208b74c6837f80e47f6b23d99c0e9336b4fa67,transfer_only,qwen3.5:4b,2a654d98e6fba55d452b7043684e9b57a947e393bbffa62485a7aac05ee4eefd,Q4_K_M,Mbpp/765,11,1,Ab2gA-short-v1-Raw,7ce3b90dd65954672cbad71a31b649bd20470838cb6480e9db0329319a3bbd3f,cbab0c11e5c135270b8a830661e86730a40fd03443ffe6a2966d4310461d5da2,preregistered_not_executed
62,5cb541b0efc480e8b1cbd191b582a6714d49404d0060e1a829005cae20f519fe,transfer_only,qwen3.5:4b,2a654d98e6fba55d452b7043684e9b57a947e393bbffa62485a7aac05ee4eefd,Q4_K_M,Mbpp/765,22,2,Ab2gA-short-v1-Raw,7ce3b90dd65954672cbad71a31b649bd20470838cb6480e9db0329319a3bbd3f,cbab0c11e5c135270b8a830661e86730a40fd03443ffe6a2966d4310461d5da2,preregistered_not_executed
63,5570068dcfcbd586b9e3ccf4bb52bc7fb0147daf3d3dd4449356f8326fb07a02,transfer_only,qwen3.5:4b,2a654d98e6fba55d452b7043684e9b57a947e393bbffa62485a7aac05ee4eefd,Q4_K_M,Mbpp/765,33,3,Ab2gA-short-v1-Raw,7ce3b90dd65954672cbad71a31b649bd20470838cb6480e9db0329319a3bbd3f,cbab0c11e5c135270b8a830661e86730a40fd03443ffe6a2966d4310461d5da2,preregistered_not_executed
64,acbebf4f5ac9682b98fa1230b73a76f9e05754a73589fba84568fbbadc7e5207,transfer_only,qwen3.5:4b,2a654d98e6fba55d452b7043684e9b57a947e393bbffa62485a7aac05ee4eefd,Q4_K_M,Mbpp/765,44,4,Ab2gA-short-v1-Raw,7ce3b90dd65954672cbad71a31b649bd20470838cb6480e9db0329319a3bbd3f,cbab0c11e5c135270b8a830661e86730a40fd03443ffe6a2966d4310461d5da2,preregistered_not_executed
65,a918d686f50aff337302fe7da259c217f7d238917266005c6e8c0fea919858a1,transfer_only,qwen3.5:4b,2a654d98e6fba55d452b7043684e9b57a947e393bbffa62485a7aac05ee4eefd,Q4_K_M,Mbpp/765,55,5,Ab2gA-short-v1-Raw,7ce3b90dd65954672cbad71a31b649bd20470838cb6480e9db0329319a3bbd3f,cbab0c11e5c135270b8a830661e86730a40fd03443ffe6a2966d4310461d5da2,preregistered_not_executed
66,6916ee46a20a5ca7d0bc86e0eaf51242ca2f76feccd708fc49e0fdd86932b8a0,transfer_only,qwen3.5:4b,2a654d98e6fba55d452b7043684e9b57a947e393bbffa62485a7aac05ee4eefd,Q4_K_M,Mbpp/777,11,1,Ab2gA-short-v1-Raw,c87e0210945201856322ef2410581b62dd80863c5c7e252e485b5f4f6f242c39,84645d909b7cfb7022f7f7825f5f82b5d0e574ed094a4d9633298d7c8076ac0d,preregistered_not_executed
67,ac3b0b95ee8d53a0994c980ba476913a83e82b4be2218ebad74593a8d0419aae,transfer_only,qwen3.5:4b,2a654d98e6fba55d452b7043684e9b57a947e393bbffa62485a7aac05ee4eefd,Q4_K_M,Mbpp/777,22,2,Ab2gA-short-v1-Raw,c87e0210945201856322ef2410581b62dd80863c5c7e252e485b5f4f6f242c39,84645d909b7cfb7022f7f7825f5f82b5d0e574ed094a4d9633298d7c8076ac0d,preregistered_not_executed
68,0026518526ec8a2fe6da622c346f50feee85320b01431aa3da7fd6f582c4cf43,transfer_only,qwen3.5:4b,2a654d98e6fba55d452b7043684e9b57a947e393bbffa62485a7aac05ee4eefd,Q4_K_M,Mbpp/777,33,3,Ab2gA-short-v1-Raw,c87e0210945201856322ef2410581b62dd80863c5c7e252e485b5f4f6f242c39,84645d909b7cfb7022f7f7825f5f82b5d0e574ed094a4d9633298d7c8076ac0d,preregistered_not_executed
69,1e6396ae3fe36f9e8a5d22336912f7faabc0f89f43fefffacfcaf02bcf1d60be,transfer_only,qwen3.5:4b,2a654d98e6fba55d452b7043684e9b57a947e393bbffa62485a7aac05ee4eefd,Q4_K_M,Mbpp/777,44,4,Ab2gA-short-v1-Raw,c87e0210945201856322ef2410581b62dd80863c5c7e252e485b5f4f6f242c39,84645d909b7cfb7022f7f7825f5f82b5d0e574ed094a4d9633298d7c8076ac0d,preregistered_not_executed
70,bbfc6b2d82a47e9054b017f4416d1161305af8d65d3c9c0e05439ca6c3a425de,transfer_only,qwen3.5:4b,2a654d98e6fba55d452b7043684e9b57a947e393bbffa62485a7aac05ee4eefd,Q4_K_M,Mbpp/777,55,5,Ab2gA-short-v1-Raw,c87e0210945201856322ef2410581b62dd80863c5c7e252e485b5f4f6f242c39,84645d909b7cfb7022f7f7825f5f82b5d0e574ed094a4d9633298d7c8076ac0d,preregistered_not_executed
71,29f0eef1ab83ad6e06c57a9a60d4605f4ff016c5f809a0f65919cd43fc9d420c,transfer_only,qwen3.5:4b,2a654d98e6fba55d452b7043684e9b57a947e393bbffa62485a7aac05ee4eefd,Q4_K_M,Mbpp/473,11,1,Ab2gA-short-v1-Raw,5395028b2d9639c29029148080deb3719efb3a55114032bf5d0ac77e066b3680,d76c27c80137657c9dddb786a8d40d46b78109f116b2a1d4e72a7dc4f8ccc6d1,preregistered_not_executed
72,d01643661be2bebbca3bc79c191561d55308463e90c1039e716b211ea0cf3a72,transfer_only,qwen3.5:4b,2a654d98e6fba55d452b7043684e9b57a947e393bbffa62485a7aac05ee4eefd,Q4_K_M,Mbpp/473,22,2,Ab2gA-short-v1-Raw,5395028b2d9639c29029148080deb3719efb3a55114032bf5d0ac77e066b3680,d76c27c80137657c9dddb786a8d40d46b78109f116b2a1d4e72a7dc4f8ccc6d1,preregistered_not_executed
73,3b59efffe404e401a63c1cac54e5635764bd4fd7ce3911bd6fd8eee2eca67ce9,transfer_only,qwen3.5:4b,2a654d98e6fba55d452b7043684e9b57a947e393bbffa62485a7aac05ee4eefd,Q4_K_M,Mbpp/473,33,3,Ab2gA-short-v1-Raw,5395028b2d9639c29029148080deb3719efb3a55114032bf5d0ac77e066b3680,d76c27c80137657c9dddb786a8d40d46b78109f116b2a1d4e72a7dc4f8ccc6d1,preregistered_not_executed
74,569f4208cde19cf8eea2b5817d32e6b743b22fd58fdb8769731bb941801701c6,transfer_only,qwen3.5:4b,2a654d98e6fba55d452b7043684e9b57a947e393bbffa62485a7aac05ee4eefd,Q4_K_M,Mbpp/473,44,4,Ab2gA-short-v1-Raw,5395028b2d9639c29029148080deb3719efb3a55114032bf5d0ac77e066b3680,d76c27c80137657c9dddb786a8d40d46b78109f116b2a1d4e72a7dc4f8ccc6d1,preregistered_not_executed
75,dedc684675ee021a047fe108cd6d13e25a139a6c4dae39e1916337c83230260c,transfer_only,qwen3.5:4b,2a654d98e6fba55d452b7043684e9b57a947e393bbffa62485a7aac05ee4eefd,Q4_K_M,Mbpp/473,55,5,Ab2gA-short-v1-Raw,5395028b2d9639c29029148080deb3719efb3a55114032bf5d0ac77e066b3680,d76c27c80137657c9dddb786a8d40d46b78109f116b2a1d4e72a7dc4f8ccc6d1,preregistered_not_executed
76,9688271228e952ff3b9e9cae7bcaa0fff5e1a121145650197d90ad3425c9d7c3,transfer_only,qwen3.5:4b,2a654d98e6fba55d452b7043684e9b57a947e393bbffa62485a7aac05ee4eefd,Q4_K_M,Mbpp/420,11,1,Ab2gA-short-v1-Raw,6c3f83e6bddb10a3b318a2aaf17c245afdd9c702b980c7e51092f34272d7316a,5a330eb5f1a62a494160e2424fa9ca65e716fcbd8a794aa548366d31a3c04e71,preregistered_not_executed
77,54dff22d0bd0a8fb5581f4666d68451b5ea108661ee05600ff3b47f4a4dd284d,transfer_only,qwen3.5:4b,2a654d98e6fba55d452b7043684e9b57a947e393bbffa62485a7aac05ee4eefd,Q4_K_M,Mbpp/420,22,2,Ab2gA-short-v1-Raw,6c3f83e6bddb10a3b318a2aaf17c245afdd9c702b980c7e51092f34272d7316a,5a330eb5f1a62a494160e2424fa9ca65e716fcbd8a794aa548366d31a3c04e71,preregistered_not_executed
78,84d322c54c077e3a8133226c53f8883a4146409d44d1b29af7bace79ae855880,transfer_only,qwen3.5:4b,2a654d98e6fba55d452b7043684e9b57a947e393bbffa62485a7aac05ee4eefd,Q4_K_M,Mbpp/420,33,3,Ab2gA-short-v1-Raw,6c3f83e6bddb10a3b318a2aaf17c245afdd9c702b980c7e51092f34272d7316a,5a330eb5f1a62a494160e2424fa9ca65e716fcbd8a794aa548366d31a3c04e71,preregistered_not_executed
79,afa7a2a10a1f8b58c12cde50b24b613e5a29bb85e080e02cb0ab8103bee77789,transfer_only,qwen3.5:4b,2a654d98e6fba55d452b7043684e9b57a947e393bbffa62485a7aac05ee4eefd,Q4_K_M,Mbpp/420,44,4,Ab2gA-short-v1-Raw,6c3f83e6bddb10a3b318a2aaf17c245afdd9c702b980c7e51092f34272d7316a,5a330eb5f1a62a494160e2424fa9ca65e716fcbd8a794aa548366d31a3c04e71,preregistered_not_executed
80,12cbed2168e2a8fe916332af4763f6715608707f5e54d1abb7f9b6296143539a,transfer_only,qwen3.5:4b,2a654d98e6fba55d452b7043684e9b57a947e393bbffa62485a7aac05ee4eefd,Q4_K_M,Mbpp/420,55,5,Ab2gA-short-v1-Raw,6c3f83e6bddb10a3b318a2aaf17c245afdd9c702b980c7e51092f34272d7316a,5a330eb5f1a62a494160e2424fa9ca65e716fcbd8a794aa548366d31a3c04e71,preregistered_not_executed
81,2d4bbf0bf4c21f774efc519c42a2565d68c6a8ba3db1810a4cc2e7548222d141,transfer_only,qwen3.5:4b,2a654d98e6fba55d452b7043684e9b57a947e393bbffa62485a7aac05ee4eefd,Q4_K_M,Mbpp/742,11,1,Ab2gA-short-v1-Raw,b5faa07e70a60759872f35d2ffb98a6ef82e25fcb8ba127e1503966011b225d6,2dec30384de4bc091a4f992da639c8b3ef7dad3b9d06b5783a82c7b17a33e97f,preregistered_not_executed
82,c78f52fae001573f08655c9e740591ee65e5c3cab48a6f3a1c84b63da9d9dae6,transfer_only,qwen3.5:4b,2a654d98e6fba55d452b7043684e9b57a947e393bbffa62485a7aac05ee4eefd,Q4_K_M,Mbpp/742,22,2,Ab2gA-short-v1-Raw,b5faa07e70a60759872f35d2ffb98a6ef82e25fcb8ba127e1503966011b225d6,2dec30384de4bc091a4f992da639c8b3ef7dad3b9d06b5783a82c7b17a33e97f,preregistered_not_executed
83,6496d661b5a20bb180732a0c9079abb560790dd24528051ac62eed90679619fc,transfer_only,qwen3.5:4b,2a654d98e6fba55d452b7043684e9b57a947e393bbffa62485a7aac05ee4eefd,Q4_K_M,Mbpp/742,33,3,Ab2gA-short-v1-Raw,b5faa07e70a60759872f35d2ffb98a6ef82e25fcb8ba127e1503966011b225d6,2dec30384de4bc091a4f992da639c8b3ef7dad3b9d06b5783a82c7b17a33e97f,preregistered_not_executed
84,b6b3ca1a6d71055adb688faadf9c844c92be051f239885825a9bd2b8a9e02159,transfer_only,qwen3.5:4b,2a654d98e6fba55d452b7043684e9b57a947e393bbffa62485a7aac05ee4eefd,Q4_K_M,Mbpp/742,44,4,Ab2gA-short-v1-Raw,b5faa07e70a60759872f35d2ffb98a6ef82e25fcb8ba127e1503966011b225d6,2dec30384de4bc091a4f992da639c8b3ef7dad3b9d06b5783a82c7b17a33e97f,preregistered_not_executed
85,743033b35332d7c8475951e88f3997168b349ad2b66edd30cb816ebd052d29ed,transfer_only,qwen3.5:4b,2a654d98e6fba55d452b7043684e9b57a947e393bbffa62485a7aac05ee4eefd,Q4_K_M,Mbpp/742,55,5,Ab2gA-short-v1-Raw,b5faa07e70a60759872f35d2ffb98a6ef82e25fcb8ba127e1503966011b225d6,2dec30384de4bc091a4f992da639c8b3ef7dad3b9d06b5783a82c7b17a33e97f,preregistered_not_executed
86,a703fcc9c2bb421d4989b7aba4511bf478892c1c508069d607299ca660a9f2f8,transfer_only,qwen3.5:4b,2a654d98e6fba55d452b7043684e9b57a947e393bbffa62485a7aac05ee4eefd,Q4_K_M,Mbpp/279,11,1,Ab2gA-short-v1-Raw,574f80994d371d1747d7b69e1e6a87564933d617bd1e6649ff02b44f50a68ba2,c72dddf47a0bebf162b69b973e1a3d95d063c14f1237b6873ae4a1dae115d557,preregistered_not_executed
87,d7e368f0a90494e0273295c4d2570e2a84a7f8f414f922c67f02f6c6433a569f,transfer_only,qwen3.5:4b,2a654d98e6fba55d452b7043684e9b57a947e393bbffa62485a7aac05ee4eefd,Q4_K_M,Mbpp/279,22,2,Ab2gA-short-v1-Raw,574f80994d371d1747d7b69e1e6a87564933d617bd1e6649ff02b44f50a68ba2,c72dddf47a0bebf162b69b973e1a3d95d063c14f1237b6873ae4a1dae115d557,preregistered_not_executed
88,bc48005ee94973e27132db28d3a9225635153f269f176a58b6556835099e8ba2,transfer_only,qwen3.5:4b,2a654d98e6fba55d452b7043684e9b57a947e393bbffa62485a7aac05ee4eefd,Q4_K_M,Mbpp/279,33,3,Ab2gA-short-v1-Raw,574f80994d371d1747d7b69e1e6a87564933d617bd1e6649ff02b44f50a68ba2,c72dddf47a0bebf162b69b973e1a3d95d063c14f1237b6873ae4a1dae115d557,preregistered_not_executed
89,0f2a4f13fd684313423238c0139702511943352eded76fc713af534c6eeef6d6,transfer_only,qwen3.5:4b,2a654d98e6fba55d452b7043684e9b57a947e393bbffa62485a7aac05ee4eefd,Q4_K_M,Mbpp/279,44,4,Ab2gA-short-v1-Raw,574f80994d371d1747d7b69e1e6a87564933d617bd1e6649ff02b44f50a68ba2,c72dddf47a0bebf162b69b973e1a3d95d063c14f1237b6873ae4a1dae115d557,preregistered_not_executed
90,3ff8d4af002ad18e53ebf798fbf5d5f8edaa45b2317bd3986d79b2ba52532b2c,transfer_only,qwen3.5:4b,2a654d98e6fba55d452b7043684e9b57a947e393bbffa62485a7aac05ee4eefd,Q4_K_M,Mbpp/279,55,5,Ab2gA-short-v1-Raw,574f80994d371d1747d7b69e1e6a87564933d617bd1e6649ff02b44f50a68ba2,c72dddf47a0bebf162b69b973e1a3d95d063c14f1237b6873ae4a1dae115d557,preregistered_not_executed
91,1a024c09d114f41c3020c9f08bae9a2067ab977190db03446e7f9459c4d9433f,transfer_only,qwen3.5:4b,2a654d98e6fba55d452b7043684e9b57a947e393bbffa62485a7aac05ee4eefd,Q4_K_M,Mbpp/125,11,1,Ab2gA-short-v1-Raw,562bb5a7ed92f063a39d6ab29ffb5e94f07d6dc0eaf4724fdafd9887862ed81e,1428a3f1c722d1d15826394ddc64313ad65908f3a2142a8c011bca3b542ab7e9,preregistered_not_executed
92,814e489c791dafd76b16b167552731efe5d3053f893d24e5acfb3d91bd874605,transfer_only,qwen3.5:4b,2a654d98e6fba55d452b7043684e9b57a947e393bbffa62485a7aac05ee4eefd,Q4_K_M,Mbpp/125,22,2,Ab2gA-short-v1-Raw,562bb5a7ed92f063a39d6ab29ffb5e94f07d6dc0eaf4724fdafd9887862ed81e,1428a3f1c722d1d15826394ddc64313ad65908f3a2142a8c011bca3b542ab7e9,preregistered_not_executed
93,d7d1253e1f4995296ddf2f85bec538d42a4b7ede4b6b2607115a585ca264f7f1,transfer_only,qwen3.5:4b,2a654d98e6fba55d452b7043684e9b57a947e393bbffa62485a7aac05ee4eefd,Q4_K_M,Mbpp/125,33,3,Ab2gA-short-v1-Raw,562bb5a7ed92f063a39d6ab29ffb5e94f07d6dc0eaf4724fdafd9887862ed81e,1428a3f1c722d1d15826394ddc64313ad65908f3a2142a8c011bca3b542ab7e9,preregistered_not_executed
94,0d2553938153ac970beb536d8dd3a612795e9024737746cbef7f17918db27e4e,transfer_only,qwen3.5:4b,2a654d98e6fba55d452b7043684e9b57a947e393bbffa62485a7aac05ee4eefd,Q4_K_M,Mbpp/125,44,4,Ab2gA-short-v1-Raw,562bb5a7ed92f063a39d6ab29ffb5e94f07d6dc0eaf4724fdafd9887862ed81e,1428a3f1c722d1d15826394ddc64313ad65908f3a2142a8c011bca3b542ab7e9,preregistered_not_executed
95,405a4be003b515b7318a1e971d57d776127290ab6ba2a89c42281650690512ef,transfer_only,qwen3.5:4b,2a654d98e6fba55d452b7043684e9b57a947e393bbffa62485a7aac05ee4eefd,Q4_K_M,Mbpp/125,55,5,Ab2gA-short-v1-Raw,562bb5a7ed92f063a39d6ab29ffb5e94f07d6dc0eaf4724fdafd9887862ed81e,1428a3f1c722d1d15826394ddc64313ad65908f3a2142a8c011bca3b542ab7e9,preregistered_not_executed
96,fdd97faec142805411465054ec87005d7517159d0ffced73c12f891da617252d,transfer_only,qwen3.5:4b,2a654d98e6fba55d452b7043684e9b57a947e393bbffa62485a7aac05ee4eefd,Q4_K_M,Mbpp/603,11,1,Ab2gA-short-v1-Raw,f20d6d6d8709a1a36a8b2f81498751bf2178855d453ff878f86afc91c2a9181b,60d4bcb646fae4f9b3a0af4c9378ed2d5b605ac840dab2f5d7fce713182b281d,preregistered_not_executed
97,f70bd084a59b5d3828c1cf632dfff3433ae42716fe3ba753b64ccd819c295bbf,transfer_only,qwen3.5:4b,2a654d98e6fba55d452b7043684e9b57a947e393bbffa62485a7aac05ee4eefd,Q4_K_M,Mbpp/603,22,2,Ab2gA-short-v1-Raw,f20d6d6d8709a1a36a8b2f81498751bf2178855d453ff878f86afc91c2a9181b,60d4bcb646fae4f9b3a0af4c9378ed2d5b605ac840dab2f5d7fce713182b281d,preregistered_not_executed
98,97e7ba75e6fd68d3772da58cdf8735b28b5283e774efb5f00f97eae815ef1987,transfer_only,qwen3.5:4b,2a654d98e6fba55d452b7043684e9b57a947e393bbffa62485a7aac05ee4eefd,Q4_K_M,Mbpp/603,33,3,Ab2gA-short-v1-Raw,f20d6d6d8709a1a36a8b2f81498751bf2178855d453ff878f86afc91c2a9181b,60d4bcb646fae4f9b3a0af4c9378ed2d5b605ac840dab2f5d7fce713182b281d,preregistered_not_executed
99,6f109eaf8016a1ecdafc4f3af4bd45f306ff8dacd88a44522d8bfa92df797fb9,transfer_only,qwen3.5:4b,2a654d98e6fba55d452b7043684e9b57a947e393bbffa62485a7aac05ee4eefd,Q4_K_M,Mbpp/603,44,4,Ab2gA-short-v1-Raw,f20d6d6d8709a1a36a8b2f81498751bf2178855d453ff878f86afc91c2a9181b,60d4bcb646fae4f9b3a0af4c9378ed2d5b605ac840dab2f5d7fce713182b281d,preregistered_not_executed
100,a138a76b1c420aee5f25409f9995cf63a9d43636f2ebd885a72edf0da6ac6e8b,transfer_only,qwen3.5:4b,2a654d98e6fba55d452b7043684e9b57a947e393bbffa62485a7aac05ee4eefd,Q4_K_M,Mbpp/603,55,5,Ab2gA-short-v1-Raw,f20d6d6d8709a1a36a8b2f81498751bf2178855d453ff878f86afc91c2a9181b,60d4bcb646fae4f9b3a0af4c9378ed2d5b605ac840dab2f5d7fce713182b281d,preregistered_not_executed
101,9dbd754389455d8cbad5d7c790fb2e2c4be33516d2d2a0636f79e6145018bc16,primary_development_model,qwen3.5:9b,6488c96fa5faab64bb65cbd30d4289e20e6130ef535a93ef9a49f42eda893ea7,Q4_K_M,Mbpp/633,11,1,Ab2gA-short-v1-Raw,cb350017a80f155027dc1cbca6c15d8be2438690569db4f44e45bc921b3c56ea,43b48cfffe140cf60a4f2b5a54c515cacd97b33d7737514d40258d0cf61ca8c7,preregistered_not_executed
102,ba74749160f59a502581f33ae5132c6c18686f3d8233390da65ac20826d6f3ff,primary_development_model,qwen3.5:9b,6488c96fa5faab64bb65cbd30d4289e20e6130ef535a93ef9a49f42eda893ea7,Q4_K_M,Mbpp/633,22,2,Ab2gA-short-v1-Raw,cb350017a80f155027dc1cbca6c15d8be2438690569db4f44e45bc921b3c56ea,43b48cfffe140cf60a4f2b5a54c515cacd97b33d7737514d40258d0cf61ca8c7,preregistered_not_executed
103,376162723d2c8cdf2a8ce7a5cfcc75ec7ca3671b824cf3f5c0a834ae24c1744b,primary_development_model,qwen3.5:9b,6488c96fa5faab64bb65cbd30d4289e20e6130ef535a93ef9a49f42eda893ea7,Q4_K_M,Mbpp/633,33,3,Ab2gA-short-v1-Raw,cb350017a80f155027dc1cbca6c15d8be2438690569db4f44e45bc921b3c56ea,43b48cfffe140cf60a4f2b5a54c515cacd97b33d7737514d40258d0cf61ca8c7,preregistered_not_executed
104,7c30cf716ea3beed416a5a27d9c26698ac4d665544ce1603c6fc829cfc151f0c,primary_development_model,qwen3.5:9b,6488c96fa5faab64bb65cbd30d4289e20e6130ef535a93ef9a49f42eda893ea7,Q4_K_M,Mbpp/633,44,4,Ab2gA-short-v1-Raw,cb350017a80f155027dc1cbca6c15d8be2438690569db4f44e45bc921b3c56ea,43b48cfffe140cf60a4f2b5a54c515cacd97b33d7737514d40258d0cf61ca8c7,preregistered_not_executed
105,41443fb44c20abf2e565e037ecd2e3b0f81ca1191c3b307006ed5698d4897124,primary_development_model,qwen3.5:9b,6488c96fa5faab64bb65cbd30d4289e20e6130ef535a93ef9a49f42eda893ea7,Q4_K_M,Mbpp/633,55,5,Ab2gA-short-v1-Raw,cb350017a80f155027dc1cbca6c15d8be2438690569db4f44e45bc921b3c56ea,43b48cfffe140cf60a4f2b5a54c515cacd97b33d7737514d40258d0cf61ca8c7,preregistered_not_executed
106,7314437f70465de98a464576e421a437c3a81ac0b2fb23a027a8cc8a9ece4133,primary_development_model,qwen3.5:9b,6488c96fa5faab64bb65cbd30d4289e20e6130ef535a93ef9a49f42eda893ea7,Q4_K_M,Mbpp/769,11,1,Ab2gA-short-v1-Raw,a673d75d69182286d078aab6966a6a17502593753fb9228ffdef8130e49fcc5b,ff0fbd6a8f2fb48d8b6d6103f94b5aedc857c424ee1b4320cbdcb29ba8b6d0aa,preregistered_not_executed
107,0cd2180afcb0b9a036f61cf402e547cf83f9c83afe2a27250295d7e4d503b77a,primary_development_model,qwen3.5:9b,6488c96fa5faab64bb65cbd30d4289e20e6130ef535a93ef9a49f42eda893ea7,Q4_K_M,Mbpp/769,22,2,Ab2gA-short-v1-Raw,a673d75d69182286d078aab6966a6a17502593753fb9228ffdef8130e49fcc5b,ff0fbd6a8f2fb48d8b6d6103f94b5aedc857c424ee1b4320cbdcb29ba8b6d0aa,preregistered_not_executed
108,a7ced8ec496bf7539b66300d2f19f4edaea563bf297aa562f70fa8516d2d537a,primary_development_model,qwen3.5:9b,6488c96fa5faab64bb65cbd30d4289e20e6130ef535a93ef9a49f42eda893ea7,Q4_K_M,Mbpp/769,33,3,Ab2gA-short-v1-Raw,a673d75d69182286d078aab6966a6a17502593753fb9228ffdef8130e49fcc5b,ff0fbd6a8f2fb48d8b6d6103f94b5aedc857c424ee1b4320cbdcb29ba8b6d0aa,preregistered_not_executed
109,ae5785a11e1a0c30bdc718aa0654d5f923e28ffaa42230243c2eef60224e6fd7,primary_development_model,qwen3.5:9b,6488c96fa5faab64bb65cbd30d4289e20e6130ef535a93ef9a49f42eda893ea7,Q4_K_M,Mbpp/769,44,4,Ab2gA-short-v1-Raw,a673d75d69182286d078aab6966a6a17502593753fb9228ffdef8130e49fcc5b,ff0fbd6a8f2fb48d8b6d6103f94b5aedc857c424ee1b4320cbdcb29ba8b6d0aa,preregistered_not_executed
110,204632163057bac55c104f760b27ac8e9b79dfb6c3a1cd66df940438b405b59d,primary_development_model,qwen3.5:9b,6488c96fa5faab64bb65cbd30d4289e20e6130ef535a93ef9a49f42eda893ea7,Q4_K_M,Mbpp/769,55,5,Ab2gA-short-v1-Raw,a673d75d69182286d078aab6966a6a17502593753fb9228ffdef8130e49fcc5b,ff0fbd6a8f2fb48d8b6d6103f94b5aedc857c424ee1b4320cbdcb29ba8b6d0aa,preregistered_not_executed
111,fdcb47bfbc49eb5d8e8e13a573b0979567ec267731d6b6ca91c6709a85b1e8e2,primary_development_model,qwen3.5:9b,6488c96fa5faab64bb65cbd30d4289e20e6130ef535a93ef9a49f42eda893ea7,Q4_K_M,Mbpp/453,11,1,Ab2gA-short-v1-Raw,97bc92ad76e21b2c5d95b3f078e127b81c48c86e1e26e1e1ca13e27993b5e498,df2df39741be011ad87f3700f7cf317dfb55aedb945e273573758454975fb5dd,preregistered_not_executed
112,aa1a90550102d0a7b9a08755ccb634ef62253e0bbf15f520d42b8f01231c8fe6,primary_development_model,qwen3.5:9b,6488c96fa5faab64bb65cbd30d4289e20e6130ef535a93ef9a49f42eda893ea7,Q4_K_M,Mbpp/453,22,2,Ab2gA-short-v1-Raw,97bc92ad76e21b2c5d95b3f078e127b81c48c86e1e26e1e1ca13e27993b5e498,df2df39741be011ad87f3700f7cf317dfb55aedb945e273573758454975fb5dd,preregistered_not_executed
113,48ab6f806b93457694fc45af9bb89fe925da12e1d373c100171d258a6eedb6ee,primary_development_model,qwen3.5:9b,6488c96fa5faab64bb65cbd30d4289e20e6130ef535a93ef9a49f42eda893ea7,Q4_K_M,Mbpp/453,33,3,Ab2gA-short-v1-Raw,97bc92ad76e21b2c5d95b3f078e127b81c48c86e1e26e1e1ca13e27993b5e498,df2df39741be011ad87f3700f7cf317dfb55aedb945e273573758454975fb5dd,preregistered_not_executed
114,d25e6f56bd9dbf0b32f21f1eb5e0cf5729ee142e96e8a7c91da41d84eeb62697,primary_development_model,qwen3.5:9b,6488c96fa5faab64bb65cbd30d4289e20e6130ef535a93ef9a49f42eda893ea7,Q4_K_M,Mbpp/453,44,4,Ab2gA-short-v1-Raw,97bc92ad76e21b2c5d95b3f078e127b81c48c86e1e26e1e1ca13e27993b5e498,df2df39741be011ad87f3700f7cf317dfb55aedb945e273573758454975fb5dd,preregistered_not_executed
115,2df183d87ca9bb565408b184652e7c64514a735b0a4d279cf7b091f22c5e661c,primary_development_model,qwen3.5:9b,6488c96fa5faab64bb65cbd30d4289e20e6130ef535a93ef9a49f42eda893ea7,Q4_K_M,Mbpp/453,55,5,Ab2gA-short-v1-Raw,97bc92ad76e21b2c5d95b3f078e127b81c48c86e1e26e1e1ca13e27993b5e498,df2df39741be011ad87f3700f7cf317dfb55aedb945e273573758454975fb5dd,preregistered_not_executed
116,804d6ad9db4ea54fcf571426130e5260f995236083d7344ef94165d660e30681,primary_development_model,qwen3.5:9b,6488c96fa5faab64bb65cbd30d4289e20e6130ef535a93ef9a49f42eda893ea7,Q4_K_M,Mbpp/259,11,1,Ab2gA-short-v1-Raw,00605f9eedcd72edbde33f5487fddcd935294688fae8bea23ed86d2a6603f706,1a60e402f2df72eb38e0368e4ee9dcee320b701bd896cf6f723fd268cc561c74,preregistered_not_executed
117,5371c8038ef70a18951da54180c7f481e5f6fa072012d5c9e0e8ae41832abab5,primary_development_model,qwen3.5:9b,6488c96fa5faab64bb65cbd30d4289e20e6130ef535a93ef9a49f42eda893ea7,Q4_K_M,Mbpp/259,22,2,Ab2gA-short-v1-Raw,00605f9eedcd72edbde33f5487fddcd935294688fae8bea23ed86d2a6603f706,1a60e402f2df72eb38e0368e4ee9dcee320b701bd896cf6f723fd268cc561c74,preregistered_not_executed
118,0bc2afe79b935251f282ccaa0e13224d384af7a1db610a01201b122573782e5f,primary_development_model,qwen3.5:9b,6488c96fa5faab64bb65cbd30d4289e20e6130ef535a93ef9a49f42eda893ea7,Q4_K_M,Mbpp/259,33,3,Ab2gA-short-v1-Raw,00605f9eedcd72edbde33f5487fddcd935294688fae8bea23ed86d2a6603f706,1a60e402f2df72eb38e0368e4ee9dcee320b701bd896cf6f723fd268cc561c74,preregistered_not_executed
119,c2eb963172fa0e7ae548695a476c127d045aae289c4798cf3a1843777d9af5ca,primary_development_model,qwen3.5:9b,6488c96fa5faab64bb65cbd30d4289e20e6130ef535a93ef9a49f42eda893ea7,Q4_K_M,Mbpp/259,44,4,Ab2gA-short-v1-Raw,00605f9eedcd72edbde33f5487fddcd935294688fae8bea23ed86d2a6603f706,1a60e402f2df72eb38e0368e4ee9dcee320b701bd896cf6f723fd268cc561c74,preregistered_not_executed
120,c41236e3973d82e8512c996e86f87a4bd338605ccc3f9fbf3fd8cb07f7273c1c,primary_development_model,qwen3.5:9b,6488c96fa5faab64bb65cbd30d4289e20e6130ef535a93ef9a49f42eda893ea7,Q4_K_M,Mbpp/259,55,5,Ab2gA-short-v1-Raw,00605f9eedcd72edbde33f5487fddcd935294688fae8bea23ed86d2a6603f706,1a60e402f2df72eb38e0368e4ee9dcee320b701bd896cf6f723fd268cc561c74,preregistered_not_executed
121,530f92bfcbb7a1a932b3808e23e709285854d6a4adf4644382b8e080c26039ca,primary_development_model,qwen3.5:9b,6488c96fa5faab64bb65cbd30d4289e20e6130ef535a93ef9a49f42eda893ea7,Q4_K_M,Mbpp/739,11,1,Ab2gA-short-v1-Raw,0ec2b1a3d5e5ca292a0bef8b38dc7cab7d89c1f7ef034d58f23ea006ac0f89bd,52a03613f3b9eb72c256df1a6cf773150bdae6b3081bcedb788bc7a8a6f629c1,preregistered_not_executed
122,7988fce16f3e0c794df5a04daa977c32cb6836f1ee15acbf9c0f11d517ebd779,primary_development_model,qwen3.5:9b,6488c96fa5faab64bb65cbd30d4289e20e6130ef535a93ef9a49f42eda893ea7,Q4_K_M,Mbpp/739,22,2,Ab2gA-short-v1-Raw,0ec2b1a3d5e5ca292a0bef8b38dc7cab7d89c1f7ef034d58f23ea006ac0f89bd,52a03613f3b9eb72c256df1a6cf773150bdae6b3081bcedb788bc7a8a6f629c1,preregistered_not_executed
123,1e39b1d5416334fa7a0348d651011503825d2d132bd9d0aa2370221e85a4cdd4,primary_development_model,qwen3.5:9b,6488c96fa5faab64bb65cbd30d4289e20e6130ef535a93ef9a49f42eda893ea7,Q4_K_M,Mbpp/739,33,3,Ab2gA-short-v1-Raw,0ec2b1a3d5e5ca292a0bef8b38dc7cab7d89c1f7ef034d58f23ea006ac0f89bd,52a03613f3b9eb72c256df1a6cf773150bdae6b3081bcedb788bc7a8a6f629c1,preregistered_not_executed
124,f409c6acaaa7f848d5970aabb6183374571aacdba5cba69aba4f6df0210ac066,primary_development_model,qwen3.5:9b,6488c96fa5faab64bb65cbd30d4289e20e6130ef535a93ef9a49f42eda893ea7,Q4_K_M,Mbpp/739,44,4,Ab2gA-short-v1-Raw,0ec2b1a3d5e5ca292a0bef8b38dc7cab7d89c1f7ef034d58f23ea006ac0f89bd,52a03613f3b9eb72c256df1a6cf773150bdae6b3081bcedb788bc7a8a6f629c1,preregistered_not_executed
125,61536b230786a41dc3ca06f35f5ccc1b0f4a16b4ac69d3a96b4c96d4546ac6bb,primary_development_model,qwen3.5:9b,6488c96fa5faab64bb65cbd30d4289e20e6130ef535a93ef9a49f42eda893ea7,Q4_K_M,Mbpp/739,55,5,Ab2gA-short-v1-Raw,0ec2b1a3d5e5ca292a0bef8b38dc7cab7d89c1f7ef034d58f23ea006ac0f89bd,52a03613f3b9eb72c256df1a6cf773150bdae6b3081bcedb788bc7a8a6f629c1,preregistered_not_executed
126,9e1222c5daf3d2a1e9389a251767cc29396466e60ae973ea7865cd3b81b3aec3,primary_development_model,qwen3.5:9b,6488c96fa5faab64bb65cbd30d4289e20e6130ef535a93ef9a49f42eda893ea7,Q4_K_M,Mbpp/124,11,1,Ab2gA-short-v1-Raw,2957d0db621ac0cdeeba9dcc09f0feb550f26b439a1dd184d304e071313dea31,2a47b99596b49f49f7e5febdb4e4dc773cc827fbef8020e7650382ed8d950e4f,preregistered_not_executed
127,6ea77bcc9fc19e41059dd525b382b2ebca131b820173faeac246af471a36c2ab,primary_development_model,qwen3.5:9b,6488c96fa5faab64bb65cbd30d4289e20e6130ef535a93ef9a49f42eda893ea7,Q4_K_M,Mbpp/124,22,2,Ab2gA-short-v1-Raw,2957d0db621ac0cdeeba9dcc09f0feb550f26b439a1dd184d304e071313dea31,2a47b99596b49f49f7e5febdb4e4dc773cc827fbef8020e7650382ed8d950e4f,preregistered_not_executed
128,e8c96fe0d7a85e3a9a92a639289de32f9eefc663d56d0dd160791aa195d50dae,primary_development_model,qwen3.5:9b,6488c96fa5faab64bb65cbd30d4289e20e6130ef535a93ef9a49f42eda893ea7,Q4_K_M,Mbpp/124,33,3,Ab2gA-short-v1-Raw,2957d0db621ac0cdeeba9dcc09f0feb550f26b439a1dd184d304e071313dea31,2a47b99596b49f49f7e5febdb4e4dc773cc827fbef8020e7650382ed8d950e4f,preregistered_not_executed
129,b68789febe266c58649ea1eb577ec5f312026edd6ede2ce1fb7fd47812998dd3,primary_development_model,qwen3.5:9b,6488c96fa5faab64bb65cbd30d4289e20e6130ef535a93ef9a49f42eda893ea7,Q4_K_M,Mbpp/124,44,4,Ab2gA-short-v1-Raw,2957d0db621ac0cdeeba9dcc09f0feb550f26b439a1dd184d304e071313dea31,2a47b99596b49f49f7e5febdb4e4dc773cc827fbef8020e7650382ed8d950e4f,preregistered_not_executed
130,2e100e0f3185f8f9ebe9139448962bd20cb609b318ae1d112e0420e956027343,primary_development_model,qwen3.5:9b,6488c96fa5faab64bb65cbd30d4289e20e6130ef535a93ef9a49f42eda893ea7,Q4_K_M,Mbpp/124,55,5,Ab2gA-short-v1-Raw,2957d0db621ac0cdeeba9dcc09f0feb550f26b439a1dd184d304e071313dea31,2a47b99596b49f49f7e5febdb4e4dc773cc827fbef8020e7650382ed8d950e4f,preregistered_not_executed
131,ee78e7fc4ce37efa5d22365d44f70dea09b728fc7b91666a03dd763cb95e8a64,primary_development_model,qwen3.5:9b,6488c96fa5faab64bb65cbd30d4289e20e6130ef535a93ef9a49f42eda893ea7,Q4_K_M,Mbpp/72,11,1,Ab2gA-short-v1-Raw,126192b19271139ccd7e114688f8bb4bf5315c848485fbf01d5313876cbbd409,33973d187491349f677374dea76d97c5ea8ef9361d9885fbe6a7893eee13ff2c,preregistered_not_executed
132,f14bac48e0f6c210c950bde30d94a4d7189989eaa509411827341a3fbbd028a8,primary_development_model,qwen3.5:9b,6488c96fa5faab64bb65cbd30d4289e20e6130ef535a93ef9a49f42eda893ea7,Q4_K_M,Mbpp/72,22,2,Ab2gA-short-v1-Raw,126192b19271139ccd7e114688f8bb4bf5315c848485fbf01d5313876cbbd409,33973d187491349f677374dea76d97c5ea8ef9361d9885fbe6a7893eee13ff2c,preregistered_not_executed
133,735186c5162a628fd9614f6b28d84ede714dc2db11238a905dce9ecc67a0627e,primary_development_model,qwen3.5:9b,6488c96fa5faab64bb65cbd30d4289e20e6130ef535a93ef9a49f42eda893ea7,Q4_K_M,Mbpp/72,33,3,Ab2gA-short-v1-Raw,126192b19271139ccd7e114688f8bb4bf5315c848485fbf01d5313876cbbd409,33973d187491349f677374dea76d97c5ea8ef9361d9885fbe6a7893eee13ff2c,preregistered_not_executed
134,26765cf7809c70f9f9892ea1e699ef808ee2a3ed9c4be73772b6c1efc259b376,primary_development_model,qwen3.5:9b,6488c96fa5faab64bb65cbd30d4289e20e6130ef535a93ef9a49f42eda893ea7,Q4_K_M,Mbpp/72,44,4,Ab2gA-short-v1-Raw,126192b19271139ccd7e114688f8bb4bf5315c848485fbf01d5313876cbbd409,33973d187491349f677374dea76d97c5ea8ef9361d9885fbe6a7893eee13ff2c,preregistered_not_executed
135,6032ac41d49b80ae2755b707b5a4d02737c41cd7f86859b9581ecd5a81b2b061,primary_development_model,qwen3.5:9b,6488c96fa5faab64bb65cbd30d4289e20e6130ef535a93ef9a49f42eda893ea7,Q4_K_M,Mbpp/72,55,5,Ab2gA-short-v1-Raw,126192b19271139ccd7e114688f8bb4bf5315c848485fbf01d5313876cbbd409,33973d187491349f677374dea76d97c5ea8ef9361d9885fbe6a7893eee13ff2c,preregistered_not_executed
136,81631eedd0b5cd02a4ffe65a0a7519c577632c3e7cd185e8969b487a79c0ee8a,primary_development_model,qwen3.5:9b,6488c96fa5faab64bb65cbd30d4289e20e6130ef535a93ef9a49f42eda893ea7,Q4_K_M,Mbpp/792,11,1,Ab2gA-short-v1-Raw,a9b86481088c9d65514f5f93b1b17ad354901c62e3993ac781a6eeb06d9f5afe,8fffbd4b8d809e0d6fc1afafecad7d01e05fe523d2fcd97da39d776100ff07ba,preregistered_not_executed
137,22810f23923b4ef1a563faa2ae449c28b29e229384bfbbd23b950a272378ce1c,primary_development_model,qwen3.5:9b,6488c96fa5faab64bb65cbd30d4289e20e6130ef535a93ef9a49f42eda893ea7,Q4_K_M,Mbpp/792,22,2,Ab2gA-short-v1-Raw,a9b86481088c9d65514f5f93b1b17ad354901c62e3993ac781a6eeb06d9f5afe,8fffbd4b8d809e0d6fc1afafecad7d01e05fe523d2fcd97da39d776100ff07ba,preregistered_not_executed
138,e4d8be9a013971da2562888767277da465ca0672ecca870ba345a481fd492e6c,primary_development_model,qwen3.5:9b,6488c96fa5faab64bb65cbd30d4289e20e6130ef535a93ef9a49f42eda893ea7,Q4_K_M,Mbpp/792,33,3,Ab2gA-short-v1-Raw,a9b86481088c9d65514f5f93b1b17ad354901c62e3993ac781a6eeb06d9f5afe,8fffbd4b8d809e0d6fc1afafecad7d01e05fe523d2fcd97da39d776100ff07ba,preregistered_not_executed
139,07d04233dbb668998fba7a90b9ce18a5062ee0c9e76f325ed6aa3ec97e4ae5e4,primary_development_model,qwen3.5:9b,6488c96fa5faab64bb65cbd30d4289e20e6130ef535a93ef9a49f42eda893ea7,Q4_K_M,Mbpp/792,44,4,Ab2gA-short-v1-Raw,a9b86481088c9d65514f5f93b1b17ad354901c62e3993ac781a6eeb06d9f5afe,8fffbd4b8d809e0d6fc1afafecad7d01e05fe523d2fcd97da39d776100ff07ba,preregistered_not_executed
140,fa8edbf01b38910e7736799492299dd62855fe2ec87bdc66d8052feeac92d7ee,primary_development_model,qwen3.5:9b,6488c96fa5faab64bb65cbd30d4289e20e6130ef535a93ef9a49f42eda893ea7,Q4_K_M,Mbpp/792,55,5,Ab2gA-short-v1-Raw,a9b86481088c9d65514f5f93b1b17ad354901c62e3993ac781a6eeb06d9f5afe,8fffbd4b8d809e0d6fc1afafecad7d01e05fe523d2fcd97da39d776100ff07ba,preregistered_not_executed
141,33586f99a98f7e3c1976b582419bdf71eb31c3bb452eadd2ca7ae974449732d1,primary_development_model,qwen3.5:9b,6488c96fa5faab64bb65cbd30d4289e20e6130ef535a93ef9a49f42eda893ea7,Q4_K_M,Mbpp/435,11,1,Ab2gA-short-v1-Raw,05c8915ec5865828637058c4b42e22a4f3454de64af791b627ce60df6eddfe7b,0307ef1574b8358796be62a7a27fd7c00e58d0d3068fd9a9d3fdecbb41dcdd5b,preregistered_not_executed
142,733b44bb5bc5ed0d96ea6e345a26537b21876831739a2b1b261d2065a4cd08ff,primary_development_model,qwen3.5:9b,6488c96fa5faab64bb65cbd30d4289e20e6130ef535a93ef9a49f42eda893ea7,Q4_K_M,Mbpp/435,22,2,Ab2gA-short-v1-Raw,05c8915ec5865828637058c4b42e22a4f3454de64af791b627ce60df6eddfe7b,0307ef1574b8358796be62a7a27fd7c00e58d0d3068fd9a9d3fdecbb41dcdd5b,preregistered_not_executed
143,25d2cffac140795845808b194ae2faeba747a52bb9812be2885fc649d931e814,primary_development_model,qwen3.5:9b,6488c96fa5faab64bb65cbd30d4289e20e6130ef535a93ef9a49f42eda893ea7,Q4_K_M,Mbpp/435,33,3,Ab2gA-short-v1-Raw,05c8915ec5865828637058c4b42e22a4f3454de64af791b627ce60df6eddfe7b,0307ef1574b8358796be62a7a27fd7c00e58d0d3068fd9a9d3fdecbb41dcdd5b,preregistered_not_executed
144,58367205d8697798a6f4ee715b00968cc14eeeac69b2e95250b5e60327191a7a,primary_development_model,qwen3.5:9b,6488c96fa5faab64bb65cbd30d4289e20e6130ef535a93ef9a49f42eda893ea7,Q4_K_M,Mbpp/435,44,4,Ab2gA-short-v1-Raw,05c8915ec5865828637058c4b42e22a4f3454de64af791b627ce60df6eddfe7b,0307ef1574b8358796be62a7a27fd7c00e58d0d3068fd9a9d3fdecbb41dcdd5b,preregistered_not_executed
145,b07cfdba25d9bbc85eb07617bbf606d24245482ed632c7562b6c731ee72bfd77,primary_development_model,qwen3.5:9b,6488c96fa5faab64bb65cbd30d4289e20e6130ef535a93ef9a49f42eda893ea7,Q4_K_M,Mbpp/435,55,5,Ab2gA-short-v1-Raw,05c8915ec5865828637058c4b42e22a4f3454de64af791b627ce60df6eddfe7b,0307ef1574b8358796be62a7a27fd7c00e58d0d3068fd9a9d3fdecbb41dcdd5b,preregistered_not_executed
146,592f531d5a86c000483c16c3950b8b0bb488418ae101a8d613e43897409225ca,primary_development_model,qwen3.5:9b,6488c96fa5faab64bb65cbd30d4289e20e6130ef535a93ef9a49f42eda893ea7,Q4_K_M,Mbpp/597,11,1,Ab2gA-short-v1-Raw,fdeaad15fc47c9c468fbac7e5bc79984b7f9cd5de302aa94c137fb963020a8ec,0e9ed27cca47fd451ba5cbcb599277ba5272908129478eef0ce72e2556aaca9d,preregistered_not_executed
147,44d74797f3b3a56d2242543236f557a9ed0f8cd2cc10b755f4368f597c87a321,primary_development_model,qwen3.5:9b,6488c96fa5faab64bb65cbd30d4289e20e6130ef535a93ef9a49f42eda893ea7,Q4_K_M,Mbpp/597,22,2,Ab2gA-short-v1-Raw,fdeaad15fc47c9c468fbac7e5bc79984b7f9cd5de302aa94c137fb963020a8ec,0e9ed27cca47fd451ba5cbcb599277ba5272908129478eef0ce72e2556aaca9d,preregistered_not_executed
148,df1f5a871c1e2d82e5784340670631106fd1e033bc2408928ca4b49dc2ec5da3,primary_development_model,qwen3.5:9b,6488c96fa5faab64bb65cbd30d4289e20e6130ef535a93ef9a49f42eda893ea7,Q4_K_M,Mbpp/597,33,3,Ab2gA-short-v1-Raw,fdeaad15fc47c9c468fbac7e5bc79984b7f9cd5de302aa94c137fb963020a8ec,0e9ed27cca47fd451ba5cbcb599277ba5272908129478eef0ce72e2556aaca9d,preregistered_not_executed
149,0d9e2a7769721cc6ed329b9b00cfaa69096588c4fd1bf58443f00171dd9108b7,primary_development_model,qwen3.5:9b,6488c96fa5faab64bb65cbd30d4289e20e6130ef535a93ef9a49f42eda893ea7,Q4_K_M,Mbpp/597,44,4,Ab2gA-short-v1-Raw,fdeaad15fc47c9c468fbac7e5bc79984b7f9cd5de302aa94c137fb963020a8ec,0e9ed27cca47fd451ba5cbcb599277ba5272908129478eef0ce72e2556aaca9d,preregistered_not_executed
150,9f488eb13d9d055ceee5eabc0f6a4721582495b750c14412c91144851e828a5c,primary_development_model,qwen3.5:9b,6488c96fa5faab64bb65cbd30d4289e20e6130ef535a93ef9a49f42eda893ea7,Q4_K_M,Mbpp/597,55,5,Ab2gA-short-v1-Raw,fdeaad15fc47c9c468fbac7e5bc79984b7f9cd5de302aa94c137fb963020a8ec,0e9ed27cca47fd451ba5cbcb599277ba5272908129478eef0ce72e2556aaca9d,preregistered_not_executed
151,956236e670cb11965e0670fcffebb56ffaab8b8da48385f1e78e6529a8f62278,primary_development_model,qwen3.5:9b,6488c96fa5faab64bb65cbd30d4289e20e6130ef535a93ef9a49f42eda893ea7,Q4_K_M,Mbpp/732,11,1,Ab2gA-short-v1-Raw,88d0a26aa66bb9af22e1d24c035a625c55a6b05d8603e23d2604aefafecba45b,710dcc6f00145de4ed1cc5efe4c848ca1ab7152381be6e92e7c5188f7c026cae,preregistered_not_executed
152,4f6287bb5ba692a2bbb1ea5bca55e80046152cf9d2bd20eb1a5c33eb171bcbb1,primary_development_model,qwen3.5:9b,6488c96fa5faab64bb65cbd30d4289e20e6130ef535a93ef9a49f42eda893ea7,Q4_K_M,Mbpp/732,22,2,Ab2gA-short-v1-Raw,88d0a26aa66bb9af22e1d24c035a625c55a6b05d8603e23d2604aefafecba45b,710dcc6f00145de4ed1cc5efe4c848ca1ab7152381be6e92e7c5188f7c026cae,preregistered_not_executed
153,c13f071c3dc4b3768ffa51b1da8f1d617834b1a1466ecec39008028b77939d34,primary_development_model,qwen3.5:9b,6488c96fa5faab64bb65cbd30d4289e20e6130ef535a93ef9a49f42eda893ea7,Q4_K_M,Mbpp/732,33,3,Ab2gA-short-v1-Raw,88d0a26aa66bb9af22e1d24c035a625c55a6b05d8603e23d2604aefafecba45b,710dcc6f00145de4ed1cc5efe4c848ca1ab7152381be6e92e7c5188f7c026cae,preregistered_not_executed
154,39b176484f2fbedfa064e07f8965b6fd429149b8e95497cb90e7b8bd21bd5910,primary_development_model,qwen3.5:9b,6488c96fa5faab64bb65cbd30d4289e20e6130ef535a93ef9a49f42eda893ea7,Q4_K_M,Mbpp/732,44,4,Ab2gA-short-v1-Raw,88d0a26aa66bb9af22e1d24c035a625c55a6b05d8603e23d2604aefafecba45b,710dcc6f00145de4ed1cc5efe4c848ca1ab7152381be6e92e7c5188f7c026cae,preregistered_not_executed
155,9ad30abeecd6f09545ecfab4bce961bef8a70b601a862304b0d41161dc5e3a73,primary_development_model,qwen3.5:9b,6488c96fa5faab64bb65cbd30d4289e20e6130ef535a93ef9a49f42eda893ea7,Q4_K_M,Mbpp/732,55,5,Ab2gA-short-v1-Raw,88d0a26aa66bb9af22e1d24c035a625c55a6b05d8603e23d2604aefafecba45b,710dcc6f00145de4ed1cc5efe4c848ca1ab7152381be6e92e7c5188f7c026cae,preregistered_not_executed
156,a7723c7437ec7209c67c01b81062227600be3c9a49e124b69a5abe64ad7933ee,primary_development_model,qwen3.5:9b,6488c96fa5faab64bb65cbd30d4289e20e6130ef535a93ef9a49f42eda893ea7,Q4_K_M,Mbpp/721,11,1,Ab2gA-short-v1-Raw,8861076bbffb5774ac8a3a60de3d5b8a46d4d7d23cba3cfbed7e5001cd535f3a,2b016f7e81a35b61384b7ab97154a3a9f894d705ba17c3dbb3cbb11e4f29d6ae,preregistered_not_executed
157,310b4311c19a202b05fc45877004b4d2f5c501646efcf95b280ddff0ea0d7b96,primary_development_model,qwen3.5:9b,6488c96fa5faab64bb65cbd30d4289e20e6130ef535a93ef9a49f42eda893ea7,Q4_K_M,Mbpp/721,22,2,Ab2gA-short-v1-Raw,8861076bbffb5774ac8a3a60de3d5b8a46d4d7d23cba3cfbed7e5001cd535f3a,2b016f7e81a35b61384b7ab97154a3a9f894d705ba17c3dbb3cbb11e4f29d6ae,preregistered_not_executed
158,f7f049e767840506a403ca5af15ef3885f5922b44f38d37edbe6b53175401700,primary_development_model,qwen3.5:9b,6488c96fa5faab64bb65cbd30d4289e20e6130ef535a93ef9a49f42eda893ea7,Q4_K_M,Mbpp/721,33,3,Ab2gA-short-v1-Raw,8861076bbffb5774ac8a3a60de3d5b8a46d4d7d23cba3cfbed7e5001cd535f3a,2b016f7e81a35b61384b7ab97154a3a9f894d705ba17c3dbb3cbb11e4f29d6ae,preregistered_not_executed
159,7ee81195a08db02c4c5834fd68f5afeaf271fb5df44449080863f391f55aab91,primary_development_model,qwen3.5:9b,6488c96fa5faab64bb65cbd30d4289e20e6130ef535a93ef9a49f42eda893ea7,Q4_K_M,Mbpp/721,44,4,Ab2gA-short-v1-Raw,8861076bbffb5774ac8a3a60de3d5b8a46d4d7d23cba3cfbed7e5001cd535f3a,2b016f7e81a35b61384b7ab97154a3a9f894d705ba17c3dbb3cbb11e4f29d6ae,preregistered_not_executed
160,adc0a44cb5e8f9e917e038986d48824d14881854cc13c7640026c419bad943e6,primary_development_model,qwen3.5:9b,6488c96fa5faab64bb65cbd30d4289e20e6130ef535a93ef9a49f42eda893ea7,Q4_K_M,Mbpp/721,55,5,Ab2gA-short-v1-Raw,8861076bbffb5774ac8a3a60de3d5b8a46d4d7d23cba3cfbed7e5001cd535f3a,2b016f7e81a35b61384b7ab97154a3a9f894d705ba17c3dbb3cbb11e4f29d6ae,preregistered_not_executed
161,3dcf27bf735172028c71cf07a83b092e3a03c5fdb169b595a0bac761ec46b1f4,primary_development_model,qwen3.5:9b,6488c96fa5faab64bb65cbd30d4289e20e6130ef535a93ef9a49f42eda893ea7,Q4_K_M,Mbpp/765,11,1,Ab2gA-short-v1-Raw,7ce3b90dd65954672cbad71a31b649bd20470838cb6480e9db0329319a3bbd3f,cbab0c11e5c135270b8a830661e86730a40fd03443ffe6a2966d4310461d5da2,preregistered_not_executed
162,6e8dafb51e0d2613dab6d50e05ca1d54f3dcb72b5f354d8972ff1610855e568e,primary_development_model,qwen3.5:9b,6488c96fa5faab64bb65cbd30d4289e20e6130ef535a93ef9a49f42eda893ea7,Q4_K_M,Mbpp/765,22,2,Ab2gA-short-v1-Raw,7ce3b90dd65954672cbad71a31b649bd20470838cb6480e9db0329319a3bbd3f,cbab0c11e5c135270b8a830661e86730a40fd03443ffe6a2966d4310461d5da2,preregistered_not_executed
163,e2ba1998f8887c68b7409a15e1f47e8ae3b6f64e7435cb8c56ba8c50e0563dbe,primary_development_model,qwen3.5:9b,6488c96fa5faab64bb65cbd30d4289e20e6130ef535a93ef9a49f42eda893ea7,Q4_K_M,Mbpp/765,33,3,Ab2gA-short-v1-Raw,7ce3b90dd65954672cbad71a31b649bd20470838cb6480e9db0329319a3bbd3f,cbab0c11e5c135270b8a830661e86730a40fd03443ffe6a2966d4310461d5da2,preregistered_not_executed
164,97cefca39c73f0442a31f3d01d7cdff3a3887ab0575e7faa7d8e1857b4dfb713,primary_development_model,qwen3.5:9b,6488c96fa5faab64bb65cbd30d4289e20e6130ef535a93ef9a49f42eda893ea7,Q4_K_M,Mbpp/765,44,4,Ab2gA-short-v1-Raw,7ce3b90dd65954672cbad71a31b649bd20470838cb6480e9db0329319a3bbd3f,cbab0c11e5c135270b8a830661e86730a40fd03443ffe6a2966d4310461d5da2,preregistered_not_executed
165,44e12d808822fa95f1db3ac6e551bfc33db1cf489a05daab95c402441534beb1,primary_development_model,qwen3.5:9b,6488c96fa5faab64bb65cbd30d4289e20e6130ef535a93ef9a49f42eda893ea7,Q4_K_M,Mbpp/765,55,5,Ab2gA-short-v1-Raw,7ce3b90dd65954672cbad71a31b649bd20470838cb6480e9db0329319a3bbd3f,cbab0c11e5c135270b8a830661e86730a40fd03443ffe6a2966d4310461d5da2,preregistered_not_executed
166,1d0e3a5f04ebb2c158c76772e94d793f7ac864c6b553738d0f9c4bc0d0b92e23,primary_development_model,qwen3.5:9b,6488c96fa5faab64bb65cbd30d4289e20e6130ef535a93ef9a49f42eda893ea7,Q4_K_M,Mbpp/777,11,1,Ab2gA-short-v1-Raw,c87e0210945201856322ef2410581b62dd80863c5c7e252e485b5f4f6f242c39,84645d909b7cfb7022f7f7825f5f82b5d0e574ed094a4d9633298d7c8076ac0d,preregistered_not_executed
167,79cbd96a8488474ead158218c699b870679785703890347755e692ac3efebed8,primary_development_model,qwen3.5:9b,6488c96fa5faab64bb65cbd30d4289e20e6130ef535a93ef9a49f42eda893ea7,Q4_K_M,Mbpp/777,22,2,Ab2gA-short-v1-Raw,c87e0210945201856322ef2410581b62dd80863c5c7e252e485b5f4f6f242c39,84645d909b7cfb7022f7f7825f5f82b5d0e574ed094a4d9633298d7c8076ac0d,preregistered_not_executed
168,e80ec5c7088746b361df40e9ac8084f2d2a04bdd214aabd0d7b956e3a839f5b1,primary_development_model,qwen3.5:9b,6488c96fa5faab64bb65cbd30d4289e20e6130ef535a93ef9a49f42eda893ea7,Q4_K_M,Mbpp/777,33,3,Ab2gA-short-v1-Raw,c87e0210945201856322ef2410581b62dd80863c5c7e252e485b5f4f6f242c39,84645d909b7cfb7022f7f7825f5f82b5d0e574ed094a4d9633298d7c8076ac0d,preregistered_not_executed
169,3254d3916875a36b15f052018a7a1af1db4694dfd57d9036d7dd4d1d66c1cf9c,primary_development_model,qwen3.5:9b,6488c96fa5faab64bb65cbd30d4289e20e6130ef535a93ef9a49f42eda893ea7,Q4_K_M,Mbpp/777,44,4,Ab2gA-short-v1-Raw,c87e0210945201856322ef2410581b62dd80863c5c7e252e485b5f4f6f242c39,84645d909b7cfb7022f7f7825f5f82b5d0e574ed094a4d9633298d7c8076ac0d,preregistered_not_executed
170,7fcab5b33326ac0259c382cdd9ddecff32aa1509537f10294fd6ad621305ea88,primary_development_model,qwen3.5:9b,6488c96fa5faab64bb65cbd30d4289e20e6130ef535a93ef9a49f42eda893ea7,Q4_K_M,Mbpp/777,55,5,Ab2gA-short-v1-Raw,c87e0210945201856322ef2410581b62dd80863c5c7e252e485b5f4f6f242c39,84645d909b7cfb7022f7f7825f5f82b5d0e574ed094a4d9633298d7c8076ac0d,preregistered_not_executed
171,1316707379e3be1fdc1c727c3978f083b342b3c646c30895bc35cff784579dfd,primary_development_model,qwen3.5:9b,6488c96fa5faab64bb65cbd30d4289e20e6130ef535a93ef9a49f42eda893ea7,Q4_K_M,Mbpp/473,11,1,Ab2gA-short-v1-Raw,5395028b2d9639c29029148080deb3719efb3a55114032bf5d0ac77e066b3680,d76c27c80137657c9dddb786a8d40d46b78109f116b2a1d4e72a7dc4f8ccc6d1,preregistered_not_executed
172,b388504e2ba045efe34e2499141e340708e3d24060cf9146f24afe5101adccae,primary_development_model,qwen3.5:9b,6488c96fa5faab64bb65cbd30d4289e20e6130ef535a93ef9a49f42eda893ea7,Q4_K_M,Mbpp/473,22,2,Ab2gA-short-v1-Raw,5395028b2d9639c29029148080deb3719efb3a55114032bf5d0ac77e066b3680,d76c27c80137657c9dddb786a8d40d46b78109f116b2a1d4e72a7dc4f8ccc6d1,preregistered_not_executed
173,cca3d9746ce8049eabef286eaaff96a3f3a0e2a102a49637387ca133bb0f3185,primary_development_model,qwen3.5:9b,6488c96fa5faab64bb65cbd30d4289e20e6130ef535a93ef9a49f42eda893ea7,Q4_K_M,Mbpp/473,33,3,Ab2gA-short-v1-Raw,5395028b2d9639c29029148080deb3719efb3a55114032bf5d0ac77e066b3680,d76c27c80137657c9dddb786a8d40d46b78109f116b2a1d4e72a7dc4f8ccc6d1,preregistered_not_executed
174,9e1f5acde0f181489e325d9cac6bed925d0a3a4bcf77d9c8fb8b928f97c8e5dd,primary_development_model,qwen3.5:9b,6488c96fa5faab64bb65cbd30d4289e20e6130ef535a93ef9a49f42eda893ea7,Q4_K_M,Mbpp/473,44,4,Ab2gA-short-v1-Raw,5395028b2d9639c29029148080deb3719efb3a55114032bf5d0ac77e066b3680,d76c27c80137657c9dddb786a8d40d46b78109f116b2a1d4e72a7dc4f8ccc6d1,preregistered_not_executed
175,38ac85c9f09a049339cf8529e51bb0969f517c99671d424257f6c1ac97990a04,primary_development_model,qwen3.5:9b,6488c96fa5faab64bb65cbd30d4289e20e6130ef535a93ef9a49f42eda893ea7,Q4_K_M,Mbpp/473,55,5,Ab2gA-short-v1-Raw,5395028b2d9639c29029148080deb3719efb3a55114032bf5d0ac77e066b3680,d76c27c80137657c9dddb786a8d40d46b78109f116b2a1d4e72a7dc4f8ccc6d1,preregistered_not_executed
176,0b172649582e8d3d98096a10f55749cbd31b40ff8cdf20a5a8afcd801d73b9b4,primary_development_model,qwen3.5:9b,6488c96fa5faab64bb65cbd30d4289e20e6130ef535a93ef9a49f42eda893ea7,Q4_K_M,Mbpp/420,11,1,Ab2gA-short-v1-Raw,6c3f83e6bddb10a3b318a2aaf17c245afdd9c702b980c7e51092f34272d7316a,5a330eb5f1a62a494160e2424fa9ca65e716fcbd8a794aa548366d31a3c04e71,preregistered_not_executed
177,e31ebadfde0156c1aa6d6ba366330e8b33988cd0e520ec53972839362869618c,primary_development_model,qwen3.5:9b,6488c96fa5faab64bb65cbd30d4289e20e6130ef535a93ef9a49f42eda893ea7,Q4_K_M,Mbpp/420,22,2,Ab2gA-short-v1-Raw,6c3f83e6bddb10a3b318a2aaf17c245afdd9c702b980c7e51092f34272d7316a,5a330eb5f1a62a494160e2424fa9ca65e716fcbd8a794aa548366d31a3c04e71,preregistered_not_executed
178,f5009dbeff80ff77e0fd2ea09ffb5c61758fc261216a5f045e5cbcab57d428c3,primary_development_model,qwen3.5:9b,6488c96fa5faab64bb65cbd30d4289e20e6130ef535a93ef9a49f42eda893ea7,Q4_K_M,Mbpp/420,33,3,Ab2gA-short-v1-Raw,6c3f83e6bddb10a3b318a2aaf17c245afdd9c702b980c7e51092f34272d7316a,5a330eb5f1a62a494160e2424fa9ca65e716fcbd8a794aa548366d31a3c04e71,preregistered_not_executed
179,9c53c9980c193f35db2b48abc296afe45754cdb8700d29750607bcfb50b83e36,primary_development_model,qwen3.5:9b,6488c96fa5faab64bb65cbd30d4289e20e6130ef535a93ef9a49f42eda893ea7,Q4_K_M,Mbpp/420,44,4,Ab2gA-short-v1-Raw,6c3f83e6bddb10a3b318a2aaf17c245afdd9c702b980c7e51092f34272d7316a,5a330eb5f1a62a494160e2424fa9ca65e716fcbd8a794aa548366d31a3c04e71,preregistered_not_executed
180,5a2b9837e5a25baa69665bbd2a285b166e242e56ff5dcd2bc647db387593b98e,primary_development_model,qwen3.5:9b,6488c96fa5faab64bb65cbd30d4289e20e6130ef535a93ef9a49f42eda893ea7,Q4_K_M,Mbpp/420,55,5,Ab2gA-short-v1-Raw,6c3f83e6bddb10a3b318a2aaf17c245afdd9c702b980c7e51092f34272d7316a,5a330eb5f1a62a494160e2424fa9ca65e716fcbd8a794aa548366d31a3c04e71,preregistered_not_executed
181,bc7daee5af607ccdb090b9e251f656903601eadee15f9467199de69961293c69,primary_development_model,qwen3.5:9b,6488c96fa5faab64bb65cbd30d4289e20e6130ef535a93ef9a49f42eda893ea7,Q4_K_M,Mbpp/742,11,1,Ab2gA-short-v1-Raw,b5faa07e70a60759872f35d2ffb98a6ef82e25fcb8ba127e1503966011b225d6,2dec30384de4bc091a4f992da639c8b3ef7dad3b9d06b5783a82c7b17a33e97f,preregistered_not_executed
182,f3fb50e2749b99d505069d190d8fbe90d5be8b92f22c2e0f4f497e5a56663c9d,primary_development_model,qwen3.5:9b,6488c96fa5faab64bb65cbd30d4289e20e6130ef535a93ef9a49f42eda893ea7,Q4_K_M,Mbpp/742,22,2,Ab2gA-short-v1-Raw,b5faa07e70a60759872f35d2ffb98a6ef82e25fcb8ba127e1503966011b225d6,2dec30384de4bc091a4f992da639c8b3ef7dad3b9d06b5783a82c7b17a33e97f,preregistered_not_executed
183,babbafebcb91b751183975fbe36cb1cfbd6347da2da0cf4bf256a3f1e09a2dd1,primary_development_model,qwen3.5:9b,6488c96fa5faab64bb65cbd30d4289e20e6130ef535a93ef9a49f42eda893ea7,Q4_K_M,Mbpp/742,33,3,Ab2gA-short-v1-Raw,b5faa07e70a60759872f35d2ffb98a6ef82e25fcb8ba127e1503966011b225d6,2dec30384de4bc091a4f992da639c8b3ef7dad3b9d06b5783a82c7b17a33e97f,preregistered_not_executed
184,926b8744d777f195f59b6b6294625d19dcc0f9eae3d1c155f3aededcfe841e72,primary_development_model,qwen3.5:9b,6488c96fa5faab64bb65cbd30d4289e20e6130ef535a93ef9a49f42eda893ea7,Q4_K_M,Mbpp/742,44,4,Ab2gA-short-v1-Raw,b5faa07e70a60759872f35d2ffb98a6ef82e25fcb8ba127e1503966011b225d6,2dec30384de4bc091a4f992da639c8b3ef7dad3b9d06b5783a82c7b17a33e97f,preregistered_not_executed
185,8fd3a4677d9846c8050e59d0f56acabbe3e017fb01d0cca4bd42186a17d3b534,primary_development_model,qwen3.5:9b,6488c96fa5faab64bb65cbd30d4289e20e6130ef535a93ef9a49f42eda893ea7,Q4_K_M,Mbpp/742,55,5,Ab2gA-short-v1-Raw,b5faa07e70a60759872f35d2ffb98a6ef82e25fcb8ba127e1503966011b225d6,2dec30384de4bc091a4f992da639c8b3ef7dad3b9d06b5783a82c7b17a33e97f,preregistered_not_executed
186,0aae20b644248e2abf132d7e9c5fb4d5651881125f260f0670dfee25fb9543f3,primary_development_model,qwen3.5:9b,6488c96fa5faab64bb65cbd30d4289e20e6130ef535a93ef9a49f42eda893ea7,Q4_K_M,Mbpp/279,11,1,Ab2gA-short-v1-Raw,574f80994d371d1747d7b69e1e6a87564933d617bd1e6649ff02b44f50a68ba2,c72dddf47a0bebf162b69b973e1a3d95d063c14f1237b6873ae4a1dae115d557,preregistered_not_executed
187,8ed83e447f2270f5a8a3ed09d8a5914520b7778f5c80158459500f038c914c10,primary_development_model,qwen3.5:9b,6488c96fa5faab64bb65cbd30d4289e20e6130ef535a93ef9a49f42eda893ea7,Q4_K_M,Mbpp/279,22,2,Ab2gA-short-v1-Raw,574f80994d371d1747d7b69e1e6a87564933d617bd1e6649ff02b44f50a68ba2,c72dddf47a0bebf162b69b973e1a3d95d063c14f1237b6873ae4a1dae115d557,preregistered_not_executed
188,167cc69123b94fdb41afdac3195d2dcb1277d4ad5ad3950bee9873781e7eeabe,primary_development_model,qwen3.5:9b,6488c96fa5faab64bb65cbd30d4289e20e6130ef535a93ef9a49f42eda893ea7,Q4_K_M,Mbpp/279,33,3,Ab2gA-short-v1-Raw,574f80994d371d1747d7b69e1e6a87564933d617bd1e6649ff02b44f50a68ba2,c72dddf47a0bebf162b69b973e1a3d95d063c14f1237b6873ae4a1dae115d557,preregistered_not_executed
189,27bd65560c4ec63ae780359955ee31fd7da51536ad2daca43cdd838b6edb88f6,primary_development_model,qwen3.5:9b,6488c96fa5faab64bb65cbd30d4289e20e6130ef535a93ef9a49f42eda893ea7,Q4_K_M,Mbpp/279,44,4,Ab2gA-short-v1-Raw,574f80994d371d1747d7b69e1e6a87564933d617bd1e6649ff02b44f50a68ba2,c72dddf47a0bebf162b69b973e1a3d95d063c14f1237b6873ae4a1dae115d557,preregistered_not_executed
190,36165d499520d78c362982e7ca200d7209dff1e71dff46c876be68b673b6d71e,primary_development_model,qwen3.5:9b,6488c96fa5faab64bb65cbd30d4289e20e6130ef535a93ef9a49f42eda893ea7,Q4_K_M,Mbpp/279,55,5,Ab2gA-short-v1-Raw,574f80994d371d1747d7b69e1e6a87564933d617bd1e6649ff02b44f50a68ba2,c72dddf47a0bebf162b69b973e1a3d95d063c14f1237b6873ae4a1dae115d557,preregistered_not_executed
191,8adb1da812906ebb6dd3018ebab79e04c5d7bfe2afc8bd2ad81f469e94fb2d27,primary_development_model,qwen3.5:9b,6488c96fa5faab64bb65cbd30d4289e20e6130ef535a93ef9a49f42eda893ea7,Q4_K_M,Mbpp/125,11,1,Ab2gA-short-v1-Raw,562bb5a7ed92f063a39d6ab29ffb5e94f07d6dc0eaf4724fdafd9887862ed81e,1428a3f1c722d1d15826394ddc64313ad65908f3a2142a8c011bca3b542ab7e9,preregistered_not_executed
192,556fbd4abe9a8a9499dcbe05cdfdc8643eb7a8f79ea06cfa9d7a8c851ab3b457,primary_development_model,qwen3.5:9b,6488c96fa5faab64bb65cbd30d4289e20e6130ef535a93ef9a49f42eda893ea7,Q4_K_M,Mbpp/125,22,2,Ab2gA-short-v1-Raw,562bb5a7ed92f063a39d6ab29ffb5e94f07d6dc0eaf4724fdafd9887862ed81e,1428a3f1c722d1d15826394ddc64313ad65908f3a2142a8c011bca3b542ab7e9,preregistered_not_executed
193,20051516a4c6c6bc7b3b674d6973806c9da65119714d8ec3d5d87f758f7db282,primary_development_model,qwen3.5:9b,6488c96fa5faab64bb65cbd30d4289e20e6130ef535a93ef9a49f42eda893ea7,Q4_K_M,Mbpp/125,33,3,Ab2gA-short-v1-Raw,562bb5a7ed92f063a39d6ab29ffb5e94f07d6dc0eaf4724fdafd9887862ed81e,1428a3f1c722d1d15826394ddc64313ad65908f3a2142a8c011bca3b542ab7e9,preregistered_not_executed
194,02c5cd087cc35975148b97fd595dbc4442745f2b07036dfebe1f5c5ebe2483fb,primary_development_model,qwen3.5:9b,6488c96fa5faab64bb65cbd30d4289e20e6130ef535a93ef9a49f42eda893ea7,Q4_K_M,Mbpp/125,44,4,Ab2gA-short-v1-Raw,562bb5a7ed92f063a39d6ab29ffb5e94f07d6dc0eaf4724fdafd9887862ed81e,1428a3f1c722d1d15826394ddc64313ad65908f3a2142a8c011bca3b542ab7e9,preregistered_not_executed
195,d88b15d57a6229e50a3438e215c06ec6b6f30fa3c1c7e7fc41dbae189cc590ec,primary_development_model,qwen3.5:9b,6488c96fa5faab64bb65cbd30d4289e20e6130ef535a93ef9a49f42eda893ea7,Q4_K_M,Mbpp/125,55,5,Ab2gA-short-v1-Raw,562bb5a7ed92f063a39d6ab29ffb5e94f07d6dc0eaf4724fdafd9887862ed81e,1428a3f1c722d1d15826394ddc64313ad65908f3a2142a8c011bca3b542ab7e9,preregistered_not_executed
196,9e1195aa453b37587f3be392392185aaa9ceaffd563a49c8024d8530401f4f79,primary_development_model,qwen3.5:9b,6488c96fa5faab64bb65cbd30d4289e20e6130ef535a93ef9a49f42eda893ea7,Q4_K_M,Mbpp/603,11,1,Ab2gA-short-v1-Raw,f20d6d6d8709a1a36a8b2f81498751bf2178855d453ff878f86afc91c2a9181b,60d4bcb646fae4f9b3a0af4c9378ed2d5b605ac840dab2f5d7fce713182b281d,preregistered_not_executed
197,917248cfba3954267cbb9473c24ebbc8e8de3a5c5875b434341f5e6ea96df2cb,primary_development_model,qwen3.5:9b,6488c96fa5faab64bb65cbd30d4289e20e6130ef535a93ef9a49f42eda893ea7,Q4_K_M,Mbpp/603,22,2,Ab2gA-short-v1-Raw,f20d6d6d8709a1a36a8b2f81498751bf2178855d453ff878f86afc91c2a9181b,60d4bcb646fae4f9b3a0af4c9378ed2d5b605ac840dab2f5d7fce713182b281d,preregistered_not_executed
198,bececccd0fa8edf9cb2f817cf21bdbb69a7767934b9286c191858421d327505f,primary_development_model,qwen3.5:9b,6488c96fa5faab64bb65cbd30d4289e20e6130ef535a93ef9a49f42eda893ea7,Q4_K_M,Mbpp/603,33,3,Ab2gA-short-v1-Raw,f20d6d6d8709a1a36a8b2f81498751bf2178855d453ff878f86afc91c2a9181b,60d4bcb646fae4f9b3a0af4c9378ed2d5b605ac840dab2f5d7fce713182b281d,preregistered_not_executed
199,58aacdfa684c35b3d49140987618ce8fce2c3087540cd789fd3c44b0af10e72f,primary_development_model,qwen3.5:9b,6488c96fa5faab64bb65cbd30d4289e20e6130ef535a93ef9a49f42eda893ea7,Q4_K_M,Mbpp/603,44,4,Ab2gA-short-v1-Raw,f20d6d6d8709a1a36a8b2f81498751bf2178855d453ff878f86afc91c2a9181b,60d4bcb646fae4f9b3a0af4c9378ed2d5b605ac840dab2f5d7fce713182b281d,preregistered_not_executed
200,8f00cbb9f00a81259dedbdec6acf63aca510b7c2f1cc4a3e0e050283fc95987c,primary_development_model,qwen3.5:9b,6488c96fa5faab64bb65cbd30d4289e20e6130ef535a93ef9a49f42eda893ea7,Q4_K_M,Mbpp/603,55,5,Ab2gA-short-v1-Raw,f20d6d6d8709a1a36a8b2f81498751bf2178855d453ff878f86afc91c2a9181b,60d4bcb646fae4f9b3a0af4c9378ed2d5b605ac840dab2f5d7fce713182b281d,preregistered_not_executed
