cell_id,cohort,task_id,h2_provenance_candidate,h4_transformed,raw_known_pass,raw_known_pass_authority,execution_safety_status,input_sha256,h2_input_sha256,post_h2_sha256,post_h3_sha256,final_sha256,h2_moved_assert_line,h4_moved_print_line,public_fingerprint_evidence_path,h2_provenance_confirmed,first_effective_rule,rules_applied,parse_before,parse_after_h1,parse_after_h2,parse_after_h3,parse_after_h4
5cf5f47f61eb277270a2b00bb520337761f530411f7b823753d687e993d552db,Existing600,Mbpp/769,True,True,False,artifacts/public_benchmark_governance/healer_h0_h1_functional_evaluation_v1/paired_analysis_run_001/paired_cell_results.csv,not_established,aacade88ab9090fec966b9ed4e8750c0ded0f47a98276757d86f137a182ae501,aacade88ab9090fec966b9ed4e8750c0ded0f47a98276757d86f137a182ae501,2345054b71400f33841adbe3d503a1ea171f57a80bdf67b1b4cbd9e106f2ef25,2345054b71400f33841adbe3d503a1ea171f57a80bdf67b1b4cbd9e106f2ef25,f78451aac3361a18dfa1f6cb091245f27f737ada9874d34e7b699e51536d2258,12,13,data/mbpp_plus/tasks.jsonl#Mbpp/769,True,module_assert_entrypoint_selftest_quarantine_v0,module_assert_entrypoint_selftest_quarantine_v0;top_level_demo_print_quarantine_v0,True,True,True,True,True
2aff820170740110c5d5921d9ff20972f3cd1e5822b76a66c626b89d218e36a1,Existing600,Mbpp/259,True,True,False,artifacts/public_benchmark_governance/healer_h0_h1_functional_evaluation_v1/paired_analysis_run_001/paired_cell_results.csv,not_established,311300d02768d51ef96b1b8f75554b88ad66a9d85975f90ce8678c26f5d1a2ee,311300d02768d51ef96b1b8f75554b88ad66a9d85975f90ce8678c26f5d1a2ee,922c1bdc4a51e6f8a7db7f9fdda1119183cd89ee44b3fa910ce0171af10d2a14,922c1bdc4a51e6f8a7db7f9fdda1119183cd89ee44b3fa910ce0171af10d2a14,8cdd75163f624d8e1731b6f443eeb3d81809beb1285131c99bdb36dcea9f70c3,28,29,data/mbpp_plus/tasks.jsonl#Mbpp/259,True,module_assert_entrypoint_selftest_quarantine_v0,module_assert_entrypoint_selftest_quarantine_v0;top_level_demo_print_quarantine_v0,True,True,True,True,True
1a9c146178f86f2b8c0c9f2c4294bcaf4676dd9364adbf8b177edc63ede1f6da,Existing600,Mbpp/792,True,True,True,artifacts/public_benchmark_governance/healer_h0_h1_functional_evaluation_v1/paired_analysis_run_001/paired_cell_results.csv,not_established,dd4f61780121a5efa2913fc33871e47abc487a4fc71074c0eb1699ebbe8483e9,dd4f61780121a5efa2913fc33871e47abc487a4fc71074c0eb1699ebbe8483e9,755a74431d09f8a59cecbb608c5176117702f5124dbf694ce128f323d347f6cb,755a74431d09f8a59cecbb608c5176117702f5124dbf694ce128f323d347f6cb,aae3229db6b2498e96a358d2234bccc83992c103b245729523236ad7e54dbf38,16,17,data/mbpp_plus/tasks.jsonl#Mbpp/792,True,module_assert_entrypoint_selftest_quarantine_v0,module_assert_entrypoint_selftest_quarantine_v0;top_level_demo_print_quarantine_v0,True,True,True,True,True
311372ea8822c819f134040035da9a03b5a91dd0194096b2cd8db820c52f869e,Existing600,Mbpp/792,True,True,False,artifacts/public_benchmark_governance/healer_h0_h1_functional_evaluation_v1/paired_analysis_run_001/paired_cell_results.csv,not_established,d2fa0d570b590795420f7748f3b8d8c91611459f3a5558a1c695be25d9b4fa99,d2fa0d570b590795420f7748f3b8d8c91611459f3a5558a1c695be25d9b4fa99,65462f44fb19f764f505b4e9c717cd57b508a9efb1925b3f1138e0b12a608195,65462f44fb19f764f505b4e9c717cd57b508a9efb1925b3f1138e0b12a608195,ad3eef0de57348411ec6678e88217a1c59413a73fa6396ffcc60646acf93e1c5,12,12,data/mbpp_plus/tasks.jsonl#Mbpp/792,True,module_assert_entrypoint_selftest_quarantine_v0,module_assert_entrypoint_selftest_quarantine_v0;top_level_demo_print_quarantine_v0,True,True,True,True,True
8c8946dba1095439f5dc7949d22a1eff68ff7c1873efdcf0733e545574b7197a,Existing600,Mbpp/792,True,True,True,artifacts/public_benchmark_governance/healer_h0_h1_functional_evaluation_v1/paired_analysis_run_001/paired_cell_results.csv,not_established,0ce7d253e5ed69beb28dc88e76040891ca5b0ef622ad89f5945a45b79ebe638f,0ce7d253e5ed69beb28dc88e76040891ca5b0ef622ad89f5945a45b79ebe638f,d926185b504fd23a5872e9be707e06460a4af459a706d93f61e13b2792dd2feb,d926185b504fd23a5872e9be707e06460a4af459a706d93f61e13b2792dd2feb,8368bfec751e6c5566f60f02f67e77737015af30c5293c65e194b59606df3f65,16,17,data/mbpp_plus/tasks.jsonl#Mbpp/792,True,module_assert_entrypoint_selftest_quarantine_v0,module_assert_entrypoint_selftest_quarantine_v0;top_level_demo_print_quarantine_v0,True,True,True,True,True
c5854978a72667ab58acb2c125bb4915738dbe14bdf8246ef9f5da285d1e39e7,Existing600,Mbpp/597,True,True,False,artifacts/public_benchmark_governance/healer_h0_h1_functional_evaluation_v1/paired_analysis_run_001/paired_cell_results.csv,not_established,7fc74b8f2259c16db18dd7296a268c6e9c7755ce7aceb1dde964cdac7a8288ba,7fc74b8f2259c16db18dd7296a268c6e9c7755ce7aceb1dde964cdac7a8288ba,fd3be4581a942a48af43e977191da9ff9bd5cf60a57ff5af819a8214d068bfbe,fd3be4581a942a48af43e977191da9ff9bd5cf60a57ff5af819a8214d068bfbe,1c7c24d921d1fbb18ce0fab2372e2a65cd7ac8f9f0269af6ec07cb60860443b8,48,48,data/mbpp_plus/tasks.jsonl#Mbpp/597,True,module_assert_entrypoint_selftest_quarantine_v0,module_assert_entrypoint_selftest_quarantine_v0;top_level_demo_print_quarantine_v0,True,True,True,True,True
75210096a7f83d4187e27c757951462641cb0e96664d048258f912bf3517d65b,Existing600,Mbpp/597,True,True,False,artifacts/public_benchmark_governance/healer_h0_h1_functional_evaluation_v1/paired_analysis_run_001/paired_cell_results.csv,not_established,2d07a3f198def6ffbebdda3d0acca418b60e340f7009b4474a5d9452d32a7884,2d07a3f198def6ffbebdda3d0acca418b60e340f7009b4474a5d9452d32a7884,c96f02fde355aabf42c4da8aec084e836318aaa492d9981e412c08d40f91c838,c96f02fde355aabf42c4da8aec084e836318aaa492d9981e412c08d40f91c838,e5f4af6c119cec51c0a4572f5217114ff38852c1ac9c7bd4fe86d5a346e30f2f,50,50,data/mbpp_plus/tasks.jsonl#Mbpp/597,True,module_assert_entrypoint_selftest_quarantine_v0,module_assert_entrypoint_selftest_quarantine_v0;top_level_demo_print_quarantine_v0,True,True,True,True,True
25e3e9a871fc53476babecac489ebec80e03722f267a0bf33110fe92ba1b4c74,Existing600,Mbpp/777,True,True,False,artifacts/public_benchmark_governance/healer_h0_h1_functional_evaluation_v1/paired_analysis_run_001/paired_cell_results.csv,not_established,6d635291c25bd1e3cf4129947ea907295c9dc37a9a2b2bf7c0f39b03eaa51915,6d635291c25bd1e3cf4129947ea907295c9dc37a9a2b2bf7c0f39b03eaa51915,05c259441cd6d77de5bc387870df91423fc0c6230afff1f9487c2e93dfe284b4,05c259441cd6d77de5bc387870df91423fc0c6230afff1f9487c2e93dfe284b4,8850b01a0874cb11087c941fc9b71c57080eb6977a8eb1a99d5cd0f7dd734a3e,16,17,data/mbpp_plus/tasks.jsonl#Mbpp/777,True,module_assert_entrypoint_selftest_quarantine_v0,module_assert_entrypoint_selftest_quarantine_v0;top_level_demo_print_quarantine_v0,True,True,True,True,True
c27ae64e3c180676ed0fe59cea54d4f2183e801c93224af9c118675bee4018ae,Existing600,Mbpp/162,True,True,True,artifacts/public_benchmark_governance/healer_h0_h1_functional_evaluation_v1/paired_analysis_run_001/paired_cell_results.csv,not_established,8f039ac257ed6c8f5f33c9c9314d0b21dbd515da404b3ef15ff1f20f2bbdcb2a,8f039ac257ed6c8f5f33c9c9314d0b21dbd515da404b3ef15ff1f20f2bbdcb2a,d07a63ad63f6bf60b6b322b8d18c0ab72e67568f61a034eb81122581dfe6516c,d07a63ad63f6bf60b6b322b8d18c0ab72e67568f61a034eb81122581dfe6516c,22b8d324326366a9af84ffe0c70b6dc00ba061fce48ec3593132dd1022b961a0,14,14,data/mbpp_plus/tasks.jsonl#Mbpp/162,True,module_assert_entrypoint_selftest_quarantine_v0,module_assert_entrypoint_selftest_quarantine_v0;top_level_demo_print_quarantine_v0,True,True,True,True,True
a04285f838dfeb7a1ef662974eba22e3e479e2f9f0310673b24ce52e787033d0,Existing600,Mbpp/432,True,True,True,artifacts/public_benchmark_governance/healer_h0_h1_functional_evaluation_v1/paired_analysis_run_001/paired_cell_results.csv,not_established,c52370b4d1f7b3eb2b8f4ef302b5bf33388791ed7e63492a384cdb9564ec1689,c52370b4d1f7b3eb2b8f4ef302b5bf33388791ed7e63492a384cdb9564ec1689,ab4bbf035e88370579da1bee839588d36ba0ea298f9e904c6385217ce7ac1cf0,ab4bbf035e88370579da1bee839588d36ba0ea298f9e904c6385217ce7ac1cf0,7b8e13dc8407058594847f83e3c8d84fdc103b516c63af8018f0fb627fb8c303,24,24,data/mbpp_plus/tasks.jsonl#Mbpp/432,True,module_assert_entrypoint_selftest_quarantine_v0,module_assert_entrypoint_selftest_quarantine_v0;top_level_demo_print_quarantine_v0,True,True,True,True,True
4e816131e302126d073acf77276789c01ef374dfa3c094914ca819a4638fb71d,Existing600,Mbpp/432,True,True,True,artifacts/public_benchmark_governance/healer_h0_h1_functional_evaluation_v1/paired_analysis_run_001/paired_cell_results.csv,not_established,faf20e1d107074835b0b97f81c4549e34dedac1fd8fbdb6e4d8a2af6cf550d31,faf20e1d107074835b0b97f81c4549e34dedac1fd8fbdb6e4d8a2af6cf550d31,97c33504f0f342ae03a93cf4b613607d6dfb3148434dc5beae3e10bca16061f5,97c33504f0f342ae03a93cf4b613607d6dfb3148434dc5beae3e10bca16061f5,06af065c9d6082cb98b76b9e4e158a679e221d447a34eb00549817f467ba1982,21,21,data/mbpp_plus/tasks.jsonl#Mbpp/432,True,module_assert_entrypoint_selftest_quarantine_v0,module_assert_entrypoint_selftest_quarantine_v0;top_level_demo_print_quarantine_v0,True,True,True,True,True
0e65cb3c40b3b766f5c4d54dd3aa7934d91ecd8c355f2e2e44e82fc405cd2e07,Existing600,Mbpp/14,True,True,True,artifacts/public_benchmark_governance/healer_h0_h1_functional_evaluation_v1/paired_analysis_run_001/paired_cell_results.csv,not_established,ff9f38b28685e0de78fd933d29868faadeba1a2860ba404b1fdc4b8372f99725,ff9f38b28685e0de78fd933d29868faadeba1a2860ba404b1fdc4b8372f99725,9245d7939fc7f69f5575e8396a68ba63941395726732e688ddc7975b0004c917,9245d7939fc7f69f5575e8396a68ba63941395726732e688ddc7975b0004c917,6d8c6a850bb3524be07ff92f4a1296d55739ab419e98d823cd1b72ac37a10e1a,24,24,data/mbpp_plus/tasks.jsonl#Mbpp/14,True,module_assert_entrypoint_selftest_quarantine_v0,module_assert_entrypoint_selftest_quarantine_v0;top_level_demo_print_quarantine_v0,True,True,True,True,True
de4b82e822e10e693e31ab767fd3882411344687a70756da3162034bb19f341c,Existing600,Mbpp/14,True,True,True,artifacts/public_benchmark_governance/healer_h0_h1_functional_evaluation_v1/paired_analysis_run_001/paired_cell_results.csv,not_established,96a08edc475cfcefd691a2be457f0a2f18e1cfff508d56a62f3726661237e1db,96a08edc475cfcefd691a2be457f0a2f18e1cfff508d56a62f3726661237e1db,8a39dc52c9eef6e1621b1e901cd308fd9a4bf8cb9524e152ecc05e9c90938f4d,8a39dc52c9eef6e1621b1e901cd308fd9a4bf8cb9524e152ecc05e9c90938f4d,bb17bea0d7c6fea04d65e74d6cbf0cf779b08e46a4dec943d891c609c31da1fe,26,26,data/mbpp_plus/tasks.jsonl#Mbpp/14,True,module_assert_entrypoint_selftest_quarantine_v0,module_assert_entrypoint_selftest_quarantine_v0;top_level_demo_print_quarantine_v0,True,True,True,True,True
9dc1fdec55bc6d2fefaf9db49d64bc9fb9c91e9c0ca438ad4c4ba591109d2b03,Existing600,Mbpp/14,True,True,True,artifacts/public_benchmark_governance/healer_h0_h1_functional_evaluation_v1/paired_analysis_run_001/paired_cell_results.csv,not_established,e636ae5ba1792c665040197e6f51b0d5b1015f6e14c7975f1877eaaac1855a50,e636ae5ba1792c665040197e6f51b0d5b1015f6e14c7975f1877eaaac1855a50,9a9c0f6009a2af5ecddff9e3e222404342bc50f03061723ffaf5584a32a901ba,9a9c0f6009a2af5ecddff9e3e222404342bc50f03061723ffaf5584a32a901ba,a347c932f48471935d2d0dc719935c61c28e9a92b7deed2e69bd2904c2410483,19,19,data/mbpp_plus/tasks.jsonl#Mbpp/14,True,module_assert_entrypoint_selftest_quarantine_v0,module_assert_entrypoint_selftest_quarantine_v0;top_level_demo_print_quarantine_v0,True,True,True,True,True
de95997ff2832c74e8b30419886637f657346342193256966ae708584312b795,Existing600,Mbpp/622,True,True,False,artifacts/public_benchmark_governance/healer_h0_h1_functional_evaluation_v1/paired_analysis_run_001/paired_cell_results.csv,not_established,d8b1194f6f811cc1040842352522e32297f00ce29c5eb01203bd7044989bd50a,d8b1194f6f811cc1040842352522e32297f00ce29c5eb01203bd7044989bd50a,d666f874b7aecda65593d60194121b3c6de90b8cba5b716cedd4dafe5ff4da91,d666f874b7aecda65593d60194121b3c6de90b8cba5b716cedd4dafe5ff4da91,cdfa02a76f5718ac3f80a087d8bfe1384cbbd78bf44095d4800cd5ae3bef2a3f,39,39,data/mbpp_plus/tasks.jsonl#Mbpp/622,True,module_assert_entrypoint_selftest_quarantine_v0,module_assert_entrypoint_selftest_quarantine_v0;top_level_demo_print_quarantine_v0,True,True,True,True,True
373a031aea5af64ed1e5e1a90af2bf979f56079159cad4186c6199400886dea2,Existing600,Mbpp/410,True,True,False,artifacts/public_benchmark_governance/healer_h0_h1_functional_evaluation_v1/paired_analysis_run_001/paired_cell_results.csv,not_established,fb04c6af1103b362858c5037d4775fb28bf99871cc2b6d64c50056a607a15f05,fb04c6af1103b362858c5037d4775fb28bf99871cc2b6d64c50056a607a15f05,4717e125a620b683e671f83edececc3bd1811235802b6a71929448c7a85e00d5,4717e125a620b683e671f83edececc3bd1811235802b6a71929448c7a85e00d5,607cf050aa123b25866228b76f57f9855a12558fecfdce0c24e1a19726ef3d4f,24,24,data/mbpp_plus/tasks.jsonl#Mbpp/410,True,module_assert_entrypoint_selftest_quarantine_v0,module_assert_entrypoint_selftest_quarantine_v0;top_level_demo_print_quarantine_v0,True,True,True,True,True
a568e23111b476a683c7a585b74cfaaaf93ea7fdbcb0faab3909066f07e4f406,Existing600,Mbpp/99,True,True,False,artifacts/public_benchmark_governance/healer_h0_h1_functional_evaluation_v1/paired_analysis_run_001/paired_cell_results.csv,not_established,252a357cbc3a15f2834a3314a5ec8ed892551ce2600842c7daccb4d4b2f6f1a4,252a357cbc3a15f2834a3314a5ec8ed892551ce2600842c7daccb4d4b2f6f1a4,d1c9bf4b49047dac8c6f808a6a3483a48c70fdbb80442bde09f73b67b0ef84c8,d1c9bf4b49047dac8c6f808a6a3483a48c70fdbb80442bde09f73b67b0ef84c8,10ca8a7046997b5fca87ed17c07e351383f283f1c3d2d0bbc42a116b1f1829b6,22,22,data/mbpp_plus/tasks.jsonl#Mbpp/99,True,module_assert_entrypoint_selftest_quarantine_v0,module_assert_entrypoint_selftest_quarantine_v0;top_level_demo_print_quarantine_v0,True,True,True,True,True
009d4270577e67684d9fddc2f1f3cd49181871162bfb6a5eb019954de8f7f2c6,Existing600,Mbpp/99,True,True,False,artifacts/public_benchmark_governance/healer_h0_h1_functional_evaluation_v1/paired_analysis_run_001/paired_cell_results.csv,not_established,25e69ba4e7f4cc6f96cdddef87605ac676ed1099dfc6a799c7b129ef6dd7abc2,25e69ba4e7f4cc6f96cdddef87605ac676ed1099dfc6a799c7b129ef6dd7abc2,3acf06601f56d0f67bcc5d0628f44209dba076957d94a1ffd90630ce40aa3978,3acf06601f56d0f67bcc5d0628f44209dba076957d94a1ffd90630ce40aa3978,351068541d53d21a91424587d456d101aa8f58d89d0daaa1305dbe5cf739f55d,22,22,data/mbpp_plus/tasks.jsonl#Mbpp/99,True,module_assert_entrypoint_selftest_quarantine_v0,module_assert_entrypoint_selftest_quarantine_v0;top_level_demo_print_quarantine_v0,True,True,True,True,True
a2cc48fce08ce5f0c2975b0d6e768c26c98f98b2be819f6ce45f08a019d1bb3d,Existing600,Mbpp/99,True,True,False,artifacts/public_benchmark_governance/healer_h0_h1_functional_evaluation_v1/paired_analysis_run_001/paired_cell_results.csv,not_established,eadbb4e59e766f13086cdf362531c0e3f63405ad0e7bb611f759f2cdb7b4a87f,eadbb4e59e766f13086cdf362531c0e3f63405ad0e7bb611f759f2cdb7b4a87f,681a6e93ab9370138871f963862ebdb2c7a9b1edb49bc69ec5f26d64043a75fa,681a6e93ab9370138871f963862ebdb2c7a9b1edb49bc69ec5f26d64043a75fa,b0d7553cdaa3c37865ccf0a3c9eb91615fd02e96324069d3dd330c02d5094da7,22,22,data/mbpp_plus/tasks.jsonl#Mbpp/99,True,module_assert_entrypoint_selftest_quarantine_v0,module_assert_entrypoint_selftest_quarantine_v0;top_level_demo_print_quarantine_v0,True,True,True,True,True
e957a57cc0773da07e4ff9c08a8e526fcd9b0eb2795a80f0f57d5982a0f2a72d,Existing600,Mbpp/103,True,True,False,artifacts/public_benchmark_governance/healer_h0_h1_functional_evaluation_v1/paired_analysis_run_001/paired_cell_results.csv,not_established,32cbd502e315d047180f0deacf01fb1b1a310ea6a7f3b0e8bb58327aafc98b02,32cbd502e315d047180f0deacf01fb1b1a310ea6a7f3b0e8bb58327aafc98b02,f0ff32e22ccff88cb750c9215bce26b8c7dfc4d7b9cdf8cef4d0f3acbab6f672,f0ff32e22ccff88cb750c9215bce26b8c7dfc4d7b9cdf8cef4d0f3acbab6f672,dab178033e473186ec9ba44beb8f365cb3053408529063dcbb60fea79c848f1c,35,35,data/mbpp_plus/tasks.jsonl#Mbpp/103,True,module_assert_entrypoint_selftest_quarantine_v0,module_assert_entrypoint_selftest_quarantine_v0;top_level_demo_print_quarantine_v0,True,True,True,True,True
4d6f3d7357512892a74ca7c81984ab29c516d2cfa114d5b3edbd699b34c97419,Existing600,Mbpp/427,True,True,False,artifacts/public_benchmark_governance/healer_h0_h1_functional_evaluation_v1/paired_analysis_run_001/paired_cell_results.csv,not_established,894284738d9ae5808262665215474c3e0ffcffa59f2b6b5c48858e94179d8cdf,894284738d9ae5808262665215474c3e0ffcffa59f2b6b5c48858e94179d8cdf,5314e735b742bab10a8f8c64057f9d4abc53c756e13f10f70897214b66207c04,5314e735b742bab10a8f8c64057f9d4abc53c756e13f10f70897214b66207c04,e0fa4a2169ef4b3e737f69ebb31d65a9c89bad159b823b2e1f184f4833d81ff8,17,17,data/mbpp_plus/tasks.jsonl#Mbpp/427,True,module_assert_entrypoint_selftest_quarantine_v0,module_assert_entrypoint_selftest_quarantine_v0;top_level_demo_print_quarantine_v0,True,True,True,True,True
7cfcc65ab6eb1e6d9b680f24b3d3e01f5e867480bbb5b4d3861b24ddbcf3a020,Existing600,Mbpp/427,True,True,False,artifacts/public_benchmark_governance/healer_h0_h1_functional_evaluation_v1/paired_analysis_run_001/paired_cell_results.csv,not_established,b10c7a61db0c22203fa2114eed99cf4fb17174589b4b264994cfa7601ab15f42,b10c7a61db0c22203fa2114eed99cf4fb17174589b4b264994cfa7601ab15f42,4d8a494d51de6ba1e303bdea8a0d882ffcad382fc77dd264028e26c2744d523c,4d8a494d51de6ba1e303bdea8a0d882ffcad382fc77dd264028e26c2744d523c,ca98978343c652dad142367883d32dd1e27f32b6bacd967f49741720f3534d4c,23,23,data/mbpp_plus/tasks.jsonl#Mbpp/427,True,module_assert_entrypoint_selftest_quarantine_v0,module_assert_entrypoint_selftest_quarantine_v0;top_level_demo_print_quarantine_v0,True,True,True,True,True
d77014163015c3a4457d110d18249cf7f6eda0c6ff7d545427147dccf798d50e,Existing600,Mbpp/771,True,True,False,artifacts/public_benchmark_governance/healer_h0_h1_functional_evaluation_v1/paired_analysis_run_001/paired_cell_results.csv,not_established,1ac5e438c28b153cbb959b66858a883fcc79d87083991d6ff50c834a63d8c597,1ac5e438c28b153cbb959b66858a883fcc79d87083991d6ff50c834a63d8c597,73123a9ad9d8172418825f2420de8fbd662b0b329649eb4f7d817a81d3ae3c28,73123a9ad9d8172418825f2420de8fbd662b0b329649eb4f7d817a81d3ae3c28,8cf9aeac84d5abd081257a52ec4154099389168bef74de62e69739ccdc1a74ba,24,24,data/mbpp_plus/tasks.jsonl#Mbpp/771,True,module_assert_entrypoint_selftest_quarantine_v0,module_assert_entrypoint_selftest_quarantine_v0;top_level_demo_print_quarantine_v0,True,True,True,True,True
89770d55582f17519f8b6e39530375ec6e0d58b3a98f501b3642b6d27db1a2e3,Existing600,Mbpp/771,True,True,False,artifacts/public_benchmark_governance/healer_h0_h1_functional_evaluation_v1/paired_analysis_run_001/paired_cell_results.csv,not_established,d4a477c235c0fd049fbfd6963e5bbc46b7474cca11875386a728f0eb77efa0e5,d4a477c235c0fd049fbfd6963e5bbc46b7474cca11875386a728f0eb77efa0e5,9515adf91babeed3dc32d6d3323491efdc7a4c7b616489fe43bbeee9a665a49b,9515adf91babeed3dc32d6d3323491efdc7a4c7b616489fe43bbeee9a665a49b,d77756224a47cafd8e15fa6f42081001148085be55b62d0b23ecd89ba2ede638,19,19,data/mbpp_plus/tasks.jsonl#Mbpp/771,True,module_assert_entrypoint_selftest_quarantine_v0,module_assert_entrypoint_selftest_quarantine_v0;top_level_demo_print_quarantine_v0,True,True,True,True,True
97ee103259a3b8ff2e4cfc1d3f21577e6f7f8fc5199e2d2d278c5d2598694141,Existing600,Mbpp/786,True,True,True,artifacts/public_benchmark_governance/healer_h0_h1_functional_evaluation_v1/paired_analysis_run_001/paired_cell_results.csv,not_established,de1f53c4a9575f8acd12b61ea2c98229e494efb42c83f64bbb596f55652fb6c2,de1f53c4a9575f8acd12b61ea2c98229e494efb42c83f64bbb596f55652fb6c2,8d74029dfc554512d821d516022fd7e0634bfd3c4d3e5b056181c80897dc1dda,8d74029dfc554512d821d516022fd7e0634bfd3c4d3e5b056181c80897dc1dda,68021c016f3768e8d7274896df2167966997a6bfda2553e38f7521919cbfd776,40,40,data/mbpp_plus/tasks.jsonl#Mbpp/786,True,module_assert_entrypoint_selftest_quarantine_v0,module_assert_entrypoint_selftest_quarantine_v0;top_level_demo_print_quarantine_v0,True,True,True,True,True
64b356d3b90b86fc83771c3489acdcbc84286a59294adba95222c9597ae0e654,Existing600,Mbpp/118,True,True,True,artifacts/public_benchmark_governance/healer_h0_h1_functional_evaluation_v1/paired_analysis_run_001/paired_cell_results.csv,not_established,9907682fc8a68ddd789f4ec792b70c28bc76964416c94e0351524cae23d22710,9907682fc8a68ddd789f4ec792b70c28bc76964416c94e0351524cae23d22710,72d7d916a8728f883b8efa6ce8ed713a5048146c8d07d949190f310c8e940281,72d7d916a8728f883b8efa6ce8ed713a5048146c8d07d949190f310c8e940281,f54f474c25294fab2c29f95f0258d2332eca4ac31ab60b57b8e28a0dd1305f78,7,7,data/mbpp_plus/tasks.jsonl#Mbpp/118,True,module_assert_entrypoint_selftest_quarantine_v0,module_assert_entrypoint_selftest_quarantine_v0;top_level_demo_print_quarantine_v0,True,True,True,True,True
dd53733c7b64ec2a419df722ad4e16507d33e87a1dc99a20a5b40d0436e7f638,Existing600,Mbpp/118,True,True,True,artifacts/public_benchmark_governance/healer_h0_h1_functional_evaluation_v1/paired_analysis_run_001/paired_cell_results.csv,not_established,f517094075d37772fb02043e200f5343a9593ba42d15eba18944e9f52d150350,f517094075d37772fb02043e200f5343a9593ba42d15eba18944e9f52d150350,95d9a7d1a8936d39b5e81f80fb95421b550393b8063f146a67c45f713332f28d,95d9a7d1a8936d39b5e81f80fb95421b550393b8063f146a67c45f713332f28d,1c6a7215f20fc4f5647c81fdef6275285ea115aba83861e69a8262d991652de8,8,8,data/mbpp_plus/tasks.jsonl#Mbpp/118,True,module_assert_entrypoint_selftest_quarantine_v0,module_assert_entrypoint_selftest_quarantine_v0;top_level_demo_print_quarantine_v0,True,True,True,True,True
0e456de81e557b123b04f8963db3510df506ac8efa24e341606ac89f364fc5f9,Existing600,Mbpp/118,True,True,False,artifacts/public_benchmark_governance/healer_h0_h1_functional_evaluation_v1/paired_analysis_run_001/paired_cell_results.csv,not_established,1f82e19ba160bbe431a8a47dd0478c453306e6adcd9ef4d77c7d3f1543fe05b3,1f82e19ba160bbe431a8a47dd0478c453306e6adcd9ef4d77c7d3f1543fe05b3,675dfa4752354f072ba08c72d1b0cf9e30b6fe35a1d3cdb0fb04f0334c1ec5ea,675dfa4752354f072ba08c72d1b0cf9e30b6fe35a1d3cdb0fb04f0334c1ec5ea,2c3f0da8dc5d7a6f24dd05db1e60c08a736ec831d3d15af32897f883e9ac4248,8,8,data/mbpp_plus/tasks.jsonl#Mbpp/118,True,module_assert_entrypoint_selftest_quarantine_v0,module_assert_entrypoint_selftest_quarantine_v0;top_level_demo_print_quarantine_v0,True,True,True,True,True
eec9ac54433a6008f72b3897a43f22737d24d45280d6cf2ad086ab223d3e2da9,Existing600,Mbpp/118,True,True,True,artifacts/public_benchmark_governance/healer_h0_h1_functional_evaluation_v1/paired_analysis_run_001/paired_cell_results.csv,not_established,0a70cfb26cbe50c06a9c551d3c9696e109a56da506a98c4a40ae43804e23430e,0a70cfb26cbe50c06a9c551d3c9696e109a56da506a98c4a40ae43804e23430e,b6a210b5ad8c6b43ab7be4fb3bb147ec5c1855217808669eeea4762f0f5b1217,b6a210b5ad8c6b43ab7be4fb3bb147ec5c1855217808669eeea4762f0f5b1217,d260e79be6fcf79daf658dd82f229f5e06e7b7674c379cc5f70c98f3c15b3da1,7,7,data/mbpp_plus/tasks.jsonl#Mbpp/118,True,module_assert_entrypoint_selftest_quarantine_v0,module_assert_entrypoint_selftest_quarantine_v0;top_level_demo_print_quarantine_v0,True,True,True,True,True
f18593d884888130e8494360989794ae89fdb6057d63a8ef8dc97f40c760053a,Existing600,Mbpp/118,True,True,True,artifacts/public_benchmark_governance/healer_h0_h1_functional_evaluation_v1/paired_analysis_run_001/paired_cell_results.csv,not_established,f517094075d37772fb02043e200f5343a9593ba42d15eba18944e9f52d150350,f517094075d37772fb02043e200f5343a9593ba42d15eba18944e9f52d150350,95d9a7d1a8936d39b5e81f80fb95421b550393b8063f146a67c45f713332f28d,95d9a7d1a8936d39b5e81f80fb95421b550393b8063f146a67c45f713332f28d,1c6a7215f20fc4f5647c81fdef6275285ea115aba83861e69a8262d991652de8,8,8,data/mbpp_plus/tasks.jsonl#Mbpp/118,True,module_assert_entrypoint_selftest_quarantine_v0,module_assert_entrypoint_selftest_quarantine_v0;top_level_demo_print_quarantine_v0,True,True,True,True,True
16f4ade3e076cfbe7720c4885d9a86c325ee0daa9aeaca29cf4cb8641700b5dc,Existing600,Mbpp/748,True,True,False,artifacts/public_benchmark_governance/healer_h0_h1_functional_evaluation_v1/paired_analysis_run_001/paired_cell_results.csv,not_established,2f41edc05002c088edc1d57c2db653b7216f85a2af157da3ca1ab8948b94f8a9,2f41edc05002c088edc1d57c2db653b7216f85a2af157da3ca1ab8948b94f8a9,130a7991174813a5a79507ae8d7a3c94a1031bbeaea2d3c4b931b44fd95b57ef,130a7991174813a5a79507ae8d7a3c94a1031bbeaea2d3c4b931b44fd95b57ef,60ec7cbc3245cd12ad8fecd96f7a78475c8de432610b4cadfea1f8eaa755d8e7,40,40,data/mbpp_plus/tasks.jsonl#Mbpp/748,True,module_assert_entrypoint_selftest_quarantine_v0,module_assert_entrypoint_selftest_quarantine_v0;top_level_demo_print_quarantine_v0,True,True,True,True,True
4fe12127aca8f29a24450b9c223464a526ad840fb31d3ac057a53c93afee69f2,Existing600,Mbpp/787,True,True,True,artifacts/public_benchmark_governance/healer_h0_h1_functional_evaluation_v1/paired_analysis_run_001/paired_cell_results.csv,not_established,78d0f024376573d8ff4ca28a2151c836ac1af5ac53c6916fe8ec3637af63f3e6,78d0f024376573d8ff4ca28a2151c836ac1af5ac53c6916fe8ec3637af63f3e6,0c4facc00d78291dc1c455bee9bfa224de90894adb102d0bc47626e9f747a479,0c4facc00d78291dc1c455bee9bfa224de90894adb102d0bc47626e9f747a479,ce3aa0487809cf86fccdbe1b2a9d8c58fe5a20aa9acc302d6f13b2da31b13e38,10,10,data/mbpp_plus/tasks.jsonl#Mbpp/787,True,module_assert_entrypoint_selftest_quarantine_v0,module_assert_entrypoint_selftest_quarantine_v0;top_level_demo_print_quarantine_v0,True,True,True,True,True
70e761bf0aa55fa9f71954b42f3e787da3504b334a2acb90b94a1a56ac35345a,Existing600,Mbpp/787,True,True,True,artifacts/public_benchmark_governance/healer_h0_h1_functional_evaluation_v1/paired_analysis_run_001/paired_cell_results.csv,not_established,3cf97fd327ace7460a9a0d8d6f117e107bd14a51fb047d83941cfa00e3a73b9f,3cf97fd327ace7460a9a0d8d6f117e107bd14a51fb047d83941cfa00e3a73b9f,21071bf7ff8f967a0eb04b995edd9acfb1924074ca8494575461f53d7b403dd8,21071bf7ff8f967a0eb04b995edd9acfb1924074ca8494575461f53d7b403dd8,c9ffb829cb57783d361a60d06984bc489e6a7d2ce09e73447ff44e14e6b30e2e,10,10,data/mbpp_plus/tasks.jsonl#Mbpp/787,True,module_assert_entrypoint_selftest_quarantine_v0,module_assert_entrypoint_selftest_quarantine_v0;top_level_demo_print_quarantine_v0,True,True,True,True,True
78ee00eed1b88622dd2331e272df7e7adb096e488430cea9b7ee46ac8d90c3d5,Existing600,Mbpp/787,True,True,False,artifacts/public_benchmark_governance/healer_h0_h1_functional_evaluation_v1/paired_analysis_run_001/paired_cell_results.csv,not_established,596d2fd815e213730aca3782be03f1bb7b4649583a89724b696a52186d058beb,596d2fd815e213730aca3782be03f1bb7b4649583a89724b696a52186d058beb,5190fa09114acc6e2f079004d31e49bcfc81631a5dafd000014a5b28824cf7a9,5190fa09114acc6e2f079004d31e49bcfc81631a5dafd000014a5b28824cf7a9,e6be6709bb8320a3f7695da7f8855457eb53069ac68daebca60f87a0fd65f1a1,10,10,data/mbpp_plus/tasks.jsonl#Mbpp/787,True,module_assert_entrypoint_selftest_quarantine_v0,module_assert_entrypoint_selftest_quarantine_v0;top_level_demo_print_quarantine_v0,True,True,True,True,True
dd1c31a41cdfe32829205d13107e3381ecd574774515a5671f4de65a744be824,Existing600,Mbpp/787,True,True,True,artifacts/public_benchmark_governance/healer_h0_h1_functional_evaluation_v1/paired_analysis_run_001/paired_cell_results.csv,not_established,3cf97fd327ace7460a9a0d8d6f117e107bd14a51fb047d83941cfa00e3a73b9f,3cf97fd327ace7460a9a0d8d6f117e107bd14a51fb047d83941cfa00e3a73b9f,21071bf7ff8f967a0eb04b995edd9acfb1924074ca8494575461f53d7b403dd8,21071bf7ff8f967a0eb04b995edd9acfb1924074ca8494575461f53d7b403dd8,c9ffb829cb57783d361a60d06984bc489e6a7d2ce09e73447ff44e14e6b30e2e,10,10,data/mbpp_plus/tasks.jsonl#Mbpp/787,True,module_assert_entrypoint_selftest_quarantine_v0,module_assert_entrypoint_selftest_quarantine_v0;top_level_demo_print_quarantine_v0,True,True,True,True,True
c870f2b3dfe1174cbb3f3b21b47c960f5d5832f042644564e11c914ed6090a1a,4B_all_module_level_assert_cells,Mbpp/769,True,True,False,artifacts/public_benchmark_governance/h2_module_assert_quarantine_functional_evaluation_v1/paired_cell_ledger.jsonl,not_established,cbad2090599c028a424d73ab2d0dce0a42b4fc76accb4b41badd1623bffd608e,cbad2090599c028a424d73ab2d0dce0a42b4fc76accb4b41badd1623bffd608e,436ceffc74cc8b78d47a0f92ac010e58ec77a008eda9c8e227469fd0a122bd2b,436ceffc74cc8b78d47a0f92ac010e58ec77a008eda9c8e227469fd0a122bd2b,a780a3aa77c79d3af7326b19bdcb1a5b9de4dc089e582c10b61168913c48f8ea,41,41,data/mbpp_plus/tasks.jsonl#Mbpp/769,True,module_assert_entrypoint_selftest_quarantine_v0,module_assert_entrypoint_selftest_quarantine_v0;top_level_demo_print_quarantine_v0,True,True,True,True,True
f3296791cd4bd8b0b1a4360be891b09590e8ff870fa64354b3f93f0815566005,4B_all_module_level_assert_cells,Mbpp/259,True,True,False,artifacts/public_benchmark_governance/h2_module_assert_quarantine_functional_evaluation_v1/paired_cell_ledger.jsonl,not_established,7683c702d6d4ac4776056ffe99a77d7d6e9855afa9bb311fba7ccba4b4d108bb,7683c702d6d4ac4776056ffe99a77d7d6e9855afa9bb311fba7ccba4b4d108bb,cc2e8f08a35cc3bb533a2b4fce4a424c991f86f6760010411a485e4e2c490c2a,cc2e8f08a35cc3bb533a2b4fce4a424c991f86f6760010411a485e4e2c490c2a,344be600014e1774b6b2630b4705026bd7c6bc191bd3c7d10037014bcb2335f3,20,21,data/mbpp_plus/tasks.jsonl#Mbpp/259,True,module_assert_entrypoint_selftest_quarantine_v0,module_assert_entrypoint_selftest_quarantine_v0;top_level_demo_print_quarantine_v0,True,True,True,True,True
76357ae036c0668bbe544e454476098691136697f85755dc649c4287c43976f1,4B_all_module_level_assert_cells,Mbpp/435,True,True,True,artifacts/public_benchmark_governance/h2_module_assert_quarantine_functional_evaluation_v1/paired_cell_ledger.jsonl,not_established,cc69cd87f85828ee754c39983e9675cdcbcd1015b981fef2cf78f702f1bc92ca,cc69cd87f85828ee754c39983e9675cdcbcd1015b981fef2cf78f702f1bc92ca,d3a2bd5cea7560c6503d092bb3d5330a769400f9b7ef8a2cedb3e090bf009e23,d3a2bd5cea7560c6503d092bb3d5330a769400f9b7ef8a2cedb3e090bf009e23,256ffcc7225eac5648f5aeba8ceeb35d0f559fa65bee08e1b6262204ecfbbcfb,8,8,data/mbpp_plus/tasks.jsonl#Mbpp/435,True,module_assert_entrypoint_selftest_quarantine_v0,module_assert_entrypoint_selftest_quarantine_v0;top_level_demo_print_quarantine_v0,True,True,True,True,True
8697118ea1b8a4fc01c3e05ca39d341bb7e1a3a4b6cafa6c161d900fb60ff800,4B_all_module_level_assert_cells,Mbpp/732,True,True,True,artifacts/public_benchmark_governance/h2_module_assert_quarantine_functional_evaluation_v1/paired_cell_ledger.jsonl,not_established,c45c3a7be6c98d838956ce34cd2c6e96af30ebf947e7c7c75d8605b119f94b00,c45c3a7be6c98d838956ce34cd2c6e96af30ebf947e7c7c75d8605b119f94b00,53533e184d91fa7ece23681c6e3f73af7788640d670219410fee4085ea3197c2,53533e184d91fa7ece23681c6e3f73af7788640d670219410fee4085ea3197c2,f5d2c54271ee7076547e945e7b8dfb9096a3f9229649700d2ed04145fde7cc0d,18,18,data/mbpp_plus/tasks.jsonl#Mbpp/732,True,module_assert_entrypoint_selftest_quarantine_v0,module_assert_entrypoint_selftest_quarantine_v0;top_level_demo_print_quarantine_v0,True,True,True,True,True
ce124131ae5b20aa5a7797a3503ecc13829ac0ce17a95f83075cd44f6cd015dd,4B_all_module_level_assert_cells,Mbpp/732,True,True,True,artifacts/public_benchmark_governance/h2_module_assert_quarantine_functional_evaluation_v1/paired_cell_ledger.jsonl,not_established,aff91745a03ada00edc44e3c7aa4862d55067e2d26237b805f5e725181185c45,aff91745a03ada00edc44e3c7aa4862d55067e2d26237b805f5e725181185c45,97359e65c019dcc9f433e216d4f73d77e789c6a9654ebf169401988ac1a0bf7c,97359e65c019dcc9f433e216d4f73d77e789c6a9654ebf169401988ac1a0bf7c,c4d7368711f828a5a91f555943fecd698ef33a7bc40e3ed4b460e3c1a291c66d,18,18,data/mbpp_plus/tasks.jsonl#Mbpp/732,True,module_assert_entrypoint_selftest_quarantine_v0,module_assert_entrypoint_selftest_quarantine_v0;top_level_demo_print_quarantine_v0,True,True,True,True,True
83c1140f9dd087d08155a4c477c3e76ae55e2b0d7ecaf644fe6477755151c052,4B_all_module_level_assert_cells,Mbpp/732,True,True,True,artifacts/public_benchmark_governance/h2_module_assert_quarantine_functional_evaluation_v1/paired_cell_ledger.jsonl,not_established,fd81c412c4c855728e338eaaa0740d0ffc3db16650f26674c3338b910e74f6a8,fd81c412c4c855728e338eaaa0740d0ffc3db16650f26674c3338b910e74f6a8,b8a4a5217d184267a10a9e908b03151d8e899a233104999ba5085b32f07615c2,b8a4a5217d184267a10a9e908b03151d8e899a233104999ba5085b32f07615c2,329e6b000037143cdfe3c74eb1588f0e63f448e6261f30ff2ce2880a7b38f610,18,18,data/mbpp_plus/tasks.jsonl#Mbpp/732,True,module_assert_entrypoint_selftest_quarantine_v0,module_assert_entrypoint_selftest_quarantine_v0;top_level_demo_print_quarantine_v0,True,True,True,True,True
ca6b0836129c4778d1403436451c6c1194eb47a3f836a144db97e77630564cea,4B_all_module_level_assert_cells,Mbpp/732,True,True,True,artifacts/public_benchmark_governance/h2_module_assert_quarantine_functional_evaluation_v1/paired_cell_ledger.jsonl,not_established,74731cc78f0d70c7b737338cc2bcfeb5e711308e80152a111795423bfe662cc9,74731cc78f0d70c7b737338cc2bcfeb5e711308e80152a111795423bfe662cc9,e2c4487e3bf385e167a9749e5ff2bba0cd20af750721387870c680450a204cbf,e2c4487e3bf385e167a9749e5ff2bba0cd20af750721387870c680450a204cbf,6a1728738f17cbc358781d1b12b1dced733db9cd47c9d6f8a7d174bc4493689a,21,21,data/mbpp_plus/tasks.jsonl#Mbpp/732,True,module_assert_entrypoint_selftest_quarantine_v0,module_assert_entrypoint_selftest_quarantine_v0;top_level_demo_print_quarantine_v0,True,True,True,True,True
a938af5029a4f44af8282ad4b376d4aaeb12bf5f99429e3e164fdec4bf634079,4B_all_module_level_assert_cells,Mbpp/777,True,True,True,artifacts/public_benchmark_governance/h2_module_assert_quarantine_functional_evaluation_v1/paired_cell_ledger.jsonl,not_established,2b1a0b4602920062aa343d7bb91534184b0a631db041764b30e749dc00dc6fdb,2b1a0b4602920062aa343d7bb91534184b0a631db041764b30e749dc00dc6fdb,e62adc8c072733e0d18cb38af586ee0ec4cf41419d16edb5212f94b23844953e,e62adc8c072733e0d18cb38af586ee0ec4cf41419d16edb5212f94b23844953e,8b5bcb04f19ee16329fa5e928de25fd48bd41db721315cdc81914cc6f5f09508,15,16,data/mbpp_plus/tasks.jsonl#Mbpp/777,True,module_assert_entrypoint_selftest_quarantine_v0,module_assert_entrypoint_selftest_quarantine_v0;top_level_demo_print_quarantine_v0,True,True,True,True,True
e581adf8034f6502d43c86731bc4500240fd961d1b575c1f28ee39fd92defcd9,4B_all_module_level_assert_cells,Mbpp/777,True,True,True,artifacts/public_benchmark_governance/h2_module_assert_quarantine_functional_evaluation_v1/paired_cell_ledger.jsonl,not_established,57d955bdcda70a51437ff4ed8a791ec0f5b49247f7707089014500c7b161fbc2,57d955bdcda70a51437ff4ed8a791ec0f5b49247f7707089014500c7b161fbc2,18df6a2149239946b69b4e7ce8c1ee52f81398db59d5b5afc70b2f7a89985daa,18df6a2149239946b69b4e7ce8c1ee52f81398db59d5b5afc70b2f7a89985daa,347b96a60cda1a89c8d5aa57658ce65e0a25d9bb5809784c5d126e090e9a9f83,15,16,data/mbpp_plus/tasks.jsonl#Mbpp/777,True,module_assert_entrypoint_selftest_quarantine_v0,module_assert_entrypoint_selftest_quarantine_v0;top_level_demo_print_quarantine_v0,True,True,True,True,True
bc937ce9500733990b738b42bd0316b155deae718a0a75cecaf0e599d9c1ea13,4B_all_module_level_assert_cells,Mbpp/777,True,True,True,artifacts/public_benchmark_governance/h2_module_assert_quarantine_functional_evaluation_v1/paired_cell_ledger.jsonl,not_established,9fefdf62574bb047a2c0b937764ea6a823c68d7a1583d18d5655a4a3ae42ca7f,9fefdf62574bb047a2c0b937764ea6a823c68d7a1583d18d5655a4a3ae42ca7f,6eca004f5e8c9da9e3ffe489c18b326ee6d698f5b0016d4d37dd6a65a1a25245,6eca004f5e8c9da9e3ffe489c18b326ee6d698f5b0016d4d37dd6a65a1a25245,708ed5a4f9d3574b4461283519cc86ffb0a5547cb1c356cc188b2c53db9afb6c,17,18,data/mbpp_plus/tasks.jsonl#Mbpp/777,True,module_assert_entrypoint_selftest_quarantine_v0,module_assert_entrypoint_selftest_quarantine_v0;top_level_demo_print_quarantine_v0,True,True,True,True,True
286c18763de3c651b56c88b1166d1148900c24e2bc25504b9fa1553cb2fa5a07,4B_all_module_level_assert_cells,Mbpp/420,True,True,True,artifacts/public_benchmark_governance/h2_module_assert_quarantine_functional_evaluation_v1/paired_cell_ledger.jsonl,not_established,8f27b6f7a4e35bdf3360a4ce262669420483599c95ccdf4437c68ebbd8c9f907,8f27b6f7a4e35bdf3360a4ce262669420483599c95ccdf4437c68ebbd8c9f907,ff67e3641e2734762c034c7004000fe3c756f913b7920b8ae91af1dbe0af51cf,ff67e3641e2734762c034c7004000fe3c756f913b7920b8ae91af1dbe0af51cf,0cf909797aaf8fd3bd8aaa66094524a523f69d48ddc4eb4562b8e635179be2ba,23,23,data/mbpp_plus/tasks.jsonl#Mbpp/420,True,module_assert_entrypoint_selftest_quarantine_v0,module_assert_entrypoint_selftest_quarantine_v0;top_level_demo_print_quarantine_v0,True,True,True,True,True
777b1c9fbcdd6f0c8290a1586c9792946e7dfd12b6ebb59f5c18933fe08e56ab,4B_all_module_level_assert_cells,Mbpp/279,True,True,True,artifacts/public_benchmark_governance/h2_module_assert_quarantine_functional_evaluation_v1/paired_cell_ledger.jsonl,not_established,18b432795f814dd66fe5a3aa75e869fab075a8a6e85c78c6b5a21697dd606158,18b432795f814dd66fe5a3aa75e869fab075a8a6e85c78c6b5a21697dd606158,56b91297495144faec276a14df0521e304ce7f2a1977a29c14c2ebed5a01313a,56b91297495144faec276a14df0521e304ce7f2a1977a29c14c2ebed5a01313a,342b5e9813e599a539491a11b9bec80da901f7f39b91c9aa5ca3cce9f3d44814,20,21,data/mbpp_plus/tasks.jsonl#Mbpp/279,True,module_assert_entrypoint_selftest_quarantine_v0,module_assert_entrypoint_selftest_quarantine_v0;top_level_demo_print_quarantine_v0,True,True,True,True,True
49fbbe8f8a8ca4e49bd79707da38c3cf1246450da8809ec8d4f7ce38f3977253,9B_formal_Conditional23,Mbpp/138,True,True,False,artifacts/public_benchmark_governance/h2_module_assert_quarantine_functional_evaluation_v1/paired_cell_ledger.jsonl,not_established,5ac277bdc6b75e21aa18043943c5f72d3c2ebdb67c21a4b75b6f5a1d405433fc,5ac277bdc6b75e21aa18043943c5f72d3c2ebdb67c21a4b75b6f5a1d405433fc,5be4709ed25b56cb3dbb67c4c2e68b26e95795810ee6d7514e4a5e6e32e59e06,5be4709ed25b56cb3dbb67c4c2e68b26e95795810ee6d7514e4a5e6e32e59e06,1dc4c30c4109210f4f3904480f278be3cb4078d6d7d241a21d6ea60f7c5c21fc,5,5,data/mbpp_plus/tasks.jsonl#Mbpp/138,True,module_assert_entrypoint_selftest_quarantine_v0,module_assert_entrypoint_selftest_quarantine_v0;top_level_demo_print_quarantine_v0,True,True,True,True,True
c870f2b3dfe1174cbb3f3b21b47c960f5d5832f042644564e11c914ed6090a1a,4B_complete_development200,Mbpp/769,True,True,False,artifacts/public_benchmark_governance/candidate_b_4b_failure_supply_pilot_analysis_v1/manual_h0_evalplus_run_001/h0_evalplus_results.csv,not_established,cbad2090599c028a424d73ab2d0dce0a42b4fc76accb4b41badd1623bffd608e,cbad2090599c028a424d73ab2d0dce0a42b4fc76accb4b41badd1623bffd608e,436ceffc74cc8b78d47a0f92ac010e58ec77a008eda9c8e227469fd0a122bd2b,436ceffc74cc8b78d47a0f92ac010e58ec77a008eda9c8e227469fd0a122bd2b,a780a3aa77c79d3af7326b19bdcb1a5b9de4dc089e582c10b61168913c48f8ea,41,41,data/mbpp_plus/tasks.jsonl#Mbpp/769,True,module_assert_entrypoint_selftest_quarantine_v0,module_assert_entrypoint_selftest_quarantine_v0;top_level_demo_print_quarantine_v0,True,True,True,True,True
f3296791cd4bd8b0b1a4360be891b09590e8ff870fa64354b3f93f0815566005,4B_complete_development200,Mbpp/259,True,True,False,artifacts/public_benchmark_governance/candidate_b_4b_failure_supply_pilot_analysis_v1/manual_h0_evalplus_run_001/h0_evalplus_results.csv,not_established,7683c702d6d4ac4776056ffe99a77d7d6e9855afa9bb311fba7ccba4b4d108bb,7683c702d6d4ac4776056ffe99a77d7d6e9855afa9bb311fba7ccba4b4d108bb,cc2e8f08a35cc3bb533a2b4fce4a424c991f86f6760010411a485e4e2c490c2a,cc2e8f08a35cc3bb533a2b4fce4a424c991f86f6760010411a485e4e2c490c2a,344be600014e1774b6b2630b4705026bd7c6bc191bd3c7d10037014bcb2335f3,20,21,data/mbpp_plus/tasks.jsonl#Mbpp/259,True,module_assert_entrypoint_selftest_quarantine_v0,module_assert_entrypoint_selftest_quarantine_v0;top_level_demo_print_quarantine_v0,True,True,True,True,True
76357ae036c0668bbe544e454476098691136697f85755dc649c4287c43976f1,4B_complete_development200,Mbpp/435,True,True,True,artifacts/public_benchmark_governance/candidate_b_4b_failure_supply_pilot_analysis_v1/manual_h0_evalplus_run_001/h0_evalplus_results.csv,not_established,cc69cd87f85828ee754c39983e9675cdcbcd1015b981fef2cf78f702f1bc92ca,cc69cd87f85828ee754c39983e9675cdcbcd1015b981fef2cf78f702f1bc92ca,d3a2bd5cea7560c6503d092bb3d5330a769400f9b7ef8a2cedb3e090bf009e23,d3a2bd5cea7560c6503d092bb3d5330a769400f9b7ef8a2cedb3e090bf009e23,256ffcc7225eac5648f5aeba8ceeb35d0f559fa65bee08e1b6262204ecfbbcfb,8,8,data/mbpp_plus/tasks.jsonl#Mbpp/435,True,module_assert_entrypoint_selftest_quarantine_v0,module_assert_entrypoint_selftest_quarantine_v0;top_level_demo_print_quarantine_v0,True,True,True,True,True
8697118ea1b8a4fc01c3e05ca39d341bb7e1a3a4b6cafa6c161d900fb60ff800,4B_complete_development200,Mbpp/732,True,True,True,artifacts/public_benchmark_governance/candidate_b_4b_failure_supply_pilot_analysis_v1/manual_h0_evalplus_run_001/h0_evalplus_results.csv,not_established,c45c3a7be6c98d838956ce34cd2c6e96af30ebf947e7c7c75d8605b119f94b00,c45c3a7be6c98d838956ce34cd2c6e96af30ebf947e7c7c75d8605b119f94b00,53533e184d91fa7ece23681c6e3f73af7788640d670219410fee4085ea3197c2,53533e184d91fa7ece23681c6e3f73af7788640d670219410fee4085ea3197c2,f5d2c54271ee7076547e945e7b8dfb9096a3f9229649700d2ed04145fde7cc0d,18,18,data/mbpp_plus/tasks.jsonl#Mbpp/732,True,module_assert_entrypoint_selftest_quarantine_v0,module_assert_entrypoint_selftest_quarantine_v0;top_level_demo_print_quarantine_v0,True,True,True,True,True
ce124131ae5b20aa5a7797a3503ecc13829ac0ce17a95f83075cd44f6cd015dd,4B_complete_development200,Mbpp/732,True,True,True,artifacts/public_benchmark_governance/candidate_b_4b_failure_supply_pilot_analysis_v1/manual_h0_evalplus_run_001/h0_evalplus_results.csv,not_established,aff91745a03ada00edc44e3c7aa4862d55067e2d26237b805f5e725181185c45,aff91745a03ada00edc44e3c7aa4862d55067e2d26237b805f5e725181185c45,97359e65c019dcc9f433e216d4f73d77e789c6a9654ebf169401988ac1a0bf7c,97359e65c019dcc9f433e216d4f73d77e789c6a9654ebf169401988ac1a0bf7c,c4d7368711f828a5a91f555943fecd698ef33a7bc40e3ed4b460e3c1a291c66d,18,18,data/mbpp_plus/tasks.jsonl#Mbpp/732,True,module_assert_entrypoint_selftest_quarantine_v0,module_assert_entrypoint_selftest_quarantine_v0;top_level_demo_print_quarantine_v0,True,True,True,True,True
83c1140f9dd087d08155a4c477c3e76ae55e2b0d7ecaf644fe6477755151c052,4B_complete_development200,Mbpp/732,True,True,True,artifacts/public_benchmark_governance/candidate_b_4b_failure_supply_pilot_analysis_v1/manual_h0_evalplus_run_001/h0_evalplus_results.csv,not_established,fd81c412c4c855728e338eaaa0740d0ffc3db16650f26674c3338b910e74f6a8,fd81c412c4c855728e338eaaa0740d0ffc3db16650f26674c3338b910e74f6a8,b8a4a5217d184267a10a9e908b03151d8e899a233104999ba5085b32f07615c2,b8a4a5217d184267a10a9e908b03151d8e899a233104999ba5085b32f07615c2,329e6b000037143cdfe3c74eb1588f0e63f448e6261f30ff2ce2880a7b38f610,18,18,data/mbpp_plus/tasks.jsonl#Mbpp/732,True,module_assert_entrypoint_selftest_quarantine_v0,module_assert_entrypoint_selftest_quarantine_v0;top_level_demo_print_quarantine_v0,True,True,True,True,True
ca6b0836129c4778d1403436451c6c1194eb47a3f836a144db97e77630564cea,4B_complete_development200,Mbpp/732,True,True,True,artifacts/public_benchmark_governance/candidate_b_4b_failure_supply_pilot_analysis_v1/manual_h0_evalplus_run_001/h0_evalplus_results.csv,not_established,74731cc78f0d70c7b737338cc2bcfeb5e711308e80152a111795423bfe662cc9,74731cc78f0d70c7b737338cc2bcfeb5e711308e80152a111795423bfe662cc9,e2c4487e3bf385e167a9749e5ff2bba0cd20af750721387870c680450a204cbf,e2c4487e3bf385e167a9749e5ff2bba0cd20af750721387870c680450a204cbf,6a1728738f17cbc358781d1b12b1dced733db9cd47c9d6f8a7d174bc4493689a,21,21,data/mbpp_plus/tasks.jsonl#Mbpp/732,True,module_assert_entrypoint_selftest_quarantine_v0,module_assert_entrypoint_selftest_quarantine_v0;top_level_demo_print_quarantine_v0,True,True,True,True,True
a938af5029a4f44af8282ad4b376d4aaeb12bf5f99429e3e164fdec4bf634079,4B_complete_development200,Mbpp/777,True,True,True,artifacts/public_benchmark_governance/candidate_b_4b_failure_supply_pilot_analysis_v1/manual_h0_evalplus_run_001/h0_evalplus_results.csv,not_established,2b1a0b4602920062aa343d7bb91534184b0a631db041764b30e749dc00dc6fdb,2b1a0b4602920062aa343d7bb91534184b0a631db041764b30e749dc00dc6fdb,e62adc8c072733e0d18cb38af586ee0ec4cf41419d16edb5212f94b23844953e,e62adc8c072733e0d18cb38af586ee0ec4cf41419d16edb5212f94b23844953e,8b5bcb04f19ee16329fa5e928de25fd48bd41db721315cdc81914cc6f5f09508,15,16,data/mbpp_plus/tasks.jsonl#Mbpp/777,True,module_assert_entrypoint_selftest_quarantine_v0,module_assert_entrypoint_selftest_quarantine_v0;top_level_demo_print_quarantine_v0,True,True,True,True,True
e581adf8034f6502d43c86731bc4500240fd961d1b575c1f28ee39fd92defcd9,4B_complete_development200,Mbpp/777,True,True,True,artifacts/public_benchmark_governance/candidate_b_4b_failure_supply_pilot_analysis_v1/manual_h0_evalplus_run_001/h0_evalplus_results.csv,not_established,57d955bdcda70a51437ff4ed8a791ec0f5b49247f7707089014500c7b161fbc2,57d955bdcda70a51437ff4ed8a791ec0f5b49247f7707089014500c7b161fbc2,18df6a2149239946b69b4e7ce8c1ee52f81398db59d5b5afc70b2f7a89985daa,18df6a2149239946b69b4e7ce8c1ee52f81398db59d5b5afc70b2f7a89985daa,347b96a60cda1a89c8d5aa57658ce65e0a25d9bb5809784c5d126e090e9a9f83,15,16,data/mbpp_plus/tasks.jsonl#Mbpp/777,True,module_assert_entrypoint_selftest_quarantine_v0,module_assert_entrypoint_selftest_quarantine_v0;top_level_demo_print_quarantine_v0,True,True,True,True,True
bc937ce9500733990b738b42bd0316b155deae718a0a75cecaf0e599d9c1ea13,4B_complete_development200,Mbpp/777,True,True,True,artifacts/public_benchmark_governance/candidate_b_4b_failure_supply_pilot_analysis_v1/manual_h0_evalplus_run_001/h0_evalplus_results.csv,not_established,9fefdf62574bb047a2c0b937764ea6a823c68d7a1583d18d5655a4a3ae42ca7f,9fefdf62574bb047a2c0b937764ea6a823c68d7a1583d18d5655a4a3ae42ca7f,6eca004f5e8c9da9e3ffe489c18b326ee6d698f5b0016d4d37dd6a65a1a25245,6eca004f5e8c9da9e3ffe489c18b326ee6d698f5b0016d4d37dd6a65a1a25245,708ed5a4f9d3574b4461283519cc86ffb0a5547cb1c356cc188b2c53db9afb6c,17,18,data/mbpp_plus/tasks.jsonl#Mbpp/777,True,module_assert_entrypoint_selftest_quarantine_v0,module_assert_entrypoint_selftest_quarantine_v0;top_level_demo_print_quarantine_v0,True,True,True,True,True
286c18763de3c651b56c88b1166d1148900c24e2bc25504b9fa1553cb2fa5a07,4B_complete_development200,Mbpp/420,True,True,True,artifacts/public_benchmark_governance/candidate_b_4b_failure_supply_pilot_analysis_v1/manual_h0_evalplus_run_001/h0_evalplus_results.csv,not_established,8f27b6f7a4e35bdf3360a4ce262669420483599c95ccdf4437c68ebbd8c9f907,8f27b6f7a4e35bdf3360a4ce262669420483599c95ccdf4437c68ebbd8c9f907,ff67e3641e2734762c034c7004000fe3c756f913b7920b8ae91af1dbe0af51cf,ff67e3641e2734762c034c7004000fe3c756f913b7920b8ae91af1dbe0af51cf,0cf909797aaf8fd3bd8aaa66094524a523f69d48ddc4eb4562b8e635179be2ba,23,23,data/mbpp_plus/tasks.jsonl#Mbpp/420,True,module_assert_entrypoint_selftest_quarantine_v0,module_assert_entrypoint_selftest_quarantine_v0;top_level_demo_print_quarantine_v0,True,True,True,True,True
777b1c9fbcdd6f0c8290a1586c9792946e7dfd12b6ebb59f5c18933fe08e56ab,4B_complete_development200,Mbpp/279,True,True,True,artifacts/public_benchmark_governance/candidate_b_4b_failure_supply_pilot_analysis_v1/manual_h0_evalplus_run_001/h0_evalplus_results.csv,not_established,18b432795f814dd66fe5a3aa75e869fab075a8a6e85c78c6b5a21697dd606158,18b432795f814dd66fe5a3aa75e869fab075a8a6e85c78c6b5a21697dd606158,56b91297495144faec276a14df0521e304ce7f2a1977a29c14c2ebed5a01313a,56b91297495144faec276a14df0521e304ce7f2a1977a29c14c2ebed5a01313a,342b5e9813e599a539491a11b9bec80da901f7f39b91c9aa5ca3cce9f3d44814,20,21,data/mbpp_plus/tasks.jsonl#Mbpp/279,True,module_assert_entrypoint_selftest_quarantine_v0,module_assert_entrypoint_selftest_quarantine_v0;top_level_demo_print_quarantine_v0,True,True,True,True,True
3e17fc940898034dd955cb98d700b1abf45528d5f614a3b3199723dac66961b7,9B_complete_development300,Mbpp/435,True,True,True,artifacts/public_benchmark_governance/candidate_b_r003_h0_h1_evalplus_v1/manual_evalplus_run_001/evalplus_results.csv,not_established,38e6414e229c3c611e4bba7ed14027838985c8f44588d2ad63dd50fda3612bba,38e6414e229c3c611e4bba7ed14027838985c8f44588d2ad63dd50fda3612bba,870c6bd273c9e08cfc1af0f8a240ef046dc7029018e1805706e6aaf5760419e6,870c6bd273c9e08cfc1af0f8a240ef046dc7029018e1805706e6aaf5760419e6,6693d5f5cecfcb69e0f7b2a1cef670fbefa312bddbc307e0d6a527e1a81e995b,5,5,data/mbpp_plus/tasks.jsonl#Mbpp/435,True,module_assert_entrypoint_selftest_quarantine_v0,module_assert_entrypoint_selftest_quarantine_v0;top_level_demo_print_quarantine_v0,True,True,True,True,True
01b6bac38cef8f198113a5cd475e8be41beccd60d7c559172443b76df714e34c,9B_complete_development300,Mbpp/138,True,True,False,artifacts/public_benchmark_governance/candidate_b_r003_h0_h1_evalplus_v1/manual_evalplus_run_001/evalplus_results.csv,not_established,5ac277bdc6b75e21aa18043943c5f72d3c2ebdb67c21a4b75b6f5a1d405433fc,5ac277bdc6b75e21aa18043943c5f72d3c2ebdb67c21a4b75b6f5a1d405433fc,5be4709ed25b56cb3dbb67c4c2e68b26e95795810ee6d7514e4a5e6e32e59e06,5be4709ed25b56cb3dbb67c4c2e68b26e95795810ee6d7514e4a5e6e32e59e06,1dc4c30c4109210f4f3904480f278be3cb4078d6d7d241a21d6ea60f7c5c21fc,5,5,data/mbpp_plus/tasks.jsonl#Mbpp/138,True,module_assert_entrypoint_selftest_quarantine_v0,module_assert_entrypoint_selftest_quarantine_v0;top_level_demo_print_quarantine_v0,True,True,True,True,True
1ed09edb92c4da77d9ccb4eac0e420c2cbd4319a9d8a55e3340ea9f1a20544d8,9B_complete_development300,Mbpp/787,True,True,False,artifacts/public_benchmark_governance/candidate_b_r003_h0_h1_evalplus_v1/manual_evalplus_run_001/evalplus_results.csv,not_established,93e763a6916038e0e019b7d602e32aa1daccaa75365b3a053b1dc89ad7425b1b,93e763a6916038e0e019b7d602e32aa1daccaa75365b3a053b1dc89ad7425b1b,772602ae7f8b29cc07c210ed7bfc0b2890b4bcc5b48d29d94b106e204e64d9fe,772602ae7f8b29cc07c210ed7bfc0b2890b4bcc5b48d29d94b106e204e64d9fe,f07378c8be4728367efda35a7f6e42572570932013694f5e49b491ed074b8921,7,7,data/mbpp_plus/tasks.jsonl#Mbpp/787,True,module_assert_entrypoint_selftest_quarantine_v0,module_assert_entrypoint_selftest_quarantine_v0;top_level_demo_print_quarantine_v0,True,True,True,True,True
b02f9d4e10fbf1ae5b6d5d4d0c35d3df7c8f2f660930e67e25934bed0f435ee0,9B_complete_development300,Mbpp/787,True,True,True,artifacts/public_benchmark_governance/candidate_b_r003_h0_h1_evalplus_v1/manual_evalplus_run_001/evalplus_results.csv,not_established,fa1aecfd4a512d7a9fdea7d7db33753e37151e7bc63e8b01841f7a0c1dffb327,fa1aecfd4a512d7a9fdea7d7db33753e37151e7bc63e8b01841f7a0c1dffb327,756d7e0ae7022a290887032a044b7d7ad6c2cec629869f3e7aba8b8b55d368eb,756d7e0ae7022a290887032a044b7d7ad6c2cec629869f3e7aba8b8b55d368eb,1d428e1e7137b452281762aeed1df7635f2ad86b80c353cf77c3563eb4d1eb2d,8,8,data/mbpp_plus/tasks.jsonl#Mbpp/787,True,module_assert_entrypoint_selftest_quarantine_v0,module_assert_entrypoint_selftest_quarantine_v0;top_level_demo_print_quarantine_v0,True,True,True,True,True
6fd71b5c7a9a5e448d850504f6d4d05808b5cfdac361085c02c50adf0124c45d,9B_complete_development300,Mbpp/406,True,True,True,artifacts/public_benchmark_governance/candidate_b_r003_h0_h1_evalplus_v1/manual_evalplus_run_001/evalplus_results.csv,not_established,ed1fdf9a804c29430335dfbc8584a3f3a1ee73ceb063c56ef9523bd02baf74e9,ed1fdf9a804c29430335dfbc8584a3f3a1ee73ceb063c56ef9523bd02baf74e9,d491cda4f8028a43d7764630ac840865bd0354fab0296f470b6c8b220f08cb54,d491cda4f8028a43d7764630ac840865bd0354fab0296f470b6c8b220f08cb54,650fd7056ec28938f732c78c0c8f35e121d066c741a6f0b0d195e929d333aecb,5,5,data/mbpp_plus/tasks.jsonl#Mbpp/406,True,module_assert_entrypoint_selftest_quarantine_v0,module_assert_entrypoint_selftest_quarantine_v0;top_level_demo_print_quarantine_v0,True,True,True,True,True
9773f629dc4cb0e1128ca367513fcfa0d6a9077cdc2c784478e4994319ee9620,9B_complete_development300,Mbpp/406,True,True,True,artifacts/public_benchmark_governance/candidate_b_r003_h0_h1_evalplus_v1/manual_evalplus_run_001/evalplus_results.csv,not_established,ed1fdf9a804c29430335dfbc8584a3f3a1ee73ceb063c56ef9523bd02baf74e9,ed1fdf9a804c29430335dfbc8584a3f3a1ee73ceb063c56ef9523bd02baf74e9,d491cda4f8028a43d7764630ac840865bd0354fab0296f470b6c8b220f08cb54,d491cda4f8028a43d7764630ac840865bd0354fab0296f470b6c8b220f08cb54,650fd7056ec28938f732c78c0c8f35e121d066c741a6f0b0d195e929d333aecb,5,5,data/mbpp_plus/tasks.jsonl#Mbpp/406,True,module_assert_entrypoint_selftest_quarantine_v0,module_assert_entrypoint_selftest_quarantine_v0;top_level_demo_print_quarantine_v0,True,True,True,True,True
df475f5815ceb40f12f7c7781c32a3dec640b1cd3180b7ec9837181c8a8c0fee,9B_complete_development300,Mbpp/406,True,True,True,artifacts/public_benchmark_governance/candidate_b_r003_h0_h1_evalplus_v1/manual_evalplus_run_001/evalplus_results.csv,not_established,ed1fdf9a804c29430335dfbc8584a3f3a1ee73ceb063c56ef9523bd02baf74e9,ed1fdf9a804c29430335dfbc8584a3f3a1ee73ceb063c56ef9523bd02baf74e9,d491cda4f8028a43d7764630ac840865bd0354fab0296f470b6c8b220f08cb54,d491cda4f8028a43d7764630ac840865bd0354fab0296f470b6c8b220f08cb54,650fd7056ec28938f732c78c0c8f35e121d066c741a6f0b0d195e929d333aecb,5,5,data/mbpp_plus/tasks.jsonl#Mbpp/406,True,module_assert_entrypoint_selftest_quarantine_v0,module_assert_entrypoint_selftest_quarantine_v0;top_level_demo_print_quarantine_v0,True,True,True,True,True
c0109939a9a7fb7c2d4ebe1ba7d898b4faef5f16f8208011451446682c1095fd,9B_complete_development300,Mbpp/406,True,True,True,artifacts/public_benchmark_governance/candidate_b_r003_h0_h1_evalplus_v1/manual_evalplus_run_001/evalplus_results.csv,not_established,ed1fdf9a804c29430335dfbc8584a3f3a1ee73ceb063c56ef9523bd02baf74e9,ed1fdf9a804c29430335dfbc8584a3f3a1ee73ceb063c56ef9523bd02baf74e9,d491cda4f8028a43d7764630ac840865bd0354fab0296f470b6c8b220f08cb54,d491cda4f8028a43d7764630ac840865bd0354fab0296f470b6c8b220f08cb54,650fd7056ec28938f732c78c0c8f35e121d066c741a6f0b0d195e929d333aecb,5,5,data/mbpp_plus/tasks.jsonl#Mbpp/406,True,module_assert_entrypoint_selftest_quarantine_v0,module_assert_entrypoint_selftest_quarantine_v0;top_level_demo_print_quarantine_v0,True,True,True,True,True
39f168298a3099b289e79861508fef3e2352fb69aea562a95b9b1dec809f2077,9B_complete_development300,Mbpp/406,True,True,True,artifacts/public_benchmark_governance/candidate_b_r003_h0_h1_evalplus_v1/manual_evalplus_run_001/evalplus_results.csv,not_established,ed1fdf9a804c29430335dfbc8584a3f3a1ee73ceb063c56ef9523bd02baf74e9,ed1fdf9a804c29430335dfbc8584a3f3a1ee73ceb063c56ef9523bd02baf74e9,d491cda4f8028a43d7764630ac840865bd0354fab0296f470b6c8b220f08cb54,d491cda4f8028a43d7764630ac840865bd0354fab0296f470b6c8b220f08cb54,650fd7056ec28938f732c78c0c8f35e121d066c741a6f0b0d195e929d333aecb,5,5,data/mbpp_plus/tasks.jsonl#Mbpp/406,True,module_assert_entrypoint_selftest_quarantine_v0,module_assert_entrypoint_selftest_quarantine_v0;top_level_demo_print_quarantine_v0,True,True,True,True,True
